appName,packageName,os,company,category,genres,appId,appStoreUrl
____ Cards,com.brandonabbott.blackcards,ios,Super Massive Ventures Inc.,Games,Games | Word | Entertainment | Card,689ed7e2507e92fe6f3deed6,https://apps.apple.com/us/app/cards/id788887465?uo=4
[adult swim],com.turner.asvideo,ios,[adult swim],Entertainment,Entertainment,689ed05e507e92fe6f3dde63,https://apps.apple.com/us/app/adult-swim/id417871100?uo=4
⋆ Spider Solitaire Card Game ⋆,net.playtouch.spidersolitaire,ios,PLAYTOUCH,Games,Games | Card | Lifestyle | Casino,689ed3ba507e92fe6f3de5b0,https://apps.apple.com/us/app/spider-solitaire-card-game/id1433892320?uo=4
1 Second Everyday: Video Diary,CesarKuriyama.OneSecondEveryday,ios,"1 Second Everyday, P.B.C.",Photo & Video,Photo & Video | Lifestyle,689ed375507e92fe6f3de503,https://apps.apple.com/us/app/1-second-everyday-video-diary/id587823548?uo=4
100 PICS Quiz - Picture Trivia,com.100-pics.100-pics,ios,Poptacular Ltd,Games,Games | Entertainment | Trivia | Puzzle,68a6217d58c742477c128324,https://apps.apple.com/us/app/100-pics-quiz-picture-trivia/id652945710?uo=4
10000+ Wallpapers & Themes,com.freewallpapers.10000supperwalltheme,ios,vishal babariya,Graphics & Design,Graphics & Design | Entertainment,689ee006507e92fe6f3dfff4,https://apps.apple.com/us/app/10000-wallpapers-themes/id1201590846?uo=4
101 Last Minute Study Tips EMT,com.limmercreative.srtengine.101lastminute.emt,ios,Limmer Creative,Medical,Medical | Education,689ed399507e92fe6f3de564,https://apps.apple.com/us/app/101-last-minute-study-tips-emt/id567719013?uo=4
"10TV WBNS Columbus, Ohio",tegna.wbns.news,ios,Tegna Inc.,News,News | Weather,689ed84e507e92fe6f3defd6,https://apps.apple.com/us/app/10tv-wbns-columbus-ohio/id1500283731?uo=4
12 News KPNX Arizona,com.gannett.news.local.KPNXNews,ios,Tegna Inc.,News,News | Weather,689ed781507e92fe6f3dee0c,https://apps.apple.com/us/app/12-news-kpnx-arizona/id953992180?uo=4
13WMAZ: Central Georgia News,com.gannett.news.local.WMAZNews,ios,Tegna Inc.,News,News | Weather,689edcbe507e92fe6f3df952,https://apps.apple.com/us/app/13wmaz-central-georgia-news/id467460140?uo=4
17TRACK Package Tracker,net.yqtrack.app,ios,"Demon Network Tech Co., Ltd.",Utilities,Utilities | Productivity,689ed230507e92fe6f3de22f,https://apps.apple.com/us/app/17track-package-tracker/id1004956012?uo=4
18Birdies: Golf GPS Tracker,com.osmgolf.18Birdies,ios,18Birdies LLC,Sports,Sports | Health & Fitness,689ed658507e92fe6f3deb7e,https://apps.apple.com/us/app/18birdies-golf-gps-tracker/id892700751?uo=4
1941 AirAttack: Airplane Game,com.onegame.airattack.planegames,ios,Onegame Global Limited,Games,Games | Action | Entertainment | Casual,689ed488507e92fe6f3de76a,https://apps.apple.com/us/app/1941-airattack-airplane-game/id6736933580?uo=4
2000 AD Featuring Judge Dredd,com.rebellion.2000adkiosk,ios,Rebellion 2000 AD,Book,Books,689ede3e507e92fe6f3dfc4d,https://apps.apple.com/us/app/2000-ad-featuring-judge-dredd/id993151052?uo=4
2025 AHR Expo,com.mapyourshow.AHR17MobileApp,ios,Map Your Show,Business,Business,689ed689507e92fe6f3debcc,https://apps.apple.com/us/app/2025-ahr-expo/id1176985965?uo=4
21 Buttons: Fashion Network,com.21buttons.app,ios,"21 BUTTONS APP, S. L.",Social Networking,Social Networking | Shopping,689ed294507e92fe6f3de31d,https://apps.apple.com/us/app/21-buttons-fashion-network/id1071402389?uo=4
2248,com.vector.game.puzzle.2248,ios,BIGDOG GAMES,Games,Games | Word | Education | Puzzle,689ed303507e92fe6f3de405,https://apps.apple.com/us/app/2248/id1289907271?uo=4
2B Egypt,com.ios.2BEgypt,ios,TWO B FOR INFORMATION TECHNOLOGY SAE,Shopping,Shopping | Business,689ed806507e92fe6f3def29,https://apps.apple.com/us/app/2b-egypt/id1486844812?uo=4
2XL Supercross Lite,com.twoxlgames.iphone.supercrosslite,ios,"2XL Games, Inc.",Games,Games | Racing | Sports | Entertainment,689ed06f507e92fe6f3dde8d,https://apps.apple.com/us/app/2xl-supercross-lite/id317389691?uo=4
30 Day Bible,com.meevii.biblestudy,ios,Ozion,Reference,Reference | Utilities,689ed84b507e92fe6f3defc6,https://apps.apple.com/us/app/30-day-bible/id1255066618?uo=4
30 Day Fitness at Home,com.abishkking.30dayfitness,ios,Leap Health,Health & Fitness,Health & Fitness | Sports,689edc32507e92fe6f3df829,https://apps.apple.com/us/app/30-day-fitness-at-home/id1167377348?uo=4
3340 Weather,com.tvalabama.-340-Weather,ios,"Sinclair Broadcast Group, Inc",Weather,Weather | News,68a620a358c742477c128182,https://apps.apple.com/us/app/3340-weather/id419168262?uo=4
4 Pics 1 Word,de.lotum.4pics1worden,ios,LOTUM GmbH,Games,Games | Photo & Video | Word | Trivia,689ed141507e92fe6f3de061,https://apps.apple.com/us/app/4-pics-1-word/id595558452?uo=4
4D King Live 4D Results,com.live4dresult,ios,Nick Goh,Lifestyle,Lifestyle | Entertainment,689ed25e507e92fe6f3de28c,https://apps.apple.com/us/app/4d-king-live-4d-results/id807327547?uo=4
511 Arizona,com.ibigroup.mobile.release.511az,ios,Arizona Dept of Transportation,Travel,Travel | Navigation,689ed2e7507e92fe6f3de3d9,https://apps.apple.com/us/app/511-arizona/id1446481858?uo=4
5miles: Buy and Sell Locally,com.thirdrock.Pinnacle,ios,The Third Stone Holdings Limited,Shopping,Shopping | Lifestyle,689ed7a3507e92fe6f3dee56,https://apps.apple.com/us/app/5miles-buy-and-sell-locally/id917554930?uo=4
5NEWS Northwest Arkansas,tegna.kfsm.news,ios,Tegna Inc.,News,News | Weather,689ed07c507e92fe6f3dde9c,https://apps.apple.com/us/app/5news-northwest-arkansas/id1491059864?uo=4
7 Minute Workout:Home Exercise,com.oneothergame.7min-workout,ios,Fast Builder Limited,Health & Fitness,Health & Fitness | Lifestyle,68a6226a58c742477c1283c6,https://apps.apple.com/us/app/7-minute-workout-home-exercise/id806995720?uo=4
7-Eleven Multicopy,com.fujifilm.fb.multicopy,ios,FUJIFILM Business Innovation Corp.,Utilities,Utilities | Photo & Video,689ed1d7507e92fe6f3de16c,https://apps.apple.com/us/app/7-eleven-multicopy/id1562641276?uo=4
7909 Certification,com.procerts.tes7909certification,ios,Pro Certs Software Ltd,Productivity,Productivity | Utilities,689edb75507e92fe6f3df688,https://apps.apple.com/us/app/7909-certification/id1544521777?uo=4
93.9 Mike FM,com.maxmediava.id2934,ios,"Max Media, LLC",Entertainment,Entertainment | Music,689ede3f507e92fe6f3dfc51,https://apps.apple.com/us/app/93-9-mike-fm/id956739799?uo=4
97.1 The Fan,com.971thefan.jacApps,ios,WBNS,Music,Music | Entertainment,689ede62507e92fe6f3dfca2,https://apps.apple.com/us/app/97-1-the-fan/id915052455?uo=4
A Design Kit: Collage Maker,com.acolorstory.adesignkit,ios,A Color Story LLC,Graphics & Design,Graphics & Design | Photo & Video,689ede62507e92fe6f3dfca0,https://apps.apple.com/us/app/a-design-kit-collage-maker/id1292829069?uo=4
AAC Cboard APP,com.cboardorg.cboard,ios,martin bedouret,Health & Fitness,Health & Fitness | Education,689ed174507e92fe6f3de0db,https://apps.apple.com/us/app/aac-cboard-app/id6453683048?uo=4
AARP Now,org.aarp.AARPNewsApp,ios,AARP,Lifestyle,Lifestyle | News,689ed166507e92fe6f3de0c3,https://apps.apple.com/us/app/aarp-now/id394286729?uo=4
abaqoo,com.abaqoo.browser,ios,abaqoo AG,Navigation,Navigation | Utilities,689eda19507e92fe6f3df3bb,https://apps.apple.com/us/app/abaqoo/id6443866166?uo=4
ABC 7 Amarillo,com.barringtontv.ios.KVII,ios,"Sinclair Broadcast Group, Inc",News,News | Weather,689ed9d7507e92fe6f3df33c,https://apps.apple.com/us/app/abc-7-amarillo/id524204826?uo=4
ABC Animal Games for Toddlers,com.curiousfingers.feedtheanimals.lite,ios,"Kiddopia, Inc.",Education,Education | Role Playing | Games | Family,689ed92c507e92fe6f3df1bf,https://apps.apple.com/us/app/abc-animal-games-for-toddlers/id500099457?uo=4
ABC Animals Phonics Coloring,com.kanapot.ABCAnimalsColoringWithPhonics,ios,sathaporn khwannakorn,Games,Games | Word | Education | Family,689edf7b507e92fe6f3dff12,https://apps.apple.com/us/app/abc-animals-phonics-coloring/id1125694812?uo=4
ABC Games for Kids-EduKittyABC,com.cubicfrog.edukittyabcfree,ios,Cubic Frog Apps,Games,Games | Education | Family | Puzzle,689ed0bf507e92fe6f3ddf40,https://apps.apple.com/us/app/abc-games-for-kids-edukittyabc/id665778588?uo=4
ABC-7 KVIA Weather & Traffic,com.kvia.ABC7-StormTRACK,ios,News-Press & Gazette Company,Weather,Weather | News,68a621be58c742477c1283aa,https://apps.apple.com/us/app/abc-7-kvia-weather-traffic/id1084046313?uo=4
ABC11 North Carolina,com.go.abclocal.wtvdapp,ios,Disney,News,News | Weather,689ed230507e92fe6f3de231,https://apps.apple.com/us/app/abc11-north-carolina/id408441304?uo=4
ABC13 Houston News & Weather,com.go.abclocal.ktrkapp,ios,Disney,News,News | Weather,689ed348507e92fe6f3de4b0,https://apps.apple.com/us/app/abc13-houston-news-weather/id407345290?uo=4
ABC13 Weather,com.sinclair.wset.ABC13WX,ios,"Sinclair Broadcast Group, Inc",Weather,Weather | News,689edee5507e92fe6f3dfdb6,https://apps.apple.com/us/app/abc13-weather/id1401397785?uo=4
abc27 Weather,com.whtm.abc27-Weather,ios,LIN Television Corporation,Weather,Weather | News,68a6211258c742477c12825c,https://apps.apple.com/us/app/abc27-weather/id563884232?uo=4
ABC7 Los Angeles,com.go.abclocal.kabcapp,ios,Disney,News,News | Weather,689ede3c507e92fe6f3dfc3f,https://apps.apple.com/us/app/abc7-los-angeles/id405387506?uo=4
ABC7 WWSB First Alert Weather,com.wwsb.SuncoastWx,ios,"Gray Television Group, Inc.",Weather,Weather | News,689edad3507e92fe6f3df559,https://apps.apple.com/us/app/abc7-wwsb-first-alert-weather/id430653305?uo=4
ABCya Games: Kids Learning App,com.abcya.Games,ios,Curiosity Media,Education,Education | Games,689ed849507e92fe6f3defba,https://apps.apple.com/us/app/abcya-games-kids-learning-app/id1079974015?uo=4
Abercrombie & Fitch,com.abercrombie.anfiphone,ios,Abercrombie & Fitch,Shopping,Shopping | Lifestyle,689ed97e507e92fe6f3df265,https://apps.apple.com/us/app/abercrombie-fitch/id339041767?uo=4
Abide: Bible Prayer Meditation,is.abide.abide,ios,Guideposts,Reference,Reference | Health & Fitness,689edc6a507e92fe6f3df898,https://apps.apple.com/us/app/abide-bible-prayer-meditation/id726031617?uo=4
abillion - better social media,com.abillionveg.mobile,ios,"abillionveg, Inc.",Lifestyle,Lifestyle | Food & Drink,689ed12f507e92fe6f3de035,https://apps.apple.com/us/app/abillion-better-social-media/id1377119949?uo=4
able journal,able-journal-ensad,ios,Ensad,Magazines & Newspapers,Magazines & Newspapers | Graphics & Design,68a621ad58c742477c128385,https://apps.apple.com/us/app/able-journal/id6743760487?uo=4
Abundant Church,com.subsplashconsulting.SQZWT7,ios,ABUNDANT LIVING FAITH CENTER CHURCH INC,Lifestyle,Lifestyle,689ed221507e92fe6f3de211,https://apps.apple.com/us/app/abundant-church/id1448067743?uo=4
Acapella from PicPlayPost,co.mixcord.acapella,ios,Mixcord Inc.,Music,Music | Social Networking,689ed153507e92fe6f3de08c,https://apps.apple.com/us/app/acapella-from-picplaypost/id924635678?uo=4
ACC Guideline Clinical App,org.acc.guidelines,ios,American College of Cardiology,Medical,Medical | Reference,689ed5c9507e92fe6f3dea3c,https://apps.apple.com/us/app/acc-guideline-clinical-app/id931723742?uo=4
Accurate Weather forecast &map,com.dh.weather.forecast.211,ios,Hieu Nguyen,Weather,Weather | Utilities,689edd14507e92fe6f3dfa13,https://apps.apple.com/us/app/accurate-weather-forecast-map/id1440258986?uo=4
ACLJ,com.aclj.aclj,ios,The American Center for Law and Justice,News,News | Social Networking,689ed22e507e92fe6f3de223,https://apps.apple.com/us/app/aclj/id501155881?uo=4
ACNH.Guide for Animal Crossing,dev.genesy.animalcrossingnhguide,ios,Gene Allister Sy,Reference,Reference | Casual | Games | Role Playing,689ed3ee507e92fe6f3de62d,https://apps.apple.com/us/app/acnh-guide-for-animal-crossing/id1504317399?uo=4
Action Horse Game,com.UltimateStudio.HorseRacing,ios,Tsuyoshi Sasaki,Games,Games | Entertainment | Racing | Sports,689ed375507e92fe6f3de505,https://apps.apple.com/us/app/action-horse-game/id1623550371?uo=4
Activity Scheduler,com.rschooltoday.ActivityScheduler,ios,Dwebsite,Sports,Sports | Education,689ed1f0507e92fe6f3de19b,https://apps.apple.com/us/app/activity-scheduler/id877988259?uo=4
ActivityTracker Pedometer,com.bitscoffee.ActivityTracker,ios,Bits&Coffee,Health & Fitness,Health & Fitness,689edf36507e92fe6f3dfe6a,https://apps.apple.com/us/app/activitytracker-pedometer/id993667592?uo=4
Ad Age,com.adage.crain,ios,"Crain Communications, Inc.",News,News | Business,689ed905507e92fe6f3df166,https://apps.apple.com/us/app/ad-age/id1537790720?uo=4
Ada – check your health,net.medx.Ada.production,ios,Ada Health,Medical,Medical | Health & Fitness,689eddc5507e92fe6f3dfb2e,https://apps.apple.com/us/app/ada-check-your-health/id1099986434?uo=4
ADDitude Magazine,com.texterity.texterity.ADDitude,ios,WebMD,Lifestyle,Lifestyle | Magazines & Newspapers,689ed2d5507e92fe6f3de3ab,https://apps.apple.com/us/app/additude-magazine/id582710097?uo=4
Addons for Minecraft Community,com.pnt.mcpeaddons,ios,Tuan Phan,Lifestyle,Lifestyle | Utilities,689ed9e8507e92fe6f3df35c,https://apps.apple.com/us/app/addons-for-minecraft-community/id1205468830?uo=4
adidas Running: Run tracker,at.runtastic.gpssportapp,ios,adidas,Health & Fitness,Health & Fitness | Sports,689ed69e507e92fe6f3dec03,https://apps.apple.com/us/app/adidas-running-run-tracker/id336599882?uo=4
adidas: Shop Shoes & Clothing,com.adidas.app,ios,adidas,Shopping,Shopping | Sports,690393d00299111a39c5c3c9,https://apps.apple.com/us/app/adidas-shop-shoes-clothing/id1266591536?uo=4
adidas: Shop Shoes & Clothing,com.adidas.app,android,adidas,Sports,,670b9e1387478f2c8b781836,
Adobe Acrobat Reader: Edit PDF,com.adobe.Adobe-Reader,ios,Adobe Inc.,Business,Business | Productivity,68a621b058c742477c128397,https://apps.apple.com/us/app/adobe-acrobat-reader-edit-pdf/id469337564?uo=4
"Adobe Capture: Illustrator, Ps",com.adobe.capture.ios,ios,Adobe Inc.,Graphics & Design,Graphics & Design | Photo & Video,689ed67b507e92fe6f3debb8,https://apps.apple.com/us/app/adobe-capture-illustrator-ps/id1040200189?uo=4
"Adobe Express: AI Photo, Video",com.adobe.post,ios,Adobe Inc.,Photo & Video,Photo & Video | Graphics & Design,689ed3ee507e92fe6f3de62b,https://apps.apple.com/us/app/adobe-express-ai-photo-video/id1051937863?uo=4
Adobe Fresco: Free Drawing App,com.adobe.fresco.ios,ios,Adobe Inc.,Graphics & Design,Graphics & Design | Photo & Video,689ed533507e92fe6f3de8f7,https://apps.apple.com/us/app/adobe-fresco-free-drawing-app/id1458660369?uo=4
Adore Me Designer Lingerie,com.adoreme.qmobile,ios,AdoreMe,Shopping,Shopping | Lifestyle,689ed4df507e92fe6f3de83c,https://apps.apple.com/us/app/adore-me-designer-lingerie/id661053119?uo=4
Adult Coloring Book - Pigment,com.pixite.pigment,ios,Pixite Inc.,Lifestyle,Lifestyle | Entertainment,689eda3e507e92fe6f3df41d,https://apps.apple.com/us/app/adult-coloring-book-pigment/id1062006344?uo=4
Advancial,com.advancial.iphone.Advancial,ios,Advancial FCU,Finance,Finance,689ed68a507e92fe6f3debd0,https://apps.apple.com/us/app/advancial/id527208374?uo=4
ADVFN Realtime Stocks & Crypto,com.advfn.mobile,ios,ADVFN,Finance,Finance | Social Networking,689eda7a507e92fe6f3df495,https://apps.apple.com/us/app/advfn-realtime-stocks-crypto/id553516718?uo=4
AE + Aerie,com.ae.ae,ios,American Eagle Outfitters,Shopping,Shopping | Lifestyle,689ed182507e92fe6f3de0f2,https://apps.apple.com/us/app/ae-aerie/id467738064?uo=4
Aeromexico,com.aeromexico.app,ios,Aeroméxico,Travel,Travel | Reference,689eddc5507e92fe6f3dfb30,https://apps.apple.com/us/app/aeromexico/id1180513011?uo=4
AGCOSalesAssistantMobile,com.agcocorp.Marketing.Global.AGCO.AGCOSalesAssistantiphone,ios,AGCO Corporation,Business,Business,689ed07d507e92fe6f3ddea6,https://apps.apple.com/us/app/agcosalesassistantmobile/id1448752752?uo=4
Agro Weather App,nl.sebastian.agroweather,ios,OCI Agro,Weather,Weather | Productivity,689ed2f4507e92fe6f3de3ec,https://apps.apple.com/us/app/agro-weather-app/id874325843?uo=4
AI Logo Maker: Flyer Generator,com.bitmorpher.apps.logomaker,ios,Md kamal Uddin,Graphics & Design,Graphics & Design | Photo & Video,689ede80507e92fe6f3dfcdc,https://apps.apple.com/us/app/ai-logo-maker-flyer-generator/id1463935485?uo=4
Air Flight Tracker,com.airaufree,ios,fikret urgan,Travel,Travel | Navigation,689ed99e507e92fe6f3df2ad,https://apps.apple.com/us/app/air-flight-tracker/id871809572?uo=4
Air Matters,fresh-ideas.DirtyBeijing,ios,Air Matters Network Pty Ltd,Weather,Weather | Health & Fitness,68a620d458c742477c1281e7,https://apps.apple.com/us/app/air-matters/id477700080?uo=4
AisView,cz.foxtrot.aisview,ios,Foxtrot Technologies s.r.o.,Navigation,Navigation | Sports,689ed0d0507e92fe6f3ddf68,https://apps.apple.com/us/app/aisview/id1438343345?uo=4
"Alarmy: Loud Alarm Clock,Sleep",droom.sleepIfUCanFree,ios,"Delight Room Co., Ltd.",Lifestyle,Lifestyle | Utilities,689ed0e0507e92fe6f3ddf89,https://apps.apple.com/us/app/alarmy-loud-alarm-clock-sleep/id1163786766?uo=4
Albelli fotoboek poster prints,nl.albumprinter.smartphone.editor,ios,AlbumPrinter B.V.,Photo & Video,Photo & Video | Lifestyle,689edc2d507e92fe6f3df80b,https://apps.apple.com/us/app/albelli-fotoboek-poster-prints/id1049668862?uo=4
Alexander: Audiobooks & Series,com.alxr.app,ios,Alexander Technology and Media Limited,Entertainment,Entertainment | Magazines & Newspapers,689ed187507e92fe6f3de109,https://apps.apple.com/us/app/alexander-audiobooks-series/id1529631224?uo=4
Algebra Touch: All Ages,com.seanberry.algebratouch,ios,Regular Berry LLC,Education,Education,689ed68a507e92fe6f3debce,https://apps.apple.com/us/app/algebra-touch-all-ages/id1512834904?uo=4
AliExpress - Shopping App,com.alibaba.iAliexpress,ios,Alibaba,Shopping,Shopping | Lifestyle,689ed859507e92fe6f3defdc,https://apps.apple.com/us/app/aliexpress-shopping-app/id436672029?uo=4
Alive by Whitney Simmons,com.ws.Alive,ios,"Whitney Simmons App, LLC",Health & Fitness,Health & Fitness | Lifestyle,689ed51d507e92fe6f3de8b8,https://apps.apple.com/us/app/alive-by-whitney-simmons/id1488020055?uo=4
All Guitar Chords,com.maj9.AllGuitarChords,ios,My App Catalog LLC,Music,Music | Education,689ed9af507e92fe6f3df2d7,https://apps.apple.com/us/app/all-guitar-chords/id416947605?uo=4
"AllTrails: Hike, Bike & Run",com.alltrails.AllTrails,ios,"AllTrails, Inc.",Health & Fitness,Health & Fitness | Travel,689edfe1507e92fe6f3dffc6,https://apps.apple.com/us/app/alltrails-hike-bike-run/id405075943?uo=4
Aloha Browser - Private VPN,com.alohabrowser.alohabrowser,ios,Aloha Mobile,Utilities,Utilities | Productivity,689ed48a507e92fe6f3de773,https://apps.apple.com/us/app/aloha-browser-private-vpn/id1105317682?uo=4
Amazon Shopping,com.amazon.Amazon,ios,AMZN Mobile LLC,Shopping,Shopping | Lifestyle,689d983235ded4f6adff11e5,https://apps.apple.com/us/app/amazon-shopping/id297606951?uo=4
amma: Pregnancy & Baby Tracker,ru.medkrug.kbrapp,ios,PERIOD TRACKER & PREGNANCY AND BABY CALENDAR LIMITED,Medical,Medical | Health & Fitness,689ed512507e92fe6f3de8b4,https://apps.apple.com/us/app/amma-pregnancy-baby-tracker/id990178211?uo=4
Amolivro: Audiolivros & Story,com.changduhk.minireaderpt,ios,成都凤鸣轩网络科技有限公司,Book,Books | Magazines & Newspapers,689edee4507e92fe6f3dfdaf,https://apps.apple.com/us/app/amolivro-audiolivros-story/id1517570623?uo=4
Amtrak,com.amtrak.rider,ios,Amtrak,Travel,Travel,689ed251507e92fe6f3de278,https://apps.apple.com/us/app/amtrak/id405074003?uo=4
Anatomist – The Anatomy Game,com.andrewmeyerson.anatomist,ios,Andrew Meyerson,Medical,Medical | Trivia | Games,689ed210507e92fe6f3de1e8,https://apps.apple.com/us/app/anatomist-the-anatomy-game/id1114940725?uo=4
Anatomy Atlas & Human Biology,com.toolsassistant.AnatomicalAtlasOfHumanBodyios,ios,"TOOLS ASSISTANT, TOO",Education,Education | Reference,689ede8f507e92fe6f3dfcf5,https://apps.apple.com/us/app/anatomy-atlas-human-biology/id1613901277?uo=4
Ancestry: Family History & DNA,com.ancestry.Tree-To-Go,ios,Ancestry.com,Reference,Reference | Productivity,68a6214058c742477c1282b3,https://apps.apple.com/us/app/ancestry-family-history-dna/id349554263?uo=4
Anime Dress Up Games: Moe Doll,com.anime.moe.dressup,ios,ARPAplus,Games,Games | Casual | Entertainment | Role Playing,689ed38a507e92fe6f3de548,https://apps.apple.com/us/app/anime-dress-up-games-moe-doll/id1641458664?uo=4
Anime Wallpaper - Live,com.wallpapershub.anime,ios,Abay Imanberlin,Photo & Video,Photo & Video | Lifestyle,689ed1d7507e92fe6f3de16a,https://apps.apple.com/us/app/anime-wallpaper-live/id1437287799?uo=4
Anova Culinary,com.anovaculinary.anova,ios,Anova Culinary,Food & Drink,Food & Drink | Lifestyle,689ed4a8507e92fe6f3de7ac,https://apps.apple.com/us/app/anova-culinary/id959638683?uo=4
Anthems - Music Sharing,com.anthems.music,ios,Surge Apps,Music,Music | Social Networking,689ee016507e92fe6f3e0017,https://apps.apple.com/us/app/anthems-music-sharing/id1441849036?uo=4
Anthropologie,com.anthropologie.iosapp,ios,Anthropologie,Shopping,Shopping | Lifestyle,689ed96e507e92fe6f3df241,https://apps.apple.com/us/app/anthropologie/id922496703?uo=4
AnticoagEvaluator,org.acc.AnticoagEvaluator,ios,American College of Cardiology,Medical,Medical | Reference,689ed4f0507e92fe6f3de861,https://apps.apple.com/us/app/anticoagevaluator/id609795286?uo=4
Antiinfektiva Leitfaden,app.onairbuilder.sid1049951,ios,Klinikum Rechts der Isar der Technischen Universitat Munchen,Medical,Medical | Education,689edbfe507e92fe6f3df7a9,https://apps.apple.com/us/app/antiinfektiva-leitfaden/id1551121968?uo=4
AnyDesk Remote Desktop,com.anydesk.AnyDesk,ios,AnyDesk Software GmbH,Utilities,Utilities | Productivity,689ed397507e92fe6f3de554,https://apps.apple.com/us/app/anydesk-remote-desktop/id1176131273?uo=4
AnyList: Grocery Shopping List,com.purplecover.anylist,ios,"Purple Cover, Inc.",Productivity,Productivity | Food & Drink,689edac0507e92fe6f3df52d,https://apps.apple.com/us/app/anylist-grocery-shopping-list/id522167641?uo=4
AnyStories-Good Novels & Books,write.read.story.webnovel.book.anystories,ios,READ ASAP LTD,Book,Books | Entertainment,689ed345507e92fe6f3de49f,https://apps.apple.com/us/app/anystories-good-novels-books/id1500217654?uo=4
AnyTrans: Send Files Anywhere,com.imobie.AnyTrans,ios,iMobie Inc.,Utilities,Utilities | Productivity,689ed901507e92fe6f3df151,https://apps.apple.com/us/app/anytrans-send-files-anywhere/id1439295450?uo=4
AO Trauma Orthogeriatrics,org.aofoundation.aotrauma.orthogeriatric.universal,ios,AO Foundation,Medical,Medical | Education,689edda7507e92fe6f3dfaf0,https://apps.apple.com/us/app/ao-trauma-orthogeriatrics/id903074010?uo=4
"AOL Mail, News, Weather",com.aol.mobile.aolclient,ios,AOL Media LLC,Productivity,Productivity | News,689ede51507e92fe6f3dfc7b,https://apps.apple.com/us/app/aol-mail-news-weather/id646100661?uo=4
Apartments.com Rental Finder,com.apartments.apartmentsapplication,ios,Apartments LLC,Lifestyle,Lifestyle | Business,689ed46a507e92fe6f3de733,https://apps.apple.com/us/app/apartments-com-rental-finder/id319836632?uo=4
Apocrypha: Bible's Lost Books,com.haven.apocrypha,ios,Haven Tran,Book,Books | Reference,689edd94507e92fe6f3dface,https://apps.apple.com/us/app/apocrypha-bibles-lost-books/id1294158835?uo=4
Apollo Lighting,com.QH.Apollo,ios,Shenzhen Wanshun Zhilian Technology Co. LTD,Lifestyle,Lifestyle | Utilities,689eda5c507e92fe6f3df45b,https://apps.apple.com/us/app/apollo-lighting/id1519136508?uo=4
ApowerMirror- Screen Mirroring,com.apowersoft.ApowerMirror,ios,Apowersoft Limited,Utilities,Utilities | Photo & Video,689ed5bc507e92fe6f3dea2b,https://apps.apple.com/us/app/apowermirror-screen-mirroring/id1244625890?uo=4
App Store,com.apple.AppStore,ios,Apple,Shopping,,68afb161a29bcf39aa9b05df,https://www.apple.com/app-store/
Appfigures Analytics,com.appfigures.iosapp,ios,Appfigures,Developer Tools,Developer Tools | Productivity,689eded4507e92fe6f3dfd97,https://apps.apple.com/us/app/appfigures-analytics/id962408539?uo=4
Applaydu Play & Discover,com.ferrero.applaydu,ios,FERRERO TRADING LUX S.A.,Education,Education | Games | Family | Adventure,689ed562507e92fe6f3de951,https://apps.apple.com/us/app/applaydu-play-discover/id1476035637?uo=4
Apple Books,com.apple.iBooks,ios,Apple,Book,Books | Entertainment,6892afc490d4e7bc94698ea5,https://apps.apple.com/us/app/apple-books/id364709193?uo=4
Apple Fitness,com.apple.Fitness,ios,Apple,Health & Fitness,Health & Fitness,689f7dc2616a42d9da57843b,https://apps.apple.com/us/app/apple-fitness/id1208224953?uo=4
Apple Health,com.apple.Health,ios,Apple,Health & Fitness,Health & Fitness,68a79bff15943e65bc1b10f8,https://apps.apple.com/us/app/apple-health/id1242545199?uo=4
Apple Maps,com.apple.Maps,ios,Apple,Navigation,Navigation,68a76e71ba04f9d0c22d8b9a,https://apps.apple.com/us/app/apple-maps/id915056765?uo=4
Apple Music,com.apple.Music,ios,Apple,Music,Music,68ad62ed39f9d2c4189dd4e4,https://apps.apple.com/us/app/apple-music/id1108187390?uo=4
Apple Music Classical,com.apple.music.classical,ios,Apple,Music,Music,689ed378507e92fe6f3de519,https://apps.apple.com/us/app/apple-music-classical/id1598433714?uo=4
Apple Podcasts,com.apple.podcasts,ios,Apple,Entertainment,Entertainment,68ad60992951c7233163a4f1,https://apps.apple.com/us/app/apple-podcasts/id525463029?uo=4
Apple Store,com.apple.store.Jolly,ios,Apple,Shopping,Shopping | Lifestyle,6892afca90d4e7bc94698ea6,https://apps.apple.com/us/app/apple-store/id375380948?uo=4
Apple TV,com.apple.tv,ios,Apple,Entertainment,Entertainment,689ed980507e92fe6f3df275,https://apps.apple.com/us/app/apple-tv/id1174078549?uo=4
Arcis Golf,com.ezlinks.gepmobile.arcis,ios,Arcis Golf,Sports,Sports | Lifestyle,689edf2b507e92fe6f3dfe66,https://apps.apple.com/us/app/arcis-golf/id1466728125?uo=4
Are You Smarter Than A Child??,dh3games.smarterthan,ios,DH3 Games,Games,Games | Word | Trivia | Education,689ed387507e92fe6f3de533,https://apps.apple.com/us/app/are-you-smarter-than-a-child/id1488266461?uo=4
Areafit,com.sportconsulting.areafit,ios,Areafit,Health & Fitness,Health & Fitness | Sports,689edbbe507e92fe6f3df729,https://apps.apple.com/us/app/areafit/id1642718668?uo=4
Arkansas News from THV11,com.gannett.news.local.KTHVNews,ios,Tegna Inc.,News,News | Weather,689ed0cf507e92fe6f3ddf64,https://apps.apple.com/us/app/arkansas-news-from-thv11/id469738355?uo=4
Arrow Master: Archery Game,com.sport.archery.game,ios,俊杰 徐,Games,Games | Action | Sports,689ed398507e92fe6f3de55e,https://apps.apple.com/us/app/arrow-master-archery-game/id1476781522?uo=4
Artist's Party,com.letsgo5433.paint,ios,佩雯 高,Games,Games | Puzzle | Trivia | Education,689ed175507e92fe6f3de0e0,https://apps.apple.com/us/app/artists-party/id6474680806?uo=4
Asana Rebel: Get in Shape,com.asanayoga.asanarebel,ios,Asana Rebel GmbH,Lifestyle,Lifestyle,689ed364507e92fe6f3de4db,https://apps.apple.com/us/app/asana-rebel-get-in-shape/id1067860796?uo=4
Asana: Work Management,com.asana.Asana,ios,"Asana, Inc.",Business,Business | Productivity,689edc59507e92fe6f3df877,https://apps.apple.com/us/app/asana-work-management/id489969512?uo=4
ASCII Converter,com.mightyIT.digitalhexconverter,ios,Gopi Gadhiya,Developer Tools,Developer Tools | Productivity,689ed542507e92fe6f3de90f,https://apps.apple.com/us/app/ascii-converter/id1415599567?uo=4
ASCVD Risk Estimator Plus,org.acc.ascvd,ios,American College of Cardiology,Medical,Medical | Reference,689ed0c0507e92fe6f3ddf47,https://apps.apple.com/us/app/ascvd-risk-estimator-plus/id808875968?uo=4
ASH Pocket Guides,org.hematology.pocketguides,ios,American Society of Hematology,Medical,Medical | Reference,689edf7d507e92fe6f3dff1e,https://apps.apple.com/us/app/ash-pocket-guides/id1055482799?uo=4
ASHA Convention,com.core-apps.followme.asha2017,ios,American Speech-Language-Hearing Association,Reference,Reference,68a620d458c742477c1281eb,https://apps.apple.com/us/app/asha-convention/id1261118744?uo=4
Asian Hornet Watch,uk.ac.ceh.hornets,ios,Centre for Ecology and Hydrology,Reference,Reference | Education,689edf5c507e92fe6f3dfed3,https://apps.apple.com/us/app/asian-hornet-watch/id1161238813?uo=4
ASICS Runkeeper—Run Tracker,RunKeeperPro,ios,"ASICS Runner App, Inc.",Health & Fitness,Health & Fitness | Sports,68a6207858c742477c12813d,https://apps.apple.com/us/app/asics-runkeeper-run-tracker/id300235330?uo=4
ASL Kids - Sign Language,com.basvanderwilk.aslkids,ios,New-impulse media,Education,Education | Word | Family | Games,689ed41e507e92fe6f3de67c,https://apps.apple.com/us/app/asl-kids-sign-language/id962456700?uo=4
ASO Toolkit by Redbox Mobile,com.redboxmobile.Toolbox-iOS,ios,Redbox Mobile PLC,Developer Tools,Developer Tools | Productivity,68a6208358c742477c128145,https://apps.apple.com/us/app/aso-toolkit-by-redbox-mobile/id1455829852?uo=4
ASSA ABLOY Customer Support,com.assaabloy.technicalsupport,ios,AssaAbloy,Business,Business | Productivity,689edc11507e92fe6f3df7df,https://apps.apple.com/us/app/assa-abloy-customer-support/id990600264?uo=4
Astrology & Daily Horoscope!,me.aldema.horoscope,ios,ALDEMA,Reference,Reference | Lifestyle,689ed2c2507e92fe6f3de374,https://apps.apple.com/us/app/astrology-daily-horoscope/id1477593118?uo=4
ATI TEAS Mastery - Exam 2025,com.hltcorp.teas,ios,Higher Learning Technologies,Education,Education | Medical,689ee038507e92fe6f3e006a,https://apps.apple.com/us/app/ati-teas-mastery-exam-2025/id911128301?uo=4
Atlanta News from 11Alive,com.gannett.news.local.11AliveNews,ios,Tegna Inc.,News,News | Weather,689edcbc507e92fe6f3df948,https://apps.apple.com/us/app/atlanta-news-from-11alive/id461033172?uo=4
Atomas,com.sirnic.atomas,ios,Max Gittel,Games,Games | Family | Entertainment | Trivia,689ed358507e92fe6f3de4d3,https://apps.apple.com/us/app/atomas/id953603155?uo=4
AUA Medical Student Curriculum,org.auanet.studentcore,ios,American Urological Association,Reference,Reference,689ed355507e92fe6f3de4bf,https://apps.apple.com/us/app/aua-medical-student-curriculum/id589114652?uo=4
AudCal,0A682586-8AE9-45B7-BDD4-72B3F4CDA852.AudCal,ios,Jorge Alberto Rey Martinez,Medical,Medical | Education,68a6449a8846becd3f905c0a,https://apps.apple.com/us/app/audcal/id647212278?uo=4
Audible: Audiobooks & Podcasts,com.audible.iphone,ios,"Audible, Inc.",Book,Books | Entertainment,689edb97507e92fe6f3df6cf,https://apps.apple.com/us/app/audible-audiobooks-podcasts/id379693831?uo=4
Audio Editor - Music Mixer,com.hemin.mp3editor,ios,妍 岳,Music,Music,689ed704507e92fe6f3decdd,https://apps.apple.com/us/app/audio-editor-music-mixer/id1345937284?uo=4
Audiobooks,com.crossforward.audiobooks,ios,"Cross Forward Consulting, LLC",Book,Books | Entertainment,689ed9d7507e92fe6f3df33a,https://apps.apple.com/us/app/audiobooks/id311507490?uo=4
Audiobooks - Librivox library,com.quanglt.audiobooks,ios,Le Thanh Quang,Book,Books | Entertainment,689edc59507e92fe6f3df875,https://apps.apple.com/us/app/audiobooks-librivox-library/id737369671?uo=4
Audiolibrix - Audioknihy,com.audiolibrix.ios,ios,Audiolibrix Ltd,Book,Books | Entertainment,689edcfe507e92fe6f3df9d5,https://apps.apple.com/us/app/audiolibrix-audioknihy/id815879703?uo=4
Audiomack - Play Music Offline,com.audiomack.iphone,ios,"Audiomack, Inc.",Music,Music | Entertainment,689ed502507e92fe6f3de88f,https://apps.apple.com/us/app/audiomack-play-music-offline/id921765888?uo=4
AudioStretch Lite,com.audiostretch.AudioStretchLite,ios,Cognosonic Pte Ltd,Music,Music | Education,689ed5dc507e92fe6f3dea70,https://apps.apple.com/us/app/audiostretch-lite/id647190921?uo=4
Audius Music,co.audius.audiusmusic,ios,"Audius, Inc.",Music,Music | Entertainment,689ed1a3507e92fe6f3de13a,https://apps.apple.com/us/app/audius-music/id1491270519?uo=4
Audubon Bird Guide,com.greenmountain.birds,ios,National Audubon Society,Reference,Reference | Books,689eded7507e92fe6f3dfda1,https://apps.apple.com/us/app/audubon-bird-guide/id333227386?uo=4
Aulart,com.aulartmasterclass,ios,Aulart Masterclass,Education,Education,689ed3a8507e92fe6f3de580,https://apps.apple.com/us/app/aulart/id6476809730?uo=4
"Aura: Meditation & Sleep, CBT",com.AuraMobile,ios,Aura Health Inc.,Health & Fitness,Health & Fitness | Lifestyle,689ed06b507e92fe6f3dde75,https://apps.apple.com/us/app/aura-meditation-sleep-cbt/id1114223104?uo=4
Aurora Forecast.,com.tinacinc.auroraforecast,ios,TINAC Inc.,Weather,Weather | Lifestyle,689ed231507e92fe6f3de237,https://apps.apple.com/us/app/aurora-forecast/id539875792?uo=4
Austin News from KVUE,tegna.kvue.news,ios,Tegna Inc.,News,News | Weather,689ed7d6507e92fe6f3deeca,https://apps.apple.com/us/app/austin-news-from-kvue/id1453203937?uo=4
AutoSend - Paste Keyboard App,com.ipooglecodes.AutoKey,ios,Titano Digital Teknoloji Limited Şirketi,Utilities,Utilities | Productivity,689ed4cd507e92fe6f3de80d,https://apps.apple.com/us/app/autosend-paste-keyboard-app/id1570364756?uo=4
Autotrader – Shop All the Cars,com.autotrader.showroom.ipad,ios,"Autotrader.com, Inc",Shopping,Shopping | Lifestyle,689ed0af507e92fe6f3ddf1e,https://apps.apple.com/us/app/autotrader-shop-all-the-cars/id700740807?uo=4
Auxy Studio,co.auxy.auxy-phone,ios,Auxy,Music,Music | Education,68a6209458c742477c128165,https://apps.apple.com/us/app/auxy-studio/id1034348186?uo=4
AV CPG,au.gov.vic.ambulance.cpgpublic,ios,Ambulance Victoria,Medical,Medical,689edaf2507e92fe6f3df590,https://apps.apple.com/us/app/av-cpg/id1353278803?uo=4
Avatan – Photo Editor,ru.avatan,ios,"Avatan Studio, LLC",Photo & Video,Photo & Video | Entertainment,689ed1dc507e92fe6f3de171,https://apps.apple.com/us/app/avatan-photo-editor/id790284480?uo=4
Avaya Workplace,com.avaya.AvayaCommunicator,ios,"Avaya, Inc.",Business,Business | Productivity,689ed0f2507e92fe6f3ddfb9,https://apps.apple.com/us/app/avaya-workplace/id933220295?uo=4
AvPlan EFB,au.com.avsoft.avplan,ios,BJA Consulting Pty Ltd,Navigation,Navigation | Utilities,689ed10f507e92fe6f3ddff0,https://apps.apple.com/us/app/avplan-efb/id417674282?uo=4
Avrora Sleep Sounds & Stories,com.appsci.sleep,ios,"ONE ELEVEN HOLDINGS, LLC",Health & Fitness,Health & Fitness | Lifestyle,689ede8e507e92fe6f3dfcf1,https://apps.apple.com/us/app/avrora-sleep-sounds-stories/id1441091033?uo=4
Awakening Prayer,com.awakening.prayerapp,ios,New Life Worship Center,Lifestyle,Lifestyle | Reference,689ed669507e92fe6f3deb98,https://apps.apple.com/us/app/awakening-prayer/id1415800059?uo=4
Awesome Weather YoWindow,com.repkasoft.yowindow.ios.free,ios,Pavel Repkin,Weather,Weather | Lifestyle,689edb2e507e92fe6f3df600,https://apps.apple.com/us/app/awesome-weather-yowindow/id799653744?uo=4
AYBL,com.vennapps.AYBL,ios,RK BRANDS LTD,Shopping,Shopping | Lifestyle,689ed96b507e92fe6f3df232,https://apps.apple.com/us/app/aybl/id6450782939?uo=4
azcentral,com.gannett.news.local.azcentral,ios,Gannett,News,News | Magazines & Newspapers,689ed144507e92fe6f3de070,https://apps.apple.com/us/app/azcentral/id815248536?uo=4
B612 AI Photo&Video Editor,com.linecorp.b612,ios,SNOW Corporation,Photo & Video,Photo & Video,689ed584507e92fe6f3de99e,https://apps.apple.com/us/app/b612-ai-photo-video-editor/id904209370?uo=4
Babbel - Language Learning,com.babbel.babbelMulti,ios,Babbel GmbH,Education,Education | Travel,689edbe0507e92fe6f3df774,https://apps.apple.com/us/app/babbel-language-learning/id829587759?uo=4
Baby + | Your Baby Tracker,com.hp.babylite,ios,Philips Digital UK Limited,Medical,Medical | Health & Fitness,689edd5b507e92fe6f3dfaad,https://apps.apple.com/us/app/baby-your-baby-tracker/id1093774002?uo=4
Baby Dress Up & Daycare Games,com.bestdressupgames.baby,ios,ARPAplus,Games,Games | Role Playing | Entertainment | Casual,689ed184507e92fe6f3de0fa,https://apps.apple.com/us/app/baby-dress-up-daycare-games/id1540543040?uo=4
"Baby games for toddlers, kids",com.bimiboo.phone,ios,Bimi Boo Kids Learning Games for Toddlers FZ LLC,Education,Education | Entertainment,689ed11f507e92fe6f3de00e,https://apps.apple.com/us/app/baby-games-for-toddlers-kids/id1234987135?uo=4
Baby piano for kids & toddlers,com.bimiboo.tunes,ios,Bimi Boo Kids Learning Games for Toddlers FZ LLC,Education,Education | Entertainment,689ed192507e92fe6f3de112,https://apps.apple.com/us/app/baby-piano-for-kids-toddlers/id1021191431?uo=4
Baby Shark Best Kids Songs,com.ssbooks.bodlebookiap.us,ios,"The Pinkfong Company, Inc.",Education,Education | Entertainment,689ed5b8507e92fe6f3dea16,https://apps.apple.com/us/app/baby-shark-best-kids-songs/id475263770?uo=4
Baby Sleep: Soothing Lullabies,io.toddler.apps.girls.boys.lullabies,ios,Alina Egorova,Music,Music | Entertainment,689ede61507e92fe6f3dfc9c,https://apps.apple.com/us/app/baby-sleep-soothing-lullabies/id6621200841?uo=4
BABYBOO,com.vennapps.babyboo,ios,Babyboo Australia Pty Ltd,Shopping,Shopping | Lifestyle,689ed444507e92fe6f3de6d1,https://apps.apple.com/us/app/babyboo/id6737223418?uo=4
BabyCenter Track Pregnancy App,com.babycenter.mypregnancytoday,ios,"Everyday Health, Inc.",Medical,Medical | Health & Fitness,689ed7b0507e92fe6f3dee64,https://apps.apple.com/us/app/babycenter-track-pregnancy-app/id386022579?uo=4
Babylist Baby Registry,st.babyli.BabyList,ios,BabyList Inc,Shopping,Shopping | Lifestyle,689ed2f4507e92fe6f3de3ea,https://apps.apple.com/us/app/babylist-baby-registry/id718582092?uo=4
BabyName - find it together,com.dsg.babyname,ios,Do Something Good,Health & Fitness,Health & Fitness | Lifestyle,689ed388507e92fe6f3de53d,https://apps.apple.com/us/app/babyname-find-it-together/id950562312?uo=4
Backdrops - Wallpapers,io.backdrops.wallpapers,ios,Christopher Morales,Graphics & Design,Graphics & Design | Entertainment,689ed4ad507e92fe6f3de7c9,https://apps.apple.com/us/app/backdrops-wallpapers/id1500143735?uo=4
Backgammon Clubs,com.WhatWapp.Backgammon.Multiplayer,ios,WhatWapp Entertainment,Games,Games | Casino | Board,689ed36a507e92fe6f3de4fc,https://apps.apple.com/us/app/backgammon-clubs/id6462086897?uo=4
Backpacker™,com.qiiwi.backpacker,ios,Qiiwi Games AB,Games,Games | Trivia | Family | Travel,689ed112507e92fe6f3ddffd,https://apps.apple.com/us/app/backpacker/id711435089?uo=4
BandLab – Music Making Studio,com.bandlab.bandlab.iphone,ios,BandLab Singapore Pte Ltd,Music,Music | Social Networking,689eddfa507e92fe6f3dfbaa,https://apps.apple.com/us/app/bandlab-music-making-studio/id968585775?uo=4
Bandsintown Concerts,com.bandsintown.bit,ios,Bandsintown Inc.,Music,Music | Social Networking,689ed2c0507e92fe6f3de369,https://apps.apple.com/us/app/bandsintown-concerts/id471394851?uo=4
BankTree Personal Finance,uk.co.banktree.banktreemobile,ios,BankTree,Finance,Finance | Productivity,689ed260507e92fe6f3de298,https://apps.apple.com/us/app/banktree-personal-finance/id851329331?uo=4
Barnes & Noble NOOK,com.barnesandnoble.B-N-eReader,ios,Barnes & Noble,Book,Books | News,68a6214f58c742477c1282cc,https://apps.apple.com/us/app/barnes-noble-nook/id373582546?uo=4
Barrel Horse News,com.barrelhorse.magazine,ios,MCC Magazines,Lifestyle,Lifestyle | Magazines & Newspapers,689ed7a1507e92fe6f3dee48,https://apps.apple.com/us/app/barrel-horse-news/id855298228?uo=4
Basecamp - Project Management,com.basecamp.bc3-ios,ios,37Signals LLC,Business,Business | Productivity,68a620f658c742477c128233,https://apps.apple.com/us/app/basecamp-project-management/id1015603248?uo=4
"Basmo.Reading Tracker,Book Log",com.underline.booktracker,ios,Book Vitals Inc.,Book,Books | Productivity,689ed83a507e92fe6f3def9c,https://apps.apple.com/us/app/basmo-reading-tracker-book-log/id1542456934?uo=4
Bass Booster & EQ Amplifier,AJN.Bass-Booster,ios,Dhwaper,Music,Music | Entertainment,68a6206558c742477c128112,https://apps.apple.com/us/app/bass-booster-eq-amplifier/id1445173813?uo=4
Bass Booster 3D + Volume Boost,.com.bass.booster.3D.equalizer,ios,Plane Cubes,Music,Music | Utilities,68a6449a8846becd3f905c08,https://apps.apple.com/us/app/bass-booster-3d-volume-boost/id1484073254?uo=4
BassForce — Bass Fishing App,com.databassllc.bassforce,ios,DataBass LLC,Sports,Sports | Weather,689ed61e507e92fe6f3deaff,https://apps.apple.com/us/app/bassforce-bass-fishing-app/id1467317466?uo=4
Batch: Let’s Party,com.mennatech.BACH,ios,The Bach LLC,Travel,Travel | Entertainment,689ed08c507e92fe6f3ddec5,https://apps.apple.com/us/app/batch-lets-party/id1433495524?uo=4
BattleText - Chat Battles,com.randomlogicgames.battletext,ios,"Conversion, LLC",Games,Games | Word | Simulation | Education,689ed1fd507e92fe6f3de1ad,https://apps.apple.com/us/app/battletext-chat-battles/id922118682?uo=4
Baylor Sports,com.yinzcam.ncaa.bay,ios,Baylor University,Sports,Sports | Entertainment,689ed356507e92fe6f3de4c9,https://apps.apple.com/us/app/baylor-sports/id906694147?uo=4
BBC Gardeners’ World Magazine,com.immediatemedia.gardenersworldmag,ios,Immediate Media Company Limited,Lifestyle,Lifestyle | Magazines & Newspapers,689ed86a507e92fe6f3df002,https://apps.apple.com/us/app/bbc-gardeners-world-magazine/id487737555?uo=4
BBC History Magazine,com.immediatemedia.bbchistorymag,ios,Immediate Media Company Limited,News,News | Magazines & Newspapers,689edb9b507e92fe6f3df6e1,https://apps.apple.com/us/app/bbc-history-magazine/id488143654?uo=4
BBC World Service,com.audionowdigital.player.bbcworldservice,ios,Zeno Media LLC,News,News,689ed809507e92fe6f3def34,https://apps.apple.com/us/app/bbc-world-service/id1451694511?uo=4
BC OHS Regulation,com.worksafe.OHSRegulation,ios,WorkSafeBC.com,Reference,Reference,689ed60c507e92fe6f3dead5,https://apps.apple.com/us/app/bc-ohs-regulation/id447269458?uo=4
Be My Eyes,org.bemyeyes.BeMyEyes,ios,Be My Eyes,Lifestyle,Lifestyle | Utilities,689ed37a507e92fe6f3de521,https://apps.apple.com/us/app/be-my-eyes/id905177575?uo=4
Be The Judge - Ethical Puzzles,com.matchingham.bethejudge,ios,Interactive360,Games,Games | Trivia | Puzzle | Entertainment,689ed102507e92fe6f3ddfda,https://apps.apple.com/us/app/be-the-judge-ethical-puzzles/id1563413747?uo=4
Bear - Markdown Notes,net.shinyfrog.bear-iOS,ios,Shiny Frog Ltd.,Productivity,Productivity | Utilities,68a6209658c742477c128171,https://apps.apple.com/us/app/bear-markdown-notes/id1016366447?uo=4
Beat Attack ~ Music Game,com.genixgames.beatattack,ios,Genix Lab,Games,Games | Music | Casual | Entertainment,689ed806507e92fe6f3def2b,https://apps.apple.com/us/app/beat-attack-music-game/id1500853673?uo=4
Beat Maker Pro: Music drum Pad,com.mwm.sampler-app,ios,MWM,Music,Music | Entertainment,68a6209558c742477c12816d,https://apps.apple.com/us/app/beat-maker-pro-music-drum-pad/id1362013798?uo=4
BEAT MP3 for YouTube,com.studio7775.BeatMP3WU,ios,CREAPPTIVE Inc.,Games,Games | Music | Music | Action,689ed587507e92fe6f3de9ae,https://apps.apple.com/us/app/beat-mp3-for-youtube/id1084956726?uo=4
BeatStars - Instrumental Beats,com.beatstars.mobile,ios,BeatStars Inc.,Music,Music | Entertainment,689ed47b507e92fe6f3de75c,https://apps.apple.com/us/app/beatstars-instrumental-beats/id1436154382?uo=4
BeatStars Studio: My Media,com.beatstars.Studio,ios,BeatStars Inc.,Business,Business | Music,689ed522507e92fe6f3de8d4,https://apps.apple.com/us/app/beatstars-studio-my-media/id1451623608?uo=4
Beckett Football,com.beckett-media.beckettfootball,ios,Beckett Media LLC,Sports,Sports | Magazines & Newspapers,68a6217058c742477c128312,https://apps.apple.com/us/app/beckett-football/id643357155?uo=4
BeDigital,com.gooveris.bedigital,ios,BILBAO EXHIBITION CENTRE,Business,Business | Reference,689ed915507e92fe6f3df18a,https://apps.apple.com/us/app/bedigital/id1372587156?uo=4
Bedtime Fan: White Noise Baby,com.ellisapps.bedtimesleepfanlite,ios,"Slumber Studios, LLC",Health & Fitness,Health & Fitness | Lifestyle,689ed73d507e92fe6f3ded73,https://apps.apple.com/us/app/bedtime-fan-white-noise-baby/id907295335?uo=4
Bedtime Stories: Learn To Read,com.internetdesignzone.aesopfables,ios,IDZ Digital Private Limited,Education,Education | Books,689ed317507e92fe6f3de444,https://apps.apple.com/us/app/bedtime-stories-learn-to-read/id467067115?uo=4
BeepBeep.,com.beepbeepmart,ios,FlashGrocery,Food & Drink,Food & Drink | Shopping,689ed61f507e92fe6f3deb07,https://apps.apple.com/us/app/beepbeep/id1588939564?uo=4
BEEPR - Real Time Music Alerts,com.jakezinn.beepr,ios,Beepr LLC,Music,Music | News,689ed96f507e92fe6f3df249,https://apps.apple.com/us/app/beepr-real-time-music-alerts/id1493068752?uo=4
Beethoven Dental E-Learning,com.newtonsa.bde,ios,"Newton's A, Inc.",Medical,Medical | Education,689ed610507e92fe6f3deae7,https://apps.apple.com/us/app/beethoven-dental-e-learning/id1534517349?uo=4
Behance – Creative Portfolios,com.behance.Behance,ios,Adobe Inc.,Graphics & Design,Graphics & Design | Social Networking,689ed75d507e92fe6f3dedb7,https://apps.apple.com/us/app/behance-creative-portfolios/id489667151?uo=4
Believers Hymn Book Plus,com.gospelriver.believershymnbook,ios,Nathan Bruley,Book,Books | Music,689edec3507e92fe6f3dfd6e,https://apps.apple.com/us/app/believers-hymn-book-plus/id570343687?uo=4
BerezkaCY,cy.berezka,ios,Berezka Store and Cuisine,Food & Drink,Food & Drink,689ed8e6507e92fe6f3df127,https://apps.apple.com/us/app/berezkacy/id6444650724?uo=4
Best Ringtones 2025 for iPhone,com.vms.freeringtonesforiphone,ios,Fabien Maurice,Music,Music | Entertainment,689ed4ce507e92fe6f3de812,https://apps.apple.com/us/app/best-ringtones-2025-for-iphone/id1457775640?uo=4
BestCredit,com.bestcredit.loan,ios,Best Credit SG Pte Ltd,Finance,Finance,689edb72507e92fe6f3df675,https://apps.apple.com/us/app/bestcredit/id6455126891?uo=4
Better Font-s Cool Keyboard-s,com.dane.betterfontsfree,ios,Daneco Ltd.,Utilities,Utilities | Social Networking,689ed739507e92fe6f3ded5c,https://apps.apple.com/us/app/better-font-s-cool-keyboard-s/id735011588?uo=4
BetterHelp - Therapy,com.ionicframework.betterhelp369708,ios,BetterHelp,Health & Fitness,Health & Fitness | Lifestyle,689ede90507e92fe6f3dfcff,https://apps.apple.com/us/app/betterhelp-therapy/id995252384?uo=4
BetterMe: Health Coaching,gen.tech.BetterMe,ios,BetterMe Limited,Health & Fitness,Health & Fitness | Lifestyle,689ed121507e92fe6f3de01a,https://apps.apple.com/us/app/betterme-health-coaching/id1264546236?uo=4
Beyond Menu Food Delivery,com.beyondmenu.beyondmenu,ios,BeyondMenu,Food & Drink,Food & Drink | Lifestyle,689ee017507e92fe6f3e0021,https://apps.apple.com/us/app/beyond-menu-food-delivery/id760852900?uo=4
Bible - Audio & Video Bibles,com.fcbh.bibleis,ios,Faith Comes by Hearing,Reference,Reference | Books,689ed4ef507e92fe6f3de85d,https://apps.apple.com/us/app/bible-audio-video-bibles/id378075859?uo=4
Bible - Daily Bible Verse KJV,com.meevii.bibleKJV,ios,Ozion,Reference,Reference | Books,689ed4f0507e92fe6f3de863,https://apps.apple.com/us/app/bible-daily-bible-verse-kjv/id1357464684?uo=4
Bible & AI: KJV with Apocrypha,bible.ai.enoch,ios,Haven Tran,Book,Books | Reference,689ed8f2507e92fe6f3df133,https://apps.apple.com/us/app/bible-ai-kjv-with-apocrypha/id6740445975?uo=4
Bible and Strong’s Concordance,multi.dict.book.Concordance,ios,Oleg Shukalovich,Book,Books | Education,689eda7f507e92fe6f3df4b2,https://apps.apple.com/us/app/bible-and-strongs-concordance/id1373188241?uo=4
Bible App - Read & Study Daily,com.olivetree.BR-Free,ios,Gospel Technologies LLC,Reference,Reference | Books,68a6206458c742477c12810b,https://apps.apple.com/us/app/bible-app-read-study-daily/id332615624?uo=4
Bible App for Kids,tv.lifechurch.bible.kids,ios,Life.Church,Education,Education | Books,689edeb4507e92fe6f3dfd50,https://apps.apple.com/us/app/bible-app-for-kids/id668692393?uo=4
Bible Dictionary and Glossary,english.dictionary.BibleDictionary,ios,Oleg Shukalovich,Reference,Reference | Education,689edd46507e92fe6f3dfa82,https://apps.apple.com/us/app/bible-dictionary-and-glossary/id950707914?uo=4
Bible For Men - Quotes and Verses for Everyday Life,de.guentherbruns.biblemenfree,ios,Mario Guenther-Bruns,Book,Books,689ed3b9507e92fe6f3de5a8,https://apps.apple.com/us/app/bible-for-men-quotes-and-verses-for-everyday-life/id901858985?uo=4
Bible for Women - Encouraging Quotes & Verses for Everyday Life,de.guentherbruns.biblewomenfree,ios,Mario Guenther-Bruns,Book,Books,689edc76507e92fe6f3df8a3,https://apps.apple.com/us/app/bible-for-women-encouraging-quotes-verses-for-everyday/id898806168?uo=4
Bible for Women & Daily Study,multi.book.Womens-Bible,ios,Nataliia Shukalovich,Book,Books | Lifestyle,68a6213258c742477c12829d,https://apps.apple.com/us/app/bible-for-women-daily-study/id1447879414?uo=4
Bible Games: Trivia Bible Quiz,com.vertice.jogosbiblicos,ios,Francisco Barbosa,Games,Games | Trivia,689ed49b507e92fe6f3de79b,https://apps.apple.com/us/app/bible-games-trivia-bible-quiz/id1572376192?uo=4
Bible Gateway,com.zonervan.biblegateway,ios,"HarperCollins Christian Publishing, Inc.",Reference,Reference | Lifestyle,689ed306507e92fe6f3de41b,https://apps.apple.com/us/app/bible-gateway/id506512797?uo=4
Bible Inspirations · Daily,com.minimasoftware.dailybibleinspirations.lite,ios,Joyverse,Reference,Reference | Lifestyle,689edcbb507e92fe6f3df93e,https://apps.apple.com/us/app/bible-inspirations-daily/id494789758?uo=4
Bible Memory by MemLok,com.agilebuilders.memlok4,ios,AgileBuilders,Reference,Reference | Education,689ed906507e92fe6f3df16c,https://apps.apple.com/us/app/bible-memory-by-memlok/id1003511499?uo=4
Bible Memory Verses,com.WoodyHays.Verses,ios,"Great Commission Software, Inc.",Reference,Reference | Education,689ed4fd507e92fe6f3de873,https://apps.apple.com/us/app/bible-memory-verses/id350185614?uo=4
Bible Offline - KJV Holy Bible,com.bibliasagrada.consigo,ios,PANDAS OF CARIBBEAN LIMITED,Book,Books | Reference,689edcad507e92fe6f3df928,https://apps.apple.com/us/app/bible-offline-kjv-holy-bible/id1472850697?uo=4
Bible Quiz Pro,com.biblequizpro.Bible-Quiz,ios,Antal Farkas,Games,Games | Education | Trivia | Family,68a6215f58c742477c1282ed,https://apps.apple.com/us/app/bible-quiz-pro/id1507755551?uo=4
Bible Reina Valera,com.bestweatherfor.biblia-reinavalera,ios,MR ROCCO INTERNET LTDA,Book,Books | Lifestyle,68f47517790a002ab13a07c3,https://apps.apple.com/us/app/bible-reina-valera/id544520956?uo=4
Bible Study Fellowship App,org.bsfinternational.bsfapp,ios,Bible Study Fellowship,Education,Education | Reference,689ee008507e92fe6f3e0000,https://apps.apple.com/us/app/bible-study-fellowship-app/id1524174445?uo=4
Bible Verses: Daily Devotional,com.skollabs.bible,ios,Skol Games LLC,Reference,Reference | Books,689eddc3507e92fe6f3dfb24,https://apps.apple.com/us/app/bible-verses-daily-devotional/id642058826?uo=4
Bible Wallpapers HD - Backgrounds & Lock Screen Maker with Holy Retina Themes for iOS8 & iPhone6,com.yiqux.biblewallpapers,ios,超 张,Shopping,Shopping | Photo & Video,689ed708507e92fe6f3decef,https://apps.apple.com/us/app/bible-wallpapers-hd-backgrounds-lock-screen-maker-with/id995160760?uo=4
Bible Word Puzzle - Word Games,com.meevii.bibleConnect,ios,Oakever Games,Games,Games | Word,689edea5507e92fe6f3dfd3b,https://apps.apple.com/us/app/bible-word-puzzle-word-games/id1342112505?uo=4
Biblia Católica en Español,spain.book.catolica.La-Biblia,ios,Oleg Shukalovich,Book,Books | Education,68a6207758c742477c12813b,https://apps.apple.com/us/app/biblia-cat%C3%B3lica-en-espa%C3%B1ol/id1029925317?uo=4
Biblia Dios Habla Hoy en Audio,spain.book.dhh.La-Biblia,ios,Tatsiana Shukalovich,Book,Books | Education,68a6205758c742477c1280fb,https://apps.apple.com/us/app/biblia-dios-habla-hoy-en-audio/id1031903929?uo=4
Biblia Reina Valera (Español),com.spanish.biblia,ios,Haven Tran,Book,Books | Reference,689edb16507e92fe6f3df5dd,https://apps.apple.com/us/app/biblia-reina-valera-espa%C3%B1ol/id1623422532?uo=4
Biblia.chat: Bible with AI,com.redmasiva.biblia,ios,Ramphy Rojas,Reference,Reference,689edc65507e92fe6f3df881,https://apps.apple.com/us/app/biblia-chat-bible-with-ai/id6447997746?uo=4
Biblical Archaeology Review,com.bluetoad.biblicalarchHD,ios,Biblical Archaeology Review,Education,Education | Magazines & Newspapers,689ed0dc507e92fe6f3ddf73,https://apps.apple.com/us/app/biblical-archaeology-review/id547632373?uo=4
BiblioBoard Library,com.bibliolabs.BiblioBoardLibrary,ios,"BiblioLabs, LLC",Book,Books | Reference,689ed905507e92fe6f3df168,https://apps.apple.com/us/app/biblioboard-library/id613149061?uo=4
Big Bear Mountain Resort,com.bearmt.snow,ios,Alterra Mountain Company,Sports,Sports | Travel,689eda2c507e92fe6f3df3f0,https://apps.apple.com/us/app/big-bear-mountain-resort/id757376708?uo=4
Big Cartel,com.bigcartel.pocketshop,ios,Big Cartel,Business,Business | Utilities,689eda38507e92fe6f3df3ff,https://apps.apple.com/us/app/big-cartel/id739285899?uo=4
Bijoux Medusa,com.tapcart.2JCXsasa5e,ios,Devicom Inc,Shopping,Shopping | Lifestyle,689edb1a507e92fe6f3df5ed,https://apps.apple.com/us/app/bijoux-medusa/id1474401560?uo=4
Bike Rush,com.ketchapp.bikerush,ios,Ketchapp,Games,Games | Sports | Casual | Entertainment,689ed3a6507e92fe6f3de572,https://apps.apple.com/us/app/bike-rush/id1472483546?uo=4
Bikemap: Bicycle Tracker & GPS,com.toursprung.bikemap,ios,Bikemap GmbH,Navigation,Navigation | Health & Fitness,689eda9d507e92fe6f3df4e5,https://apps.apple.com/us/app/bikemap-bicycle-tracker-gps/id625759466?uo=4
Bills Manager,com.fpena.BillReminderFree,ios,Jose Fabian Pena,Finance,Finance | Utilities,689ed62c507e92fe6f3deb15,https://apps.apple.com/us/app/bills-manager/id834370671?uo=4
Bio Inc. - Biomedical Plague,com.dryginstudios.bioincfree,ios,DryGin Studios,Games,Games | Simulation | Strategy,689ed5b8507e92fe6f3dea18,https://apps.apple.com/us/app/bio-inc-biomedical-plague/id932497563?uo=4
BioDigital - 3D Human Anatomy,com.biodigitalhuman.bdhHumanMobile,ios,"BioDigital, Inc.",Medical,Medical | Health & Fitness,689ed9c3507e92fe6f3df308,https://apps.apple.com/us/app/biodigital-3d-human-anatomy/id771825569?uo=4
Birdsfoot Golf Club,com.gallusgolf.c886.ios.birdsfoot,ios,Lindsay Golf Group LTD,Sports,Sports | Games,689ed367507e92fe6f3de4ee,https://apps.apple.com/us/app/birdsfoot-golf-club/id1296866926?uo=4
Bitdefender Parental Control,com.bitdefender.parentaladvisor,ios,Bitdefender SRL,Lifestyle,Lifestyle | Utilities,689ed465507e92fe6f3de71a,https://apps.apple.com/us/app/bitdefender-parental-control/id1255210149?uo=4
BitLife - Life Simulator,com.wtfapps.apollo16,ios,"Candywriter, LLC",Games,Games | Role Playing | Simulation,689ed1ec507e92fe6f3de185,https://apps.apple.com/us/app/bitlife-life-simulator/id1374403536?uo=4
Black and Mobile,com.blackandmobile,ios,Black and Mobile Inc,Food & Drink,Food & Drink | Shopping,689edf99507e92fe6f3dff4e,https://apps.apple.com/us/app/black-and-mobile/id1481173159?uo=4
Black Coloring Book・Color Noir,com.hh.colorama,ios,"Henry Heisenberg Apps, LLC",Games,Games | Word | Trivia | Entertainment,689ed152507e92fe6f3de088,https://apps.apple.com/us/app/black-coloring-book-color-noir/id1213786913?uo=4
Blackjack 21: Blackjackist,com.iphonesoft3g.blackjack,ios,KamaGames,Games,Games | Casino | Card,689ed5eb507e92fe6f3dea89,https://apps.apple.com/us/app/blackjack-21-blackjackist/id959038492?uo=4
Bleacher Report: Sports News,com.bleacherreport.TeamStream,ios,Bleacher Report,Sports,Sports | News,689edae1507e92fe6f3df56a,https://apps.apple.com/us/app/bleacher-report-sports-news/id418075935?uo=4
Bleems - Flowers & Gifts,com.965flowers.965flowers,ios,Bleems Website Design and Management Co.,Shopping,Shopping | Lifestyle,689ede1a507e92fe6f3dfbec,https://apps.apple.com/us/app/bleems-flowers-gifts/id569788924?uo=4
Block Bag Bang,com.letsgo5433.block,ios,佩雯 高,Games,Games | Trivia | Word | Entertainment,689ed3ec507e92fe6f3de621,https://apps.apple.com/us/app/block-bag-bang/id6479202796?uo=4
Block Puzzle-Wood Sudoku Game,block.puzzle.sudoku.free.game.classic.offline,ios,Oakever Games,Games,Games | Casual | Puzzle,689edd45507e92fe6f3dfa78,https://apps.apple.com/us/app/block-puzzle-wood-sudoku-game/id1494864196?uo=4
Blogger Girl - Outfit Makeover,com.fashionstylistgames.blogger,ios,ARPAplus,Games,Games | Role Playing | Casual | Entertainment,689ed5ea507e92fe6f3dea85,https://apps.apple.com/us/app/blogger-girl-outfit-makeover/id1568262453?uo=4
Blood Donor American Red Cross,org.redcross.blood,ios,American Red Cross,Medical,Medical | Health & Fitness,689ed09c507e92fe6f3ddee8,https://apps.apple.com/us/app/blood-donor-american-red-cross/id911428916?uo=4
Blood pressure app+,com.maximgudzik.bp,ios,7logic OU,Medical,Medical | Health & Fitness,689eded1507e92fe6f3dfd88,https://apps.apple.com/us/app/blood-pressure-app/id1446163218?uo=4
Blood Pressure Companion,com.maxwell.bpcompanionfree,ios,倩 赵,Medical,Medical | Health & Fitness,689ed335507e92fe6f3de47c,https://apps.apple.com/us/app/blood-pressure-companion/id458537528?uo=4
Blood Pressure Tracker BPMate,com.adappt.BP,ios,App Sub 1 LLC,Medical,Medical | Health & Fitness,689eda9c507e92fe6f3df4df,https://apps.apple.com/us/app/blood-pressure-tracker-bpmate/id1296471956?uo=4
Blood Pressure Tracker SmartBP,com.evolvemedicalsystems.sbp,ios,"Evolve Medical Systems, LLC",Medical,Medical | Health & Fitness,689ed326507e92fe6f3de45f,https://apps.apple.com/us/app/blood-pressure-tracker-smartbp/id519076558?uo=4
Blue Letter Bible,com.BlueLetterBible.BLB,ios,Blue Letter Bible,Reference,Reference | Education,689ed93c507e92fe6f3df1da,https://apps.apple.com/us/app/blue-letter-bible/id365547505?uo=4
BlueCare,com.bcbsla.onlinecare.member,ios,Louisiana Health Service and Indemnity Company,Medical,Medical | Health & Fitness,689ed0ae507e92fe6f3ddf16,https://apps.apple.com/us/app/bluecare/id1061235636?uo=4
Blueriiot - Blue Connect,com.riiotlabs.blue,ios,Fluidra Global Distribution S.L.,Lifestyle,Lifestyle | Utilities,689ed3ca507e92fe6f3de5d3,https://apps.apple.com/us/app/blueriiot-blue-connect/id1109733256?uo=4
Bluetooth Inspector,com.georgegarside.bluetoothinspector,ios,George Garside,Developer Tools,Developer Tools | Utilities,689ed05b507e92fe6f3dde4e,https://apps.apple.com/us/app/bluetooth-inspector/id1509085044?uo=4
BMI Kalorie Tablice Żywienia,com.bmikalorie.com,ios,Piotr Ciesielski,Food & Drink,Food & Drink | Health & Fitness,689ed3ba507e92fe6f3de5ac,https://apps.apple.com/us/app/bmi-kalorie-tablice-%C5%BCywienia/id901575659?uo=4
BMJ Best Practice,com.bmj.bmjbestpractice,ios,BMJ Group,Medical,Medical | Reference,689ed2f7507e92fe6f3de3fe,https://apps.apple.com/us/app/bmj-best-practice/id1105379489?uo=4
BNELibraries,au.com.solus.BrisbaneCityCouncilLibraries,ios,Brisbane City Council,Lifestyle,Lifestyle,689ed46a507e92fe6f3de735,https://apps.apple.com/us/app/bnelibraries/id1503342827?uo=4
Boards.com,co.heybliss.BlissApp1,ios,Boards.com Ltd,Business,Business | Productivity,689ed6f5507e92fe6f3decc2,https://apps.apple.com/us/app/boards-com/id1507677341?uo=4
Boat Watch - Ship Tracking,com.pocketmariner.boatwatch,ios,Pocket Mariner Ltd.,Travel,Travel | Navigation,689ed7e4507e92fe6f3deee0,https://apps.apple.com/us/app/boat-watch-ship-tracking/id669023760?uo=4
BODY BIKE® Indoor Cycling,com.bodybike.bbsmartplus,ios,Body Bike Production A/S,Health & Fitness,Health & Fitness | Sports,689ed0ac507e92fe6f3ddf07,https://apps.apple.com/us/app/body-bike-indoor-cycling/id1163240197?uo=4
Body by Blogilates,com.blogilates.body,ios,oGorgeous Inc.,Health & Fitness,Health & Fitness | Sports,689ed4ad507e92fe6f3de7cb,https://apps.apple.com/us/app/body-by-blogilates/id1520242025?uo=4
Body Temperature Recorder,com.tatsuo.temperature,ios,Tatsuo Fujiwara,Medical,Medical | Health & Fitness,689ed420507e92fe6f3de684,https://apps.apple.com/us/app/body-temperature-recorder/id1287919741?uo=4
BodyFast: Intermittent Fasting,de.BodyFast.BodyFast2,ios,BodyFast GmbH,Health & Fitness,Health & Fitness | Food & Drink,689edf07507e92fe6f3dfe0b,https://apps.apple.com/us/app/bodyfast-intermittent-fasting/id1189568780?uo=4
Bolt Browser and Documents,com.danyil.boltbrowser,ios,Danyil Vasilenko,Productivity,Productivity | Entertainment,689ed3e8507e92fe6f3de609,https://apps.apple.com/us/app/bolt-browser-and-documents/id1366502697?uo=4
boohooMAN: Shop Men’s Clothing,com.boohoo.boohooMAN,ios,Boohoo.com UK Limited,Shopping,Shopping | Lifestyle,689ed172507e92fe6f3de0cd,https://apps.apple.com/us/app/boohooman-shop-mens-clothing/id1297017901?uo=4
Book of the Month,com.bookofthemonth.bookofthemonth,ios,Book of the Month,Book,Books | Shopping,689ed222507e92fe6f3de219,https://apps.apple.com/us/app/book-of-the-month/id1473873226?uo=4
Booking.com: Hotels & Travel,com.booking.BookingApp,ios,Booking.com,Travel,Travel | Lifestyle,689ed29f507e92fe6f3de322,https://apps.apple.com/us/app/booking-com-hotels-travel/id367003839?uo=4
Bookly - TBR Book Tracker,com.twodoor.bookeep,ios,TwoDoor Games,Book,Books | Utilities,689edc8d507e92fe6f3df8e8,https://apps.apple.com/us/app/bookly-tbr-book-tracker/id1085047737?uo=4
Bookmate. Listen & read books,ru.bookmate.reader,ios,Bookmate Limited,Book,Books | Entertainment,689ed2e3507e92fe6f3de3bf,https://apps.apple.com/us/app/bookmate-listen-read-books/id386177450?uo=4
BookScouter - Sell & buy books,com.bookscouter,ios,Bookscouter LLC,Utilities,Utilities | Books,689ed6c5507e92fe6f3dec5b,https://apps.apple.com/us/app/bookscouter-sell-buy-books/id366508853?uo=4
Bookshelf,com.vitalsource.Bookshelf,ios,"VitalSource Technologies, Inc.",Education,Education | Books,689ed2e6507e92fe6f3de3d5,https://apps.apple.com/us/app/bookshelf/id389359495?uo=4
Boom Cards,cards.boom.boom,ios,Omega Labs,Education,Education | Games,689ed294507e92fe6f3de319,https://apps.apple.com/us/app/boom-cards/id1041141473?uo=4
Boost Cleaner - Clean Up Smart,Suntechltd.Phuongnga.Boost,ios,CELESTIAN GOLDEN APPS,Utilities,Utilities | Business,689ed9b4507e92fe6f3df2f2,https://apps.apple.com/us/app/boost-cleaner-clean-up-smart/id1475887456?uo=4
Border Traffic,estatic.BorderTraffic,ios,Solutions XYZ LLC,Navigation,Navigation | Travel,689ed596507e92fe6f3de9c9,https://apps.apple.com/us/app/border-traffic/id1121895816?uo=4
Bose,com.bose.bosemusic,ios,Bose Corporation,Music,Music | Entertainment,689ed47c507e92fe6f3de75e,https://apps.apple.com/us/app/bose/id1364986984?uo=4
Bot3D Editor - 3D Anime Editor,com.heuristic.Bot3D,ios,heuristic Inc.,Entertainment,Entertainment | Photo & Video,689ed7d4507e92fe6f3deebc,https://apps.apple.com/us/app/bot3d-editor-3d-anime-editor/id1215161139?uo=4
Bowl Timer,de.coreproduction.bowltimer,ios,Johannes Roth,Health & Fitness,Health & Fitness | Utilities,689edcaa507e92fe6f3df91a,https://apps.apple.com/us/app/bowl-timer/id6740139131?uo=4
Boxing & MMA Round Timer,com.mls.timer,ios,Grima Hdez,Sports,Sports | Health & Fitness,689edc43507e92fe6f3df83c,https://apps.apple.com/us/app/boxing-mma-round-timer/id1551528539?uo=4
Boxing iTimer Lite,Olexandr-Malko.BoxingiTimerLite,ios,AlexApps.Net Co,Sports,Sports | Health & Fitness,68a6212058c742477c12826e,https://apps.apple.com/us/app/boxing-itimer-lite/id507013384?uo=4
Brain Blow: Genius IQ Test,brain.blow.quest,ios,DEVGEIM,Games,Games | Trivia | Puzzle,689ed0fd507e92fe6f3ddfbe,https://apps.apple.com/us/app/brain-blow-genius-iq-test/id1489926629?uo=4
Brain Games - Left vs Right,com.mochibits.leftvsright,ios,"MochiBits, LLC",Games,Games | Casual | Education | Puzzle,689ed273507e92fe6f3de2ce,https://apps.apple.com/us/app/brain-games-left-vs-right/id576395411?uo=4
Brain On: Baby Puzzle Games,brain.quiz.puzzle.girl.games,ios,Learning Games for Toddlers & Kids,Games,Games | Strategy | Education | Puzzle,689ed1df507e92fe6f3de175,https://apps.apple.com/us/app/brain-on-baby-puzzle-games/id6740478573?uo=4
Brain Out -Tricky riddle games,com.mind.quiz.brain.out,ios,EYEWIND LIMITED,Games,Games | Word | Puzzle | Entertainment,689ed5b6507e92fe6f3dea09,https://apps.apple.com/us/app/brain-out-tricky-riddle-games/id1477841973?uo=4
Brain Test Extreme,ba.braintest,ios,"Basement Apps, Inc.",Games,Games | Entertainment | Puzzle | Trivia,689ed6e4507e92fe6f3dec98,https://apps.apple.com/us/app/brain-test-extreme/id1499314678?uo=4
Brain training game:WordCoffee,com.magnithink.wordcoffee,ios,Magnithink,Games,Games | Word | Puzzle,689ed62c507e92fe6f3deb17,https://apps.apple.com/us/app/brain-training-game-wordcoffee/id1275931502?uo=4
BrainHQ,com.positscience.BrainHQ,ios,Posit Science,Education,Education | Health & Fitness,689edab2507e92fe6f3df51b,https://apps.apple.com/us/app/brainhq/id537452201?uo=4
Brainly: AI Homework Helper,com.brainly.us,ios,Brainly sp. z o o,Education,Education | Social Networking,689eda4f507e92fe6f3df444,https://apps.apple.com/us/app/brainly-ai-homework-helper/id745089947?uo=4
BrainPOP,com.brainpop.brainpopfeaturedmovie,ios,BrainPOP®,Education,Education,689edde6507e92fe6f3dfb76,https://apps.apple.com/us/app/brainpop/id364894352?uo=4
Brainstorm - Brain Test,com.axis.brainstorm,ios,Axis Entertainment Limited,Games,Games | Strategy | Education | Puzzle,689ed4ec507e92fe6f3de84d,https://apps.apple.com/us/app/brainstorm-brain-test/id1548271111?uo=4
Breaker—The social podcast app,com.Breaker.BreakerAudio,ios,"Maple Media Apps, LLC",News,News | Productivity,689ed6f3507e92fe6f3decb6,https://apps.apple.com/us/app/breaker-the-social-podcast-app/id1215095006?uo=4
Breethe: Sleep & Meditation,com.omgmeditate.app,ios,OMG. I Can Meditate! Inc.,Health & Fitness,Health & Fitness | Lifestyle,689edc2f507e92fe6f3df817,https://apps.apple.com/us/app/breethe-sleep-meditation/id920161006?uo=4
Breeze: Start Self-Discovery,com.basenji.mood,ios,Basenji Apps,Lifestyle,Lifestyle | Education,689edced507e92fe6f3df9b0,https://apps.apple.com/us/app/breeze-start-self-discovery/id1450365119?uo=4
Brick Car 2: Build Game 4 Kids,com.labolado.labo-brick-car2,ios,"Labo Lado Co., Ltd.",Games,Games | Education | Racing | Family,68a621b158c742477c12839b,https://apps.apple.com/us/app/brick-car-2-build-game-4-kids/id1510879459?uo=4
Bricks Breaker: Deluxe Crusher,net.playtouch.bricksbreaker,ios,PLAYTOUCH,Games,Games | Casual | Puzzle | Entertainment,689ed4e0507e92fe6f3de842,https://apps.apple.com/us/app/bricks-breaker-deluxe-crusher/id1479150385?uo=4
brightwheel: Child Care App,com.sandbox.Sandbox,ios,"DSSV, Inc.",Education,Education | Social Networking,689ed7f5507e92fe6f3def09,https://apps.apple.com/us/app/brightwheel-child-care-app/id902823296?uo=4
Brilliant: Learn by doing,com.brilliant.Brilliant,ios,Brilliant.org,Education,Education | Reference,689ed588507e92fe6f3de9b6,https://apps.apple.com/us/app/brilliant-learn-by-doing/id913335252?uo=4
Bristol Motor Speedway,com.bristolmotorspeedway.bms,ios,"Speedway Motorsports, Inc",Sports,Sports | Entertainment,689ed3ed507e92fe6f3de625,https://apps.apple.com/us/app/bristol-motor-speedway/id508852218?uo=4
Bubble Level for iPhone,com.lemondoo.BubbleLevel,ios,Lemondo Apps LLc,Utilities,Utilities | Productivity,689eda2b507e92fe6f3df3ea,https://apps.apple.com/us/app/bubble-level-for-iphone/id465613917?uo=4
Bubble Match !,com.aemobile.game.bubblematch,ios,AE Mobile,Games,Games | Family | Casual | Entertainment,689edae4507e92fe6f3df577,https://apps.apple.com/us/app/bubble-match/id1067198627?uo=4
Bubble Tea!,com.honeyponey.bubbletea,ios,Dual Cat,Games,Games | Entertainment | Casual | Simulation,689ed355507e92fe6f3de4c3,https://apps.apple.com/us/app/bubble-tea/id1490632518?uo=4
Bucket Stickers,com.showStickers.project,ios,文强 张,Lifestyle,Lifestyle | Entertainment,689ed05b507e92fe6f3dde52,https://apps.apple.com/us/app/bucket-stickers/id1493744997?uo=4
BueNovela - leer novela libro,com.read.buenovela,ios,SINGAPORE NEW READING TECHNOLOGY PTE. LTD.,Book,Books,689edee6507e92fe6f3dfdbe,https://apps.apple.com/us/app/buenovela-leer-novela-libro/id1547565419?uo=4
Bukoleya Extra,com.bukoleya.extra,ios,Ssebuuma Moses,Entertainment,Entertainment | Lifestyle,689ed4ad507e92fe6f3de7c7,https://apps.apple.com/us/app/bukoleya-extra/id6733246320?uo=4
Burger King Puerto Rico,pr.burgerking.BurgerKingPR,ios,Burger King Corporation,Food & Drink,Food & Drink,689ed150507e92fe6f3de07a,https://apps.apple.com/us/app/burger-king-puerto-rico/id1017388456?uo=4
BURGER KING® App,com.emn8.mobilem8.native.bkrewards,ios,Burger King Corporation,Food & Drink,Food & Drink | Lifestyle,689edd32507e92fe6f3dfa4b,https://apps.apple.com/us/app/burger-king-app/id638323895?uo=4
Burraco Più - Card games,it.spaghettiinteractive.burracopiu,ios,Spaghetti Interactive,Games,Games | Social Networking | Card | Casino,689ed04e507e92fe6f3dde3c,https://apps.apple.com/us/app/burraco-pi%C3%B9-card-games/id1282977975?uo=4
Business Insider,com.businessinsider.iphone,ios,"Insider, Inc.",News,News | Business,68aff89cfadf073ff9a9d13d,https://apps.apple.com/us/app/business-insider/id554260576?uo=4
Busuu: Language Learning,com.busuu.english.app,ios,Busuu Limited,Education,Education | Travel,689ed368507e92fe6f3de4f2,https://apps.apple.com/us/app/busuu-language-learning/id379968583?uo=4
Butt Workout: Fitness at Home,com.oneothergame.7min-butt,ios,Fast Builder Limited,Health & Fitness,Health & Fitness | Lifestyle,68a6214058c742477c1282b5,https://apps.apple.com/us/app/butt-workout-fitness-at-home/id869170275?uo=4
Bybit: Buy Bitcoin & Crypto,com.bybit.app,ios,Bybit Fintech Limited,Finance,Finance | Utilities,68afb85a1584368e59359340,https://apps.apple.com/us/app/bybit-buy-bitcoin-crypto/id1488296980?uo=4
C182 Performance,com.pohperformance.C182,ios,POH Performance L.L.C.,Utilities,Utilities | Travel,689ed10f507e92fe6f3ddfee,https://apps.apple.com/us/app/c182-performance/id1483297921?uo=4
Cake - Learn English & Korean,me.mycake,ios,Cake Company Limited,Education,Education,689ed9e8507e92fe6f3df35e,https://apps.apple.com/us/app/cake-learn-english-korean/id1350420987?uo=4
Calc-FDI,au.com.fairport.calcfdi,ios,FTI (1997) Pty Ltd,Weather,Weather | Utilities,689ed0ad507e92fe6f3ddf11,https://apps.apple.com/us/app/calc-fdi/id530077646?uo=4
Calculated Cakes,com.calculatedcakes.CalculatedCakes,ios,Chris Flesner,Food & Drink,Food & Drink | Lifestyle,689edb87507e92fe6f3df6ae,https://apps.apple.com/us/app/calculated-cakes/id1071407533?uo=4
Calculator,com.apple.calculator,ios,Apple,Utilities,Utilities,68b8ffb12df1e356d76c0b44,https://apps.apple.com/us/app/calculator/id1069511488?uo=4
Calculator #,com.incpt.mobis.CalculatorSharp,ios,Incpt.Mobis,Utilities,Utilities | Productivity,689edba9507e92fe6f3df6f5,https://apps.apple.com/us/app/calculator/id458535080?uo=4
Calculator +,com.yourcompany.Solve,ios,xNeat.com,Utilities,Utilities | Productivity,689edee4507e92fe6f3dfdb1,https://apps.apple.com/us/app/calculator/id351815470?uo=4
Calculator# Hide Photos Videos,net.newsoftwares.NSVault,ios,NewSoftwares.net,Utilities,Utilities | Productivity,689ed51f507e92fe6f3de8c5,https://apps.apple.com/us/app/calculator-hide-photos-videos/id1165276801?uo=4
Calculator++F,com.kdevelop.CalcplusFree,ios,YUTAKA KENJO,Finance,Finance | Utilities,689ed990507e92fe6f3df295,https://apps.apple.com/us/app/calculator-f/id1070080614?uo=4
Calendar,com.apple.mobilecal,ios,Apple,Productivity,Productivity,689528bd4eb658fc134a39ce,https://apps.apple.com/us/app/calendar/id1108185179?uo=4
Calendar ·,com.podfactor.pod,ios,Luni,Productivity,Productivity | Business,689ed3a9507e92fe6f3de586,https://apps.apple.com/us/app/calendar/id1113106806?uo=4
Calendars: Planner & Organizer,com.readdle.CalendarsLite,ios,Readdle Technologies Limited,Productivity,Productivity | Lifestyle,689ed817507e92fe6f3def46,https://apps.apple.com/us/app/calendars-planner-organizer/id608834326?uo=4
Call Santa Claus - Prank Call,com.fakecall.fakechat.prank.app,ios,Rofi Games,Lifestyle,Lifestyle,689ed06a507e92fe6f3dde6d,https://apps.apple.com/us/app/call-santa-claus-prank-call/id6465081332?uo=4
Calm,com.calm.calmapp,ios,Calm.com,Health & Fitness,Health & Fitness | Lifestyle,689ed7c1507e92fe6f3dee8f,https://apps.apple.com/us/app/calm/id571800810?uo=4
Calm Radio - Music to Relax,com.calmradio.new,ios,Calm Radio,Music,Music | Health & Fitness,689ed3cc507e92fe6f3de5db,https://apps.apple.com/us/app/calm-radio-music-to-relax/id918425515?uo=4
Calvary Chapel Chino Hills,com.pixelark.calvarychapelchinohills,ios,Calvary Chapel Chino Hill,Education,Education | Lifestyle,689ed10e507e92fe6f3ddfea,https://apps.apple.com/us/app/calvary-chapel-chino-hills/id1064135369?uo=4
CAMEO Chemicals,gov.noaa.cameochemical,ios,National Oceanic and Atmospheric Administration,Reference,Reference | Utilities,689ede07507e92fe6f3dfbba,https://apps.apple.com/us/app/cameo-chemicals/id1151912682?uo=4
Camera,com.apple.camera,ios,Apple,Photo & Video,Photo & Video,68c3b934539ef24374f45279,https://apps.apple.com/us/app/camera/id1584216193?uo=4
Camera Math Solver - UpStudy,com.crazylab.cameramath,ios,CRAZYSLOTH PTE. LTD.,Education,Education | Utilities,689ed163507e92fe6f3de0af,https://apps.apple.com/us/app/camera-math-solver-upstudy/id1532857459?uo=4
Camera Scanner - PDF,com.iosdocumentscanner.scanerapp,ios,Position Mobile Ltd SEZC,Business,Business,689edcbe507e92fe6f3df950,https://apps.apple.com/us/app/camera-scanner-pdf/id1522421913?uo=4
Camo Camera,com.reincubate.ios.cam,ios,Reincubate,Utilities,Utilities | Photo & Video,689ee016507e92fe6f3e0015,https://apps.apple.com/us/app/camo-camera/id1514199064?uo=4
Camp Flog Gnaw Carnival,com.goldenvoice.campfloggnaw,ios,Goldenvoice,Music,Music | Entertainment,689ed253507e92fe6f3de288,https://apps.apple.com/us/app/camp-flog-gnaw-carnival/id1289455572?uo=4
CAMRA's - Good Beer Guide,com.ionicframework.gbgionic299560,ios,Campaign for Real Ale Ltd,Food & Drink,Food & Drink | Travel,689ede4f507e92fe6f3dfc73,https://apps.apple.com/us/app/camras-good-beer-guide/id1233650729?uo=4
CamScanner - PDF Scanner App,com.intsig.CamScannerLite,ios,"INTSIG Information Co., Ltd",Productivity,Productivity | Business,689ed3cb507e92fe6f3de5d7,https://apps.apple.com/us/app/camscanner-pdf-scanner-app/id388627783?uo=4
Cannabis Now,com.magazinecloner.cannabisnow,ios,Magazinecloner.com US LLC,Lifestyle,Lifestyle | Magazines & Newspapers,689ed4ab507e92fe6f3de7bd,https://apps.apple.com/us/app/cannabis-now/id662121602?uo=4
Canva: AI Photo & Video Editor,com.canva.canvaeditor,ios,Canva,Photo & Video,Photo & Video | Productivity,689ed193507e92fe6f3de118,https://apps.apple.com/us/app/canva-ai-photo-video-editor/id897446215?uo=4
Canvas Teacher,com.instructure.ios.teacher,ios,Instructure Inc.,Education,Education | Productivity,689ed201507e92fe6f3de1c8,https://apps.apple.com/us/app/canvas-teacher/id1257834464?uo=4
CapCut - Video Editor,com.lemon.lvoverseas,ios,Bytedance Pte. Ltd,Photo & Video,Photo & Video,68b869b6e6e06e7e17145709,https://apps.apple.com/us/app/capcut-video-editor/id1500855883?uo=4
Capitals Quizzer,benjamesward.capitals,ios,Supergonk Ltd.,Games,Games | Trivia | Puzzle | Education,689edaaf507e92fe6f3df50b,https://apps.apple.com/us/app/capitals-quizzer/id335618395?uo=4
Capybara Makeover,com.horror.sprankie.dressup.makeover,ios,ANH TUAN PHAM,Games,Games | Music | Entertainment | Casual,689ed4ec507e92fe6f3de84b,https://apps.apple.com/us/app/capybara-makeover/id6741469047?uo=4
Cardiolog - Heart Rate Monitor,com.wollowup.kardio,ios,Napisana,Medical,Medical | Health & Fitness,689ed749507e92fe6f3ded7c,https://apps.apple.com/us/app/cardiolog-heart-rate-monitor/id6483942269?uo=4
CardioVisual: Heart Health,com.cardio-visual.Cardio-Visual-Lite,ios,"MedicalVisual, Inc",Medical,Medical | Education,68a6219d58c742477c128368,https://apps.apple.com/us/app/cardiovisual-heart-health/id1009028152?uo=4
Career Fair Plus,com.careerfairplus.cfplus.CFPlus,ios,"Career Soft, LLC.",Education,Education | Business,689edad0507e92fe6f3df54d,https://apps.apple.com/us/app/career-fair-plus/id1119153393?uo=4
CARROT Weather: Alerts & Radar,com.grailr.CARROTweather,ios,Grailr LLC,Weather,Weather | Utilities,689ed991507e92fe6f3df29b,https://apps.apple.com/us/app/carrot-weather-alerts-radar/id961390574?uo=4
CarX Drift Racing 2,com.carx-tech.carxdr2,ios,CarX Technologies,Games,Games | Sports | Racing | Entertainment,68a621bd58c742477c1283a6,https://apps.apple.com/us/app/carx-drift-racing-2/id1198510863?uo=4
Casino Roulette: Roulettist,com.iphonesoft3g.roulettemac,ios,KamaGames,Games,Games | Casino,689ed197507e92fe6f3de12d,https://apps.apple.com/us/app/casino-roulette-roulettist/id972048572?mt=12&uo=4
Cast Web Videos to TV - iWebTV,com.swishly.webtv,ios,Swishly inc,Photo & Video,Photo & Video | Entertainment,689ed25f507e92fe6f3de292,https://apps.apple.com/us/app/cast-web-videos-to-tv-iwebtv/id999462129?uo=4
CastChat - Voice Chat & Match,com.talkie.walkie.chat.among,ios,Cuddle Live,Social Networking,Social Networking | Entertainment,689ed2c5507e92fe6f3de384,https://apps.apple.com/us/app/castchat-voice-chat-match/id1539641263?uo=4
Catch Santa Claus in My House,com.dualverse.catchsanta,ios,"Dualverse, Inc.",Photo & Video,Photo & Video,689ed914507e92fe6f3df184,https://apps.apple.com/us/app/catch-santa-claus-in-my-house/id1544603413?uo=4
CatchUp - Bite-Sized Summaries,QuotableApplication,ios,"Science Mobile, LLC",Education,Education | Books,68a6211558c742477c12826a,https://apps.apple.com/us/app/catchup-bite-sized-summaries/id1440624570?uo=4
Catholic Bible OFFLINE (CPDV),com.catholic.bible,ios,Haven Tran,Book,Books | Reference,689ed716507e92fe6f3ded03,https://apps.apple.com/us/app/catholic-bible-offline-cpdv/id1623421676?uo=4
Catholic Daily Readings,co.dailyapps.CatholicDailyReadings,ios,Gabriel Caldwell,Book,Books | Reference,689ed399507e92fe6f3de566,https://apps.apple.com/us/app/catholic-daily-readings/id1096958803?uo=4
Catholic Prayers : Official,com.jeethukthomas.catholicprayers,ios,Reeba Sebastian,Reference,Reference | Lifestyle,689ed2f5507e92fe6f3de3f2,https://apps.apple.com/us/app/catholic-prayers-official/id1131116859?uo=4
CathPCI Risk Calculator,org.acc.cathpcibleedingrisk,ios,American College of Cardiology,Medical,Medical | Reference,689eda6c507e92fe6f3df479,https://apps.apple.com/us/app/cathpci-risk-calculator/id1187934909?uo=4
Cats Hotel: The Grand Meow,com.ohayoo.meowtel.cats.home,ios,Ohayo Games,Games,Games | Entertainment | Family | Trivia,689ed292507e92fe6f3de30e,https://apps.apple.com/us/app/cats-hotel-the-grand-meow/id1506820867?uo=4
Cavaraty كفراتي,com.wavai.cavaraty,ios,WAVAI WEB DESIGN & MANAGEMENT,Shopping,Shopping,689ed2b4507e92fe6f3de35e,https://apps.apple.com/us/app/cavaraty-%D9%83%D9%81%D8%B1%D8%A7%D8%AA%D9%8A/id1241302199?uo=4
Caviar - Order Food Delivery,com.trycaviar.consumer,ios,"Caviar, Inc.",Food & Drink,Food & Drink,689edf46507e92fe6f3dfe91,https://apps.apple.com/us/app/caviar-order-food-delivery/id931355786?uo=4
CBN Daily Devotional Bible App,com.cbn.iphone-bible,ios,"The Christian Broadcasting Network, Inc",Book,Books | Reference,68a6210158c742477c128238,https://apps.apple.com/us/app/cbn-daily-devotional-bible-app/id521204380?uo=4
CBS,com.cbsbrand.video,ios,CBS Interactive,Entertainment,Entertainment,689ed186507e92fe6f3de105,https://apps.apple.com/us/app/cbs/id1540866664?uo=4
CBS19 Weather Authority,com.gray.wcav.CBS19-Weather,ios,KAKEland Media,Weather,Weather | News,68a620d558c742477c1281ef,https://apps.apple.com/us/app/cbs19-weather-authority/id1358859775?uo=4
CBS7 Weather,com.kosa.KOSA-CBS7,ios,"Gray Television Group, Inc.",Weather,Weather | News,68a6216e58c742477c12830b,https://apps.apple.com/us/app/cbs7-weather/id511037078?uo=4
CDL Exam Prep 2025 By ABC,com.abc.cdltest,ios,Thanh Hung,Education,Education | Reference,689edee8507e92fe6f3dfdc8,https://apps.apple.com/us/app/cdl-exam-prep-2025-by-abc/id1469003902?uo=4
CDL Practice Test®,com.palmeacres.CDLPractice,ios,"The PATG Group, Inc.",Reference,Reference | Education,689edbdb507e92fe6f3df758,https://apps.apple.com/us/app/cdl-practice-test/id1441336161?uo=4
CESCO Digital,gov.pr.dtop.mobile.cescodigital,ios,Office of the Governor of Puerto Rico,Lifestyle,Lifestyle | Utilities,689ed102507e92fe6f3ddfde,https://apps.apple.com/us/app/cesco-digital/id1389951990?uo=4
CFBPlayoff,com.sidearm.fanapp.cfp,ios,SIDEARM Sports,Sports,Sports | Entertainment,689ed2e3507e92fe6f3de3c3,https://apps.apple.com/us/app/cfbplayoff/id1292859802?uo=4
Channel3000 Weather & Traffic,com.wisc.WISC-Wx,ios,Evening Telegram Company,Weather,Weather | News,68a620f158c742477c128219,https://apps.apple.com/us/app/channel3000-weather-traffic/id937308042?uo=4
Chants D'Esperance Tunes,com.masterapps.chantsdesperance,ios,Elizete Lima,Book,Books | Education,689edf38507e92fe6f3dfe76,https://apps.apple.com/us/app/chants-desperance-tunes/id1451882093?uo=4
Charging Animation,com.jongjoy.chargingeffects,ios,JIANGYONG LIU21021539842,Utilities,Utilities,689ed564507e92fe6f3de95e,https://apps.apple.com/us/app/charging-animation/id1537282082?uo=4
charging play,com.zh.charge,ios,妮琳 张,Utilities,Utilities | Reference,689ed3b6507e92fe6f3de595,https://apps.apple.com/us/app/charging-play/id1532220797?uo=4
Charging Show - Cool Play !,com.zerone.battery,ios,"Xiamen iScreen Information Technology Co., Ltd.",Reference,Reference | Utilities,689ed443507e92fe6f3de6cb,https://apps.apple.com/us/app/charging-show-cool-play/id1542127746?uo=4
Chatbooks Family Photo Albums,com.justfamily.Moments,ios,"Chatbooks, Inc.",Photo & Video,Photo & Video | Productivity,689edee5507e92fe6f3dfdb8,https://apps.apple.com/us/app/chatbooks-family-photo-albums/id734887606?uo=4
ChatGPT,com.openai.chat,ios,OpenAI,Productivity,Productivity | Utilities,689da86ab96917e99d04ecae,https://apps.apple.com/us/app/chatgpt/id6448311069?uo=4
Chatly: AI Chatbot & Assistant,chat.ai,ios,Aimo Apps DMCC,Productivity,Productivity | Utilities,689ed185507e92fe6f3de101,https://apps.apple.com/us/app/chatly-ai-chatbot-assistant/id6473722378?uo=4
Cheat-Sheet,com.Enrico.SwiftUI-Cheat-Sheet,ios,Bansemer Consulting GmbH,Developer Tools,Developer Tools | Reference,68a620d158c742477c1281da,https://apps.apple.com/us/app/cheat-sheet/id1507455384?uo=4
Checkers game,com.itchigoo.dames,ios,Itchigoo,Games,Games | Strategy | Board | Education,689ed8c5507e92fe6f3df0dd,https://apps.apple.com/us/app/checkers-game/id404242044?uo=4
Chemistry Answers,com.soofun.Chemistry,ios,Soofun Games,Reference,Reference | Productivity,689ede6d507e92fe6f3dfca6,https://apps.apple.com/us/app/chemistry-answers/id1502837305?uo=4
Chemistry. Periodic table. AI,diniska.Chemistry,ios,Denis Chashchin,Education,Education | Utilities,689ed69b507e92fe6f3debf5,https://apps.apple.com/us/app/chemistry-periodic-table-ai/id493558583?uo=4
Chibi Maker: Dress Up Games,com.animedressupgames.chibi,ios,ARPAplus,Games,Games | Lifestyle | Casual | Role Playing,689ed194507e92fe6f3de11a,https://apps.apple.com/us/app/chibi-maker-dress-up-games/id1480800201?uo=4
Chick-fil-A,com.engauge.Chick-fil-A,ios,"Chick-fil-A, Inc.",Food & Drink,Food & Drink | Lifestyle,68e4a75b2790f644ecdba209,https://apps.apple.com/us/app/chick-fil-a/id488818252?uo=4
Chocolate Pop It DIY Games,pop.it.chocolate,ios,Double Fun Ltd,Entertainment,Entertainment | Health & Fitness,689ed388507e92fe6f3de537,https://apps.apple.com/us/app/chocolate-pop-it-diy-games/id1614746692?uo=4
"Chordify: Songs, Chords, Tuner",net.chordify.Chordify,ios,Chordify BV,Music,Music | Education,689eda7a507e92fe6f3df497,https://apps.apple.com/us/app/chordify-songs-chords-tuner/id1073624757?uo=4
christianaudio,com.christianaudio.christianaudio,ios,christianaudio,Book,Books | Entertainment,689edc45507e92fe6f3df843,https://apps.apple.com/us/app/christianaudio/id983720903?uo=4
Chromecaster: Get Streaming TV,com.tvcast.chromecast,ios,TV Cast Pte. Ltd.,Utilities,Utilities | Entertainment,689ed6f4507e92fe6f3decbe,https://apps.apple.com/us/app/chromecaster-get-streaming-tv/id1474236946?uo=4
Church Center App,com.ministrycentered.ChurchCenter,ios,Ministry Centered Technologies,Lifestyle,Lifestyle,689ed173507e92fe6f3de0d3,https://apps.apple.com/us/app/church-center-app/id1357742931?uo=4
Church News,com.thechurchnews.Church-News,ios,Deseret News Publishing Company,News,News | Lifestyle,68a6218d58c742477c128344,https://apps.apple.com/us/app/church-news/id1476599301?uo=4
CINEMANÍA,com.magzter.cinemania,ios,Magzter Inc.,Magazines & Newspapers,Magazines & Newspapers | Entertainment,689ed4fe507e92fe6f3de87d,https://apps.apple.com/us/app/cineman%C3%ADa/id887866136?uo=4
Cinnabon Australia Loyalty App,com.tevalis.cinnabon,ios,Leosphere Limited,Food & Drink,Food & Drink | Utilities,689eda8f507e92fe6f3df4d4,https://apps.apple.com/us/app/cinnabon-australia-loyalty-app/id1610962683?uo=4
CIProud2Go Weather,com.newssynergy.ciproudweather,ios,Nexstar Broadcasting,Weather,Weather,689ed220507e92fe6f3de209,https://apps.apple.com/us/app/ciproud2go-weather/id835287501?uo=4
City Bus Simulator 3D Stunt,com.gta.dr.driving.bus.simulator.taxi.passenger.car.parking.free.game,ios,Muhammad Tariq,Games,Games | Lifestyle | Action | Simulation,689ed3ba507e92fe6f3de5ae,https://apps.apple.com/us/app/city-bus-simulator-3d-stunt/id1658262993?uo=4
Citymapper: All Live Transit,azdev.citymapper,ios,Citymapper Limited,Navigation,Navigation | Travel,689ed0e1507e92fe6f3ddf8f,https://apps.apple.com/us/app/citymapper-all-live-transit/id469463298?uo=4
Citystars,com.goldenpyramidsplaza.citystars,ios,Citystars Properties,Shopping,Shopping | Entertainment,689ed791507e92fe6f3dee2b,https://apps.apple.com/us/app/citystars/id1061930881?uo=4
Class schedule by TimeTo,com.olivier.AgendaEtudiantFree,ios,oWorld Software,Education,Education | Productivity,689ed5fd507e92fe6f3deab4,https://apps.apple.com/us/app/class-schedule-by-timeto/id489566160?uo=4
ClassDojo,com.ClassDojo,ios,"ClassDojo, Inc.",Education,Education | Productivity,689ed402507e92fe6f3de650,https://apps.apple.com/us/app/classdojo/id552602056?uo=4
"ClassPass: Fitness, Spa, Salon",com.classpass.classpass,ios,"ClassPass, LLC",Health & Fitness,Health & Fitness | Lifestyle,68aff9f876368388f9b9bce2,https://apps.apple.com/us/app/classpass-fitness-spa-salon/id912947244?uo=4
Clean Wave - Clear Speaker,com.DCZT.SpeakerCleaner,ios,David Krejci,Utilities,Utilities | Music,689ed100507e92fe6f3ddfd2,https://apps.apple.com/us/app/clean-wave-clear-speaker/id1558119984?uo=4
Cleaner: Clean Up Storage,com.maplelabs.cleaner,ios,"Maple Labs Co., Ltd",Productivity,Productivity | Utilities,689ed83d507e92fe6f3defad,https://apps.apple.com/us/app/cleaner-clean-up-storage/id1452301483?uo=4
Cleveland News from WKYC,com.gannett.news.local.WKYCNews,ios,Tegna Inc.,News,News | Weather,689ed565507e92fe6f3de962,https://apps.apple.com/us/app/cleveland-news-from-wkyc/id469396327?uo=4
Clientary - Small Business CRM,com.clientary.yari,ios,Unbrew Inc,Business,Business | Finance,689edd67507e92fe6f3dfab1,https://apps.apple.com/us/app/clientary-small-business-crm/id6472619299?uo=4
Clime: NOAA Weather Radar Live,com.apalonapps.radarfree,ios,Mosaic S.r.l.,Weather,Weather | Travel,689edf4c507e92fe6f3dfeb3,https://apps.apple.com/us/app/clime-noaa-weather-radar-live/id749133753?uo=4
Clip Studio Paint for iPhone,jp.co.celsys.clipstudiopaint-iphone,ios,"CELSYS,Inc.",Graphics & Design,Graphics & Design | Entertainment,68a620e158c742477c1281f7,https://apps.apple.com/us/app/clip-studio-paint-for-iphone/id1483037022?uo=4
Clip2Comic: Toon Photo Editor,de.tag2me.toonsnap,ios,Digital Masterpieces GmbH,Photo & Video,Photo & Video | Graphics & Design,689ed336507e92fe6f3de484,https://apps.apple.com/us/app/clip2comic-toon-photo-editor/id876328355?uo=4
Clock,com.apple.mobiletimer,ios,Apple,Utilities,Utilities,689d9e30b719d64f51db149d,https://apps.apple.com/us/app/clock/id1584215688?uo=4
Cloud Music Player - Listener,com.MyApp.cloudmusic,ios,继勋 于,Music,Music,689edd6d507e92fe6f3dfab7,https://apps.apple.com/us/app/cloud-music-player-listener/id1054011814?uo=4
Clover,com.getperka.customer,ios,"Clover Network, Inc.",Shopping,Shopping | Lifestyle,689ed74d507e92fe6f3ded95,https://apps.apple.com/us/app/clover/id428620381?uo=4
Club Padel House,tpc.matchpoint.clubpadelhouse,ios,JADAYA INVERSIONES SOCIEDAD LIMITADA,Sports,Sports | Health & Fitness,689ed413507e92fe6f3de674,https://apps.apple.com/us/app/club-padel-house/id6738174653?uo=4
Clue Period & Cycle Tracker,com.helloclue.clue,ios,BioWink GmbH,Health & Fitness,Health & Fitness | Medical,68fc43be650b0e0f820eb51d,https://apps.apple.com/us/app/clue-period-cycle-tracker/id657189652?uo=4
"ClutchPoints - NBA, NFL, MLB",com.clutchpoints.ClutchPoints,ios,"ClutchPoints, Inc.",Sports,Sports | Entertainment,689ed0ff507e92fe6f3ddfca,https://apps.apple.com/us/app/clutchpoints-nba-nfl-mlb/id1044413150?uo=4
CNBC: Stock Market & Business,com.nbcuni.cnbc.cnbcrtipad,ios,"NBCUniversal Media, LLC",News,News | Finance,689ed212507e92fe6f3de1f4,https://apps.apple.com/us/app/cnbc-stock-market-business/id398018310?uo=4
CNG stanice,cz.inited.cngmap,ios,Inited Solutions s.r.o.,Travel,Travel | Navigation,689ee015507e92fe6f3e0013,https://apps.apple.com/us/app/cng-stanice/id1086588457?uo=4
Coachella Official,com.goldenvoice.coachellafest,ios,Goldenvoice,Music,Music | Entertainment,689edbe0507e92fe6f3df772,https://apps.apple.com/us/app/coachella-official/id632833729?uo=4
Code Recipes,ru.obraztsov.codeSamples,ios,Fedor Obraztsov,Developer Tools,Developer Tools | Education,689ed1c2507e92fe6f3de162,https://apps.apple.com/us/app/code-recipes/id1012115120?uo=4
CodyCross: Crossword Puzzles,com.fanatee.cody,ios,Fanatee,Games,Games | Trivia | Word | Education,689ed9f4507e92fe6f3df368,https://apps.apple.com/us/app/codycross-crossword-puzzles/id1092689152?uo=4
Coin Collector magazine,com.magazinecloner.coincollecting,ios,Warners Group Publications PLC,Lifestyle,Lifestyle | Magazines & Newspapers,689eded3507e92fe6f3dfd8e,https://apps.apple.com/us/app/coin-collector-magazine/id637468747?uo=4
College Football Scores Live,com.toddbrady.collegeFootballRadio,ios,Brady Software LLC,Sports,Sports,689edf08507e92fe6f3dfe10,https://apps.apple.com/us/app/college-football-scores-live/id1195431915?uo=4
College Girl Team Makeover,com.gamesforgirlsfree.collegegirlsteam,ios,ARPAplus,Games,Games | Role Playing | Casual | Lifestyle,689ed0ef507e92fe6f3ddfa5,https://apps.apple.com/us/app/college-girl-team-makeover/id1485203290?uo=4
College Scholarship Calculator,com.collegeraptor.netpricecalculator,ios,College Raptor,Education,Education | Finance,689edc56507e92fe6f3df865,https://apps.apple.com/us/app/college-scholarship-calculator/id1044090838?uo=4
Color Blind Pal,com.colorblindpal.ColorBlindPalMobile,ios,Vincent Fiorentini,Utilities,Utilities | Photo & Video,689ed210507e92fe6f3de1e4,https://apps.apple.com/us/app/color-blind-pal/id1037744228?uo=4
Color Fonts Keyboard: Cute Bio,com.coolgamapp.colorfontskeyboard,ios,Cool GamApp Limited,Utilities,Utilities | Social Networking,689ed706507e92fe6f3dece5,https://apps.apple.com/us/app/color-fonts-keyboard-cute-bio/id961012600?uo=4
"Color Keyboard - Themes, Fonts",com.appyfurious.ckfree,ios,Appyfurious LLC,Utilities,Utilities | Productivity,689ed303507e92fe6f3de409,https://apps.apple.com/us/app/color-keyboard-themes-fonts/id1028295028?uo=4
Color Me In My Aquarium,com.xgamedev.colormeinaquarium,ios,XGameDev Pty Ltd,Games,Games | Education | Family,689edcae507e92fe6f3df92e,https://apps.apple.com/us/app/color-me-in-my-aquarium/id1202054773?uo=4
Color Pro Picker,Website.Alotof.Color,ios,Nicolas Cook Leon,Developer Tools,Developer Tools | Utilities,689ed477507e92fe6f3de741,https://apps.apple.com/us/app/color-pro-picker/id1207928528?uo=4
Color Reveal Love Story Games,barbee.surprise.doll.games,ios,Makeup Master Games,Games,Games | Simulation | Role Playing,689ed3b8507e92fe6f3de5a3,https://apps.apple.com/us/app/color-reveal-love-story-games/id6458879409?uo=4
Color Therapy Coloring Number,com.miinu.colortherapy,ios,Miinu Limited,Book,Books | Entertainment,689eddfc507e92fe6f3dfbb2,https://apps.apple.com/us/app/color-therapy-coloring-number/id1031002863?uo=4
Color Tiles : Vocal Piano Game,com.geckolor.pianopurple,ios,WingsMob Global Ltd.,Games,Games | Music | Casual | Entertainment,689edbca507e92fe6f3df731,https://apps.apple.com/us/app/color-tiles-vocal-piano-game/id1561927227?uo=4
Coloring Book Air,com.internet-rocks.colorando,ios,Air Apps Systems,Book,Books | Lifestyle,68a620d258c742477c1281e0,https://apps.apple.com/us/app/coloring-book-air/id1195677610?uo=4
Compass ×,com.mariposa.compassiphone,ios,DOUBLE U s.r.o.,Navigation,Navigation | Utilities,689ed6e5507e92fe6f3dec9c,https://apps.apple.com/us/app/compass/id400104835?uo=4
Compass ⊘,com.imaginatr.compass,ios,Christophe Pereira,Navigation,Navigation | Utilities,68db10097bb42ce785c80074,https://apps.apple.com/us/app/compass/id378697811?uo=4
Compendium - Medication Guide,com.treeinspired.kompendium,ios,treeinspired GmbH,Medical,Medical | Health & Fitness,689ed63f507e92fe6f3deb3d,https://apps.apple.com/us/app/compendium-medication-guide/id407069899?mt=12&uo=4
Compendium – Medication Guide,XBAD4N6BA4.com.treeinspired.kompendium,ios,treeinspired GmbH,Medical,Medical | Health & Fitness,689ed162507e92fe6f3de0ad,https://apps.apple.com/us/app/compendium-medication-guide/id373040910?uo=4
Compex Coach,com.djoglobal.CompexCoach,ios,"DJO, LLC",Health & Fitness,Health & Fitness | Sports,689ed567507e92fe6f3de96c,https://apps.apple.com/us/app/compex-coach/id1434658426?uo=4
Complete Anatomy for iPhone,com.3D4Medical.CAPhone,ios,3D4Medical from Elsevier,Medical,Medical | Education,689edfc1507e92fe6f3dffae,https://apps.apple.com/us/app/complete-anatomy-for-iphone/id1309253074?uo=4
Concepts,com.tophatch.Concepts,ios,"TopHatch, Inc.",Graphics & Design,Graphics & Design | Productivity,689edec6507e92fe6f3dfd81,https://apps.apple.com/us/app/concepts/id560586497?uo=4
Concertzender Radio,ccom.Concertzender.ConcertzenderRadio,ios,Stichting Concertzender,Music,Music | Entertainment,689ed23e507e92fe6f3de245,https://apps.apple.com/us/app/concertzender-radio/id923154591?uo=4
CONEXPO-CON/AGG and IFPE 2023,com.aem.conexpo,ios,Association of Equipment Manufactures,Business,Business | Entertainment,689ed4ae507e92fe6f3de7cd,https://apps.apple.com/us/app/conexpo-con-agg-and-ifpe-2023/id1497968404?uo=4
Confide - Private messenger,cm.confide.ios,ios,Mosaic S.r.l.,Business,Business | Social Networking,689ed3bb507e92fe6f3de5b6,https://apps.apple.com/us/app/confide-private-messenger/id779883419?uo=4
Connected Care for Families,com.jmr.connectedcare,ios,JMR Healthcare Innovations,Medical,Medical | Health & Fitness,689ed04c507e92fe6f3dde34,https://apps.apple.com/us/app/connected-care-for-families/id1501212778?uo=4
Constitution for iPhone,com.cbagwellconsulting.Constitution,ios,Clint Bagwell Consulting,Reference,Reference | Books,689ed5e8507e92fe6f3dea7a,https://apps.apple.com/us/app/constitution-for-iphone/id288657710?uo=4
Contacts,com.apple.MobileAddressBook,ios,Apple,Utilities,Utilities,689e482f84b53e73c16fbdbf,https://apps.apple.com/us/app/contacts/id1069512615?uo=4
Contraction Timer - Time labor,au.com.penguinapps.ios.ContractionTimer,ios,Going Merry LLC,Medical,Medical | Health & Fitness,689ed93c507e92fe6f3df1de,https://apps.apple.com/us/app/contraction-timer-time-labor/id933501579?uo=4
Contribution Graphs for GitHub,com.andergoig.GitHubContributions,ios,Ander Goig,Developer Tools,Developer Tools | Utilities,689edc31507e92fe6f3df821,https://apps.apple.com/us/app/contribution-graphs-for-github/id1537192731?uo=4
Conversion Calculator!,com.olivier.convertItFree,ios,oWorld Software,Productivity,Productivity | Reference,689ed20f507e92fe6f3de1df,https://apps.apple.com/us/app/conversion-calculator/id417794697?uo=4
Cookie Caterer,com.cookiecaterer.app81953,ios,Gregory Collie II,Food & Drink,Food & Drink,689ede61507e92fe6f3dfc9a,https://apps.apple.com/us/app/cookie-caterer/id1658577795?uo=4
Cooking Wonder,com.wonderlegend.cookingwonder,ios,WonderLegend Games,Games,Games | Role Playing | Simulation,689edb78507e92fe6f3df694,https://apps.apple.com/us/app/cooking-wonder/id1638005392?uo=4
Cooklist: Pantry Meals Recipes,org.reactjs.native.example.Cooklist,ios,"Cooklist, Inc",Food & Drink,Food & Drink | Health & Fitness,689ed3a6507e92fe6f3de574,https://apps.apple.com/us/app/cooklist-pantry-meals-recipes/id1352600944?uo=4
Cool Live Wallpapers Maker 4k,com.tinymediapower.livephotowallpapers,ios,Zephyrmobile LTD,Lifestyle,Lifestyle | Entertainment,689ed6f7507e92fe6f3deccc,https://apps.apple.com/us/app/cool-live-wallpapers-maker-4k/id1098805023?uo=4
Coordinates – GPS Converter,com.myice92.Position,ios,Mapnitude Company Limited,Navigation,Navigation | Utilities,689eddf7507e92fe6f3dfb98,https://apps.apple.com/us/app/coordinates-gps-converter/id494286614?uo=4
CoPilot GPS Navigation,com.alk.copilot9namapviewer,ios,Trimble Maps Ltd.,Navigation,Navigation | Travel,689edc79507e92fe6f3df8b3,https://apps.apple.com/us/app/copilot-gps-navigation/id504677517?uo=4
Copypasta Keyboard,com.armstrongnate.Kool,ios,Nathan Armstrong,Social Networking,Social Networking | Productivity,689edb88507e92fe6f3df6b6,https://apps.apple.com/us/app/copypasta-keyboard/id1499757423?uo=4
Cork Beo,com.reach.corkbeo,ios,Trinity Mirror Digital Media Limited,News,News | Entertainment,689ed6d7507e92fe6f3dec86,https://apps.apple.com/us/app/cork-beo/id1481984487?uo=4
Count This - Counting App,aiby.count,ios,AIBY,Business,Business | Utilities,689edced507e92fe6f3df9b2,https://apps.apple.com/us/app/count-this-counting-app/id1553863458?uo=4
Countdown  ,com.sevenlogics.Countdown,ios,"Sevenlogics, Inc.",Lifestyle,Lifestyle | Utilities,689eda19507e92fe6f3df3bf,https://apps.apple.com/us/app/countdown/id424216726?uo=4
Countdown Timer 2020,com.indominusgames.Countdown,ios,Dusan Lilic,Productivity,Productivity | Utilities,689ed223507e92fe6f3de21b,https://apps.apple.com/us/app/countdown-timer-2020/id1490989307?uo=4
Crack Word Challenges,tv.yaqua.WordsOut,ios,Y A QU A,Games,Games | Puzzle | Word,689ed557507e92fe6f3de949,https://apps.apple.com/us/app/crack-word-challenges/id1471769946?uo=4
Crazy Car: Highway Rush,com.trafficcar.hwrush,ios,NGUYEN THI TUYEN,Games,Games | Entertainment | Sports | Racing,689ed0d0507e92fe6f3ddf66,https://apps.apple.com/us/app/crazy-car-highway-rush/id1394429172?uo=4
CrisisGo,com.crisisgo.crisisgo,ios,"The Tech Road, Inc.",Education,Education | Utilities,689edb4f507e92fe6f3df628,https://apps.apple.com/us/app/crisisgo/id711407406?uo=4
Croatian-English Dictionary,Dictcroatian,ios,FB PUBLISHING LLC,Reference,Reference | Education,68a620b658c742477c1281b3,https://apps.apple.com/us/app/croatian-english-dictionary/id1503342248?uo=4
Cronometer: Calorie Counter,CRONOMETER-GOLD,ios,Cronometer Software Inc,Health & Fitness,Health & Fitness | Food & Drink,68a6206558c742477c128110,https://apps.apple.com/us/app/cronometer-calorie-counter/id1145935738?uo=4
Cross Stitch Favourites,com.im.xsfavourites,ios,Our Media Limited,Lifestyle,Lifestyle | Magazines & Newspapers,689ed6b1507e92fe6f3dec26,https://apps.apple.com/us/app/cross-stitch-favourites/id522682560?uo=4
Crossword Puzzle Redstone,mobi.redstonegames.crossword.en,ios,Redstone Games,Games,Games | Entertainment | Puzzle | Word,689ed89c507e92fe6f3df077,https://apps.apple.com/us/app/crossword-puzzle-redstone/id957848865?uo=4
Crozzle - Crossword Puzzles,se.maginteractive.crozzle,ios,MAG Interactive,Games,Games | Word | Casual,689edccf507e92fe6f3df974,https://apps.apple.com/us/app/crozzle-crossword-puzzles/id6474729809?uo=4
Crumbl,crumbl.cookies,ios,"Crumbl, LLC",Food & Drink,Food & Drink | Shopping,689ed291507e92fe6f3de306,https://apps.apple.com/us/app/crumbl/id1438166219?uo=4
Crunchyroll,com.crunchyroll.iphone,ios,"Crunchyroll, LLC",Entertainment,Entertainment | Lifestyle,689ed304507e92fe6f3de40d,https://apps.apple.com/us/app/crunchyroll/id329913454?uo=4
Crystalyze: Crystal Guide,com.crystalyze.crystalyze,ios,Crystalyze Media Inc.,Reference,Reference | Lifestyle,689ed8f1507e92fe6f3df131,https://apps.apple.com/us/app/crystalyze-crystal-guide/id1528275327?uo=4
CSL Coast Soccer League,com.gotsoccer.csl,ios,"CSL Media, LLC",Sports,Sports | Productivity,689ed263507e92fe6f3de2ad,https://apps.apple.com/us/app/csl-coast-soccer-league/id1031511445?uo=4
Cuphse - Clothing & Swimwear,com.cupshe.cupsheapp,ios,CUPSHE Inc.,Shopping,Shopping | Lifestyle,689edbbb507e92fe6f3df71c,https://apps.apple.com/us/app/cuphse-clothing-swimwear/id1177423676?uo=4
Curious World: Games for Kids,com.hmhco.curiousworldv2,ios,SandBox Group,Education,Education | Games | Family,689ed7b2507e92fe6f3dee6f,https://apps.apple.com/us/app/curious-world-games-for-kids/id994556645?uo=4
Currency Converter ‧,co.simplesimple.currency,ios,Simple Simple,Travel,Travel | Finance,689ed171507e92fe6f3de0c9,https://apps.apple.com/us/app/currency-converter/id628148586?uo=4
Currently - A Weather App,com.skylaapps.currently,ios,Meagan Sanchez,Weather,Weather | Lifestyle,689eda4a507e92fe6f3df42c,https://apps.apple.com/us/app/currently-a-weather-app/id1126097687?uo=4
Cute CUT,com.mobivio.cutecut,ios,波 余,Photo & Video,Photo & Video | Entertainment,689ed487507e92fe6f3de766,https://apps.apple.com/us/app/cute-cut/id583555212?uo=4
CVG Nation,uk.co.disciplemedia.cvgnation,ios,Zanagraphics Inc.,Sports,Sports | Social Networking,689ed07b507e92fe6f3dde98,https://apps.apple.com/us/app/cvg-nation/id1544802693?uo=4
Cymath - Math Problem Solver,com.cymath.cymath,ios,Cymath LLC,Education,Education,689ed542507e92fe6f3de911,https://apps.apple.com/us/app/cymath-math-problem-solver/id1083328891?uo=4
D Minder Pro,com.ontometrics.d-minderPaid,ios,ontometrics,Health & Fitness,Health & Fitness | Lifestyle,68a620c458c742477c1281c6,https://apps.apple.com/us/app/d-minder-pro/id547102495?uo=4
d365 Daily Devotionals,com.passport.d365,ios,PASSPORT Camps,Reference,Reference | Lifestyle,689ee018507e92fe6f3e0025,https://apps.apple.com/us/app/d365-daily-devotionals/id875088782?uo=4
Da Fit,com.handa.dafit,ios,MO YOUNG LIMITED,Health & Fitness,Health & Fitness | Sports,689eddb4507e92fe6f3dfb04,https://apps.apple.com/us/app/da-fit/id1316004998?uo=4
DaBus2 - The Oahu Bus App,gov.honolulu.DaBus2,ios,City and County of Honolulu,Navigation,Navigation | Travel,689ed200507e92fe6f3de1c4,https://apps.apple.com/us/app/dabus2-the-oahu-bus-app/id1117179614?uo=4
Daily Bible Verse of the Day,com.scotthamilton.dailybibleverses,ios,"Olive Grove, LLC",Reference,Reference | Lifestyle,689edaf8507e92fe6f3df5ac,https://apps.apple.com/us/app/daily-bible-verse-of-the-day/id601846938?uo=4
Daily Crossword Puzzles,com.ufukbenlice.CrossyWord,ios,Xen Labs Ltd,Games,Games | Word | Magazines & Newspapers | Trivia,689edf2a507e92fe6f3dfe5e,https://apps.apple.com/us/app/daily-crossword-puzzles/id1498381466?uo=4
Daily Crossword Puzzles·,com.arkadium.dailyCrosswords,ios,Arkadium,Games,Games | Word | Puzzle,68fda9c14bcba8f0a141591e,https://apps.apple.com/us/app/daily-crossword-puzzles/id988151576?uo=4
Daily Devotional For Women App,com.abxlab.PrayerPlus,ios,Novix Technology Inc.,Reference,Reference | Books,689ed423507e92fe6f3de68f,https://apps.apple.com/us/app/daily-devotional-for-women-app/id1097349139?uo=4
Daily Express,com.mippin.iphone.bw.m14581,ios,Trinity Mirror Digital Media Limited,News,News | Entertainment,689ed1ef507e92fe6f3de195,https://apps.apple.com/us/app/daily-express/id419139113?uo=4
Daily Express Malaysia,KT6P84264V.com.juiceapac.DailyExpress,ios,JuiceAPac,News,News | Reference,689ed3ba507e92fe6f3de5aa,https://apps.apple.com/us/app/daily-express-malaysia/id482259384?uo=4
Daily Hope,com.purposedriven.dailyhope,ios,Daily Hope Ministries,Book,Books | Business,689ed4df507e92fe6f3de83a,https://apps.apple.com/us/app/daily-hope/id659272511?uo=4
Daily Planner - Schedule App,com.VictorKhodalov.iVisualize,ios,Victor Khodalov,Productivity,Productivity,689edc2d507e92fe6f3df809,https://apps.apple.com/us/app/daily-planner-schedule-app/id1482922018?uo=4
Daily Record App,com.scottish.dailyrecord,ios,Trinity Mirror Digital Media Limited,News,News | Entertainment,689ed5fa507e92fe6f3deaa3,https://apps.apple.com/us/app/daily-record-app/id587421154?uo=4
Daily Themed Crossword Puzzles,com.littleengine.wordtrek-crossword,ios,PlaySimple Games Pte Ltd,Games,Games | Puzzle | Word | Entertainment,68a620b558c742477c1281b0,https://apps.apple.com/us/app/daily-themed-crossword-puzzles/id1197354394?uo=4
Daily Yoga: Yoga for Fitness®,yogaen,ios,PhoeniXcel Limited,Health & Fitness,Health & Fitness | Lifestyle,68a621bd58c742477c1283a8,https://apps.apple.com/us/app/daily-yoga-yoga-for-fitness/id545849922?uo=4
Dailymotion Video App,com.dailymotion.dailymotion,ios,Dailymotion S.A.,Entertainment,Entertainment | Social Networking,689ed251507e92fe6f3de27c,https://apps.apple.com/us/app/dailymotion-video-app/id336978041?uo=4
Dakiki - by DanceComp Genie,com.inchol.dakiki,ios,Inchol Solutions Inc.,Business,Business | Health & Fitness,689ed05a507e92fe6f3dde4a,https://apps.apple.com/us/app/dakiki-by-dancecomp-genie/id1363633714?uo=4
Damus,com.jb55.damus2,ios,"Damus Nostr, Inc",Social Networking,Social Networking | Entertainment,689ed241507e92fe6f3de25a,https://apps.apple.com/us/app/damus/id1628663131?uo=4
Dancing Line - Music Game,com.cmplay.dancingline,ios,Forward Vision Corporation Limited,Games,Games | Music | Casual,689ed2f4507e92fe6f3de3e8,https://apps.apple.com/us/app/dancing-line-music-game/id1177953618?uo=4
Darkroom: Photo & Video Editor,co.bergen.Darkroom,ios,Bergen Co.,Photo & Video,Photo & Video | Graphics & Design,689edab2507e92fe6f3df519,https://apps.apple.com/us/app/darkroom-photo-video-editor/id953286746?uo=4
DataMelonPRO - Stock Analysis,com.practicetrades.DataMelonPro,ios,"Practice Trades, LLC",Finance,Finance | Education,689ed99f507e92fe6f3df2b3,https://apps.apple.com/us/app/datamelonpro-stock-analysis/id1440616742?uo=4
DAV Digital Magazine,com.DAVDigitalMagazine.DAVDigitalMagazine,ios,DAV,News,News | Magazines & Newspapers,689ed122507e92fe6f3de022,https://apps.apple.com/us/app/dav-digital-magazine/id911380291?uo=4
Day & Night Map,com.vvse.daynightmap,ios,Volker Voecking Software Engineering,Weather,Weather | Utilities,689ed8f2507e92fe6f3df135,https://apps.apple.com/us/app/day-night-map/id741375889?uo=4
Day One Journal: Private Diary,com.bloombuilt.dayone-ios,ios,Bloom Built Inc,Health & Fitness,Health & Fitness | Productivity,68a6206658c742477c128118,https://apps.apple.com/us/app/day-one-journal-private-diary/id1044867788?uo=4
Daylio Journal - Daily Diary,net.daylio.Daylio,ios,Relaxio s.r.o.,Lifestyle,Lifestyle | Health & Fitness,689edc55507e92fe6f3df85f,https://apps.apple.com/us/app/daylio-journal-daily-diary/id1194023242?uo=4
"DayMoney - Budget, Diary",com.simplefm.piggymoney,ios,dasol kim,Finance,Finance | Productivity,689ed7a1507e92fe6f3dee4a,https://apps.apple.com/us/app/daymoney-budget-diary/id6443419421?uo=4
DC UNIVERSE INFINITE,com.wb.dcuniverse,ios,Warner Bros.,Entertainment,Entertainment | Books,689edc44507e92fe6f3df841,https://apps.apple.com/us/app/dc-universe-infinite/id1329018000?uo=4
Deben Inns,com.eaziapps.debeninns1,ios,Deben Inns Ltd,Food & Drink,Food & Drink,689edf3c507e92fe6f3dfe8d,https://apps.apple.com/us/app/deben-inns/id736188893?uo=4
Debit & Credit,com.mr-brightside.debitandcredit,ios,Ivan Pavlov Pty Ltd,Finance,Finance | Utilities,68a6213f58c742477c1282ac,https://apps.apple.com/us/app/debit-credit/id882637543?uo=4
DeerCast-Prep. Predict. Pursue,com.druryoutdoors.deercast.app,ios,GSM Outdoors,Weather,Weather | Navigation,689ed163507e92fe6f3de0b3,https://apps.apple.com/us/app/deercast-prep-predict-pursue/id1425879996?uo=4
Deeze: Ringtones & Wallpapers,xteam2019.rintdesign,ios,Dao Thi Quynh Nhu,Music,Music | Lifestyle,689edf8a507e92fe6f3dff2e,https://apps.apple.com/us/app/deeze-ringtones-wallpapers/id1477288676?uo=4
"Deezer: Music Player, Podcast",com.deezer.Deezer,ios,DEEZER SA,Music,Music | Entertainment,689ed5cb507e92fe6f3dea48,https://apps.apple.com/us/app/deezer-music-player-podcast/id292738169?uo=4
Deko: AI Home Design & Remodel,com.homedeco.app,ios,PIXELCELL.LIMITED,Graphics & Design,Graphics & Design | Lifestyle,689ed81a507e92fe6f3def5c,https://apps.apple.com/us/app/deko-ai-home-design-remodel/id6448904568?uo=4
Deliciously Ella: Feel Better,com.deliciouslyella.delella,ios,Deliciously Ella Ltd,Health & Fitness,Health & Fitness | Food & Drink,689ed4ed507e92fe6f3de853,https://apps.apple.com/us/app/deliciously-ella-feel-better/id1445510165?uo=4
Denim - Playlist Cover Maker,com.ashwinsrihari.denim,ios,Feel Good Tech LLP,Music,Music | Graphics & Design,689ed411507e92fe6f3de66a,https://apps.apple.com/us/app/denim-playlist-cover-maker/id1532250420?uo=4
Depop | Buy & Sell Clothing,com.garageitaly.garage,ios,Depop Ltd,Shopping,Shopping | Lifestyle,689ed6e2507e92fe6f3dec8e,https://apps.apple.com/us/app/depop-buy-sell-clothing/id518684914?uo=4
Desmos Scientific Calculator,com.desmos.DesmosScientific,ios,Desmos,Education,Education | Utilities,689edccb507e92fe6f3df960,https://apps.apple.com/us/app/desmos-scientific-calculator/id1235292051?uo=4
Device Detector & Bug Tracker,com.devicedetect,ios,BABS Co.,Utilities,Utilities | Lifestyle,689ed7b1507e92fe6f3dee69,https://apps.apple.com/us/app/device-detector-bug-tracker/id6738996205?uo=4
DHgate-Online Wholesale Stores,com.dhgate.DHgateBuyer,ios,Digital Trading Science & Technology (Beijing) Co. Ltd.,Shopping,Shopping | Business,689ed74b507e92fe6f3ded89,https://apps.apple.com/us/app/dhgate-online-wholesale-stores/id905869418?uo=4
Dictionary Linguee,com.linguee.linguee,ios,DeepL GmbH,Reference,Reference | Education,689ed8f7507e92fe6f3df14f,https://apps.apple.com/us/app/dictionary-linguee/id338225335?uo=4
Diesel Challenge 2K21,com.slyonstudiosllc.ddt,ios,Usman Musaddiq,Games,Games | Sports | Racing,689ed62d507e92fe6f3deb1a,https://apps.apple.com/us/app/diesel-challenge-2k21/id1500956198?uo=4
Digital Study Planner Schedule,com.appterra.DigitalStudyPlanner,ios,"Appterra, LLC",Productivity,Productivity | Lifestyle,689edd34507e92fe6f3dfa51,https://apps.apple.com/us/app/digital-study-planner-schedule/id6444639133?uo=4
Dingbats - Word Games & Trivia,com.beanstargames.dingbats,ios,Lion Studios Plus,Games,Games | Word | Puzzle,689ed422507e92fe6f3de689,https://apps.apple.com/us/app/dingbats-word-games-trivia/id1545206038?uo=4
Disaster Alert (PDC Global),com.disasteralertnetworkllc.disasteralert,ios,Pacific Disaster Center,News,News | Weather,689edf47507e92fe6f3dfe95,https://apps.apple.com/us/app/disaster-alert-pdc-global/id381289235?uo=4
Disc Golf Valley,com.Per.DiscGolfValley,ios,Latitude 64 AB,Games,Games | Sports | Simulation,689ed1f0507e92fe6f3de19d,https://apps.apple.com/us/app/disc-golf-valley/id1454709572?uo=4
"Discord - Talk, Play, Hang Out",com.hammerandchisel.discord,ios,"Discord, Inc.",Social Networking,Social Networking | Games,689edc00507e92fe6f3df7b7,https://apps.apple.com/us/app/discord-talk-play-hang-out/id985746746?uo=4
Discover Mobile,com.discoverfinancial.mobile,ios,Discover Financial Services,Finance,Finance,689ed09b507e92fe6f3ddedf,https://apps.apple.com/us/app/discover-mobile/id338010821?uo=4
Disney Magic Timer by Oral-B,DisneyDigitalBooks.DisneyMagicBrushTimer,ios,P&G Health Care,Health & Fitness,Health & Fitness | Entertainment,689edeb5507e92fe6f3dfd56,https://apps.apple.com/us/app/disney-magic-timer-by-oral-b/id747541884?uo=4
Disney+,com.disney.disneyplus,ios,Disney,Entertainment,Entertainment,68c3c2556750da6f738e5a51,https://apps.apple.com/us/app/disney/id1446075923?uo=4
DML News App,com.mstarvid.dmlapp,ios,"Team DML, Inc.",News,News | Entertainment,689ed05f507e92fe6f3dde65,https://apps.apple.com/us/app/dml-news-app/id1180406941?uo=4
DMV Practice Test 2025 Easy Ed,com.thedvani.applications.USPDD,ios,Rafael Mursalov,Education,Education,689ed0cb507e92fe6f3ddf4b,https://apps.apple.com/us/app/dmv-practice-test-2025-easy-ed/id1215870281?uo=4
Do: Get Your Habits Done,com.tbd.Done,ios,Reflective Technologies ApS,Productivity,Productivity | Lifestyle,689ed7f5507e92fe6f3def0d,https://apps.apple.com/us/app/do-get-your-habits-done/id1103961876?uo=4
Doctor On Demand,com.doctorondemand.doctorondemand,ios,"Doctor On Demand, Inc",Medical,Medical | Health & Fitness,689edae5507e92fe6f3df581,https://apps.apple.com/us/app/doctor-on-demand/id591981144?uo=4
Dododex: ARK Survival Evolved,com.danlev.dododex,ios,Dan Leveille,Reference,Reference | Utilities,689edf68507e92fe6f3dfee3,https://apps.apple.com/us/app/dododex-ark-survival-evolved/id1071311292?uo=4
Dog Scanner,com.siwalusoftware.dogscanner,ios,Siwalu Software GmbH,Education,Education | Entertainment,689ed3cc507e92fe6f3de5dd,https://apps.apple.com/us/app/dog-scanner/id1447489158?uo=4
Dog Translator - Games for Dog,com.dreamteamapps.dogtranslator,ios,DreamTeam Apps,Games,Games | Simulation | Entertainment | Music,689edf9e507e92fe6f3dff6b,https://apps.apple.com/us/app/dog-translator-games-for-dog/id1561965563?uo=4
Dog Translator: Game For Dogs,com.dimakomar.dogTranslator,ios,Dima Komar,Games,Games | Role Playing | Family | Entertainment,689ed74a507e92fe6f3ded85,https://apps.apple.com/us/app/dog-translator-game-for-dogs/id1209845479?uo=4
Dog Whistler:Whistle & Clicker,com.mobeezio.apps.dogwhistler,ios,"Mobeezio, Inc.",Utilities,Utilities | Lifestyle,689ed134507e92fe6f3de04f,https://apps.apple.com/us/app/dog-whistler-whistle-clicker/id306614060?uo=4
Dogo: Dog & Puppy Training,com.dogo.App,ios,Dogo App GmbH,Education,Education | Lifestyle,689ed378507e92fe6f3de515,https://apps.apple.com/us/app/dogo-dog-puppy-training/id1153294767?uo=4
Dominoes Live,com.bpssft.domino,ios,BPS Software,Games,Games | Entertainment | Board | Family,689ed51e507e92fe6f3de8bc,https://apps.apple.com/us/app/dominoes-live/id824118819?uo=4
Dominos,com.byterun.domino,ios,Vintolo Ltd,Games,Games | Board | Entertainment | Family,689ed620507e92fe6f3deb0d,https://apps.apple.com/us/app/dominos/id624600054?uo=4
Donut Games,com.tcg.donuts,ios,Top Crazy Games LLC,Games,Games | Role Playing | Family,689ed04d507e92fe6f3dde36,https://apps.apple.com/us/app/donut-games/id1448643996?uo=4
Donut Maker - Cooking Games!,com.blackbeltclown.donutsmaker,ios,Maker Labs,Entertainment,Entertainment | Lifestyle,689ed5ca507e92fe6f3dea42,https://apps.apple.com/us/app/donut-maker-cooking-games/id578210847?uo=4
Dorsal Shark Reports,io.fruitful.Dorsal,ios,Bluebottle Digital Pty. Ltd.,Sports,Sports | News,689ed134507e92fe6f3de04d,https://apps.apple.com/us/app/dorsal-shark-reports/id1045887929?uo=4
Dot n Beat-Test hand speed,com.dotnbeat.dancing.music.rhythm.handspeed,ios,Badsnowball Limited,Games,Games | Casual | Music | Music,689ed240507e92fe6f3de254,https://apps.apple.com/us/app/dot-n-beat-test-hand-speed/id1454192499?uo=4
dragy Connect,com.qirui.Car,ios,Harbin Qirui Technology Company With Limited Liability.,Sports,Sports | Utilities,689ed0ac507e92fe6f3ddf09,https://apps.apple.com/us/app/dragy-connect/id1260905448?uo=4
Drawing App: Doodle Draw Pad,com.joeblau.Doodle,ios,Joe Blau,Graphics & Design,Graphics & Design,689ed78c507e92fe6f3dee14,https://apps.apple.com/us/app/drawing-app-doodle-draw-pad/id1503601939?uo=4
Drawing for kids - baby games,com.bimiboo.drawing,ios,Bimi Boo Kids Learning Games for Toddlers FZ LLC,Education,Education | Entertainment,689ed4cb507e92fe6f3de803,https://apps.apple.com/us/app/drawing-for-kids-baby-games/id1001555097?uo=4
DreamMapper,com.philips.respironics.SleepMapper,ios,Philips Respironics,Medical,Medical | Health & Fitness,689ed193507e92fe6f3de114,https://apps.apple.com/us/app/dreammapper/id530569351?uo=4
DressLily - Online Fashion,com.dest.Dresslily,ios,DAIMA E-COMMERCE (HONG KONG)LIMITED,Shopping,Shopping | Lifestyle,689ed9d3507e92fe6f3df327,https://apps.apple.com/us/app/dresslily-online-fashion/id1002320913?uo=4
Dressmezee,co.shopney.dressmezee,ios,Dressmezee Limited,Shopping,Shopping | Lifestyle,689ed916507e92fe6f3df18e,https://apps.apple.com/us/app/dressmezee/id1638918500?uo=4
Drink Water ∙ Daily Reminder,com.aplicativoslegais.Beber-Agua-Free,ios,App Rover,Health & Fitness,Health & Fitness | Utilities,68a6210258c742477c12823c,https://apps.apple.com/us/app/drink-water-daily-reminder/id1056210011?uo=4
Drink Water Aquarium,com.drink.water.aquarium,ios,Andreas Budde,Health & Fitness,Health & Fitness | Lifestyle,689ed6b2507e92fe6f3dec2a,https://apps.apple.com/us/app/drink-water-aquarium/id1315396498?uo=4
Drink Water Reminder N Tracker,com.coruscate.drinkwaterapp,ios,Phoenix Games LLP,Health & Fitness,Health & Fitness | Food & Drink,689ed2b1507e92fe6f3de34c,https://apps.apple.com/us/app/drink-water-reminder-n-tracker/id870372885?uo=4
"Drink Water Reminder, Tracker",com.health.drink.water.reminder.tracker,ios,Healive Ltd.,Health & Fitness,Health & Fitness,689ed991507e92fe6f3df29f,https://apps.apple.com/us/app/drink-water-reminder-tracker/id1453853821?uo=4
Drink water: Drinking reminder,com.toh.app.drink.water.reminder,ios,"TOH CO.,LTD",Health & Fitness,Health & Fitness | Medical,689edbec507e92fe6f3df781,https://apps.apple.com/us/app/drink-water-drinking-reminder/id1478980974?uo=4
Dropbox: Cloud Storage Backup,com.getdropbox.Dropbox,ios,"Dropbox, Inc.",Productivity,Productivity | Utilities,689eddd4507e92fe6f3dfb49,https://apps.apple.com/us/app/dropbox-cloud-storage-backup/id327630330?uo=4
Drugs.com Medication Guide,com.drugs.app,ios,Drugs.com,Medical,Medical | Health & Fitness,689ed40f507e92fe6f3de65f,https://apps.apple.com/us/app/drugs-com-medication-guide/id599471042?uo=4
Drum Machine - Music Maker,com.djitlabs.drummachine,ios,MWM,Music,Music,689edbcd507e92fe6f3df742,https://apps.apple.com/us/app/drum-machine-music-maker/id1435908315?uo=4
Drum Pad Machine - Beat Maker,com.agminstruments.drumpadmachine,ios,Easybrain Ltd,Music,Music | Entertainment,689ed314507e92fe6f3de432,https://apps.apple.com/us/app/drum-pad-machine-beat-maker/id1057968965?uo=4
Drum Pads 24 Beat Maker Music,LK.Drumpads,ios,Beat Squad LLC,Music,Music | Music | Family | Games,689ed960507e92fe6f3df22b,https://apps.apple.com/us/app/drum-pads-24-beat-maker-music/id667945907?uo=4
DTA Connect,gov.mass.dtaconnect,ios,Massachusetts Dept of Transitional Assistance,Finance,Finance,689edf29507e92fe6f3dfe57,https://apps.apple.com/us/app/dta-connect/id1130066848?uo=4
DU Recorder - Screen Recorder,com.duapps.durecorder,ios,"Beijing Xiaoxiong Bowang Technology Co., Ltd.",Photo & Video,Photo & Video,689ed241507e92fe6f3de256,https://apps.apple.com/us/app/du-recorder-screen-recorder/id1295647284?uo=4
Dua & Azkar,com.lemberg.duaandazkar,ios,Ahsanul Haque,Reference,Reference | Books,689ed9e4507e92fe6f3df34a,https://apps.apple.com/us/app/dua-azkar/id454430015?uo=4
Dublin Live,com.mirror.dublinlive,ios,Trinity Mirror Digital Media Limited,News,News | Lifestyle,689ed563507e92fe6f3de957,https://apps.apple.com/us/app/dublin-live/id1248402008?uo=4
"DuckDuckGo Browser, Search, AI",com.duckduckgo.mobile.ios,ios,"DuckDuckGo, Inc.",Utilities,Utilities | Productivity,689edc57507e92fe6f3df86d,https://apps.apple.com/us/app/duckduckgo-browser-search-ai/id663592361?uo=4
Dumb Ways to Die 2: The Games,au.com.metro.DumbWaysToDie2,ios,Metro Trains Melbourne Pty Ltd,Games,Games | Education | Action | Sports,689ed1c6507e92fe6f3de164,https://apps.apple.com/us/app/dumb-ways-to-die-2-the-games/id929346489?uo=4
Dunkin',com.dunkinbrands.otgo,ios,Dunkin' Donuts,Food & Drink,Food & Drink,68b90b26c9b1944e822d8dc6,https://apps.apple.com/us/app/dunkin/id1056813463?uo=4
Duolingo - Language Lessons,com.duolingo.DuolingoMobile,ios,Duolingo,Education,Education | Social Networking,689ed67e507e92fe6f3debc8,https://apps.apple.com/us/app/duolingo-language-lessons/id570060128?uo=4
Durak Online by Pokerist,com.iphonesoft3g.durak,ios,KamaGames,Games,Games | Card,689ed1f0507e92fe6f3de19f,https://apps.apple.com/us/app/durak-online-by-pokerist/id1470421868?uo=4
Dwell: Audio Bible,io.dwellapp.dwell,ios,"Dwell App, LLC",Reference,Reference | Books,689ed161507e92fe6f3de0a7,https://apps.apple.com/us/app/dwell-audio-bible/id1343917374?uo=4
Dystinct Magazine,com.1603993558.13391603993558,ios,SIMEFF PTY LTD,Lifestyle,Lifestyle | Magazines & Newspapers,689edd42507e92fe6f3dfa6a,https://apps.apple.com/us/app/dystinct-magazine/id1538146780?uo=4
E*TRADE: Invest. Trade. Save.,com.etrade.mobileproiphone,ios,E*TRADE Securities,Finance,Finance | Business,689eddf8507e92fe6f3dfb9c,https://apps.apple.com/us/app/e-trade-invest-trade-save/id313259740?uo=4
Earthmate,com.delorme.earthmate,ios,Garmin,Navigation,Navigation,689ed3dc507e92fe6f3de601,https://apps.apple.com/us/app/earthmate/id519247758?uo=4
Earthquake Safety Tips,com.sinyee.babybus.earthquake,ios,BABYBUS,Education,Education,689ed1f2507e92fe6f3de1a7,https://apps.apple.com/us/app/earthquake-safety-tips/id1160733919?uo=4
"Earthquake+ Alerts, Map & Info",com.briteapps.ozquake,ios,Slava Barouline,Weather,Weather | News,689ed49a507e92fe6f3de795,https://apps.apple.com/us/app/earthquake-alerts-map-info/id395928613?uo=4
Easy BART,com.shaunbruno.Easy-BART,ios,Palm Bits LLC,Navigation,Navigation | Utilities,68a6219c58c742477c12835f,https://apps.apple.com/us/app/easy-bart/id567074135?uo=4
Easy Game - Brain Puzzles,com.easybrain.brain.game,ios,Easybrain Ltd,Games,Games | Entertainment | Puzzle | Word,689edf25507e92fe6f3dfe41,https://apps.apple.com/us/app/easy-game-brain-puzzles/id1491764681?uo=4
Easy Stats for Basketball,com.zprag.EasyStatsBBall,ios,Zach Prager,Sports,Sports | Productivity,689edb16507e92fe6f3df5e1,https://apps.apple.com/us/app/easy-stats-for-basketball/id561687907?uo=4
Easy Stickers - Sticker maker,com.qijitech.easysticker,ios,殊 傅,Utilities,Utilities,689ed284507e92fe6f3de2f6,https://apps.apple.com/us/app/easy-stickers-sticker-maker/id1494671206?uo=4
easypaisa – a digital bank,com.telenor.easypaisa,ios,TELENOR MICROFINANCE BANK LTD,Finance,Finance | Productivity,68bfc99be338a1ad64a650db,https://apps.apple.com/us/app/easypaisa-a-digital-bank/id1227725092?uo=4
EatIn Monaco,com.unostile.eatinmonaco,ios,Unostile,Food & Drink,Food & Drink | Shopping,689edcdf507e92fe6f3df99a,https://apps.apple.com/us/app/eatin-monaco/id1454440520?uo=4
eBay online shopping & selling,com.ebay.iphone,ios,eBay Inc.,Shopping,Shopping | Lifestyle,689ed79f507e92fe6f3dee40,https://apps.apple.com/us/app/ebay-online-shopping-selling/id282614216?uo=4
eBiblia.ro,com.eBiblia.eBiblia,ios,EBIBLIA MINISTRIES,Book,Books | Reference,689edaae507e92fe6f3df505,https://apps.apple.com/us/app/ebiblia-ro/id589793878?uo=4
Ebook Reader,com.ebooks.ebookreader,ios,Ebooks.com Limited,Book,Books | Education,689eda06507e92fe6f3df38d,https://apps.apple.com/us/app/ebook-reader/id381260755?uo=4
eBook Search - download books,com.inkstonesoftware.ebooksearch,ios,"Inkstone Software, Inc.",Book,Books,689edbf0507e92fe6f3df794,https://apps.apple.com/us/app/ebook-search-download-books/id416454511?uo=4
ECDC Threat Reports,eu.europa.publications.threatreports,ios,European Union Apps,Medical,Medical | Health & Fitness,689edfde507e92fe6f3dffc3,https://apps.apple.com/us/app/ecdc-threat-reports/id1179702148?uo=4
ECG for Doctors,com.wms.ecgcases,ios,"WMS, Inc",Medical,Medical | Education,689ed7d0507e92fe6f3deeab,https://apps.apple.com/us/app/ecg-for-doctors/id798663024?uo=4
ecobee,com.ecobee.athenamobile,ios,ecobee,Lifestyle,Lifestyle | Utilities,689ed917507e92fe6f3df194,https://apps.apple.com/us/app/ecobee/id916985674?uo=4
Ecosia: Search to plant trees,com.ecosia.ecosiaapp,ios,Ecosia GmbH,Utilities,Utilities | Productivity,689ed2e5507e92fe6f3de3cf,https://apps.apple.com/us/app/ecosia-search-to-plant-trees/id670881887?uo=4
Edge magazine,com.futurenet.edgemagazine,ios,Future plc,Entertainment,Entertainment | Magazines & Newspapers,689ed5a5507e92fe6f3de9e1,https://apps.apple.com/us/app/edge-magazine/id451410596?uo=4
Edjing Mix - DJ Music Mixer,com.edjing.edjingdjturntable,ios,MWM,Music,Music | Entertainment,689ed1a6507e92fe6f3de148,https://apps.apple.com/us/app/edjing-mix-dj-music-mixer/id493226494?uo=4
edjing Pro - music remix maker,com.edjing.edjingexpert-le,ios,MWM,Music,Music | Games | Music | Simulation,68a620b358c742477c1281a9,https://apps.apple.com/us/app/edjing-pro-music-remix-maker/id1022000001?uo=4
"eDreams: Flights, hotels, cars",com.edreams.flights,ios,eDreams,Travel,Travel,689ed261507e92fe6f3de2a0,https://apps.apple.com/us/app/edreams-flights-hotels-cars/id551367321?uo=4
edX online learning,org.edx.mobile,ios,edX LLC,Education,Education,689ed177507e92fe6f3de0e8,https://apps.apple.com/us/app/edx-online-learning/id945480667?uo=4
EGGER Decorative Collection,com.egger.vdsmobileapp,ios,FRITZ EGGER GmbH & Co. OG,Business,Business | Utilities,689ede2b507e92fe6f3dfc16,https://apps.apple.com/us/app/egger-decorative-collection/id414414353?uo=4
Ehome Light,com.ehomelight.ledapp,ios,永信 郭,Lifestyle,Lifestyle | Utilities,689ed9fb507e92fe6f3df387,https://apps.apple.com/us/app/ehome-light/id1460388942?uo=4
EJAD Customer,com.ni.EjadCustomer,ios,IDEAL PROJECTS FOR MANAGEMENT AND INVESTMENT,Business,Business,689ed151507e92fe6f3de084,https://apps.apple.com/us/app/ejad-customer/id6463742303?uo=4
Elevate - Brain Training Games,com.elevateapp.elevate,ios,"Elevate, Inc.",Education,Education | Puzzle | Word | Games,689ed09d507e92fe6f3ddeed,https://apps.apple.com/us/app/elevate-brain-training-games/id875063456?uo=4
ELSA Speak - English Learning,com.us.nobarriers.elsa-ios,ios,Elsa Corp,Education,Education | Productivity,68a6211158c742477c128258,https://apps.apple.com/us/app/elsa-speak-english-learning/id1083804886?uo=4
eMagnifier,co.evolutive.emagnifier,ios,Evolutive Apps S.L.,Medical,Medical | Utilities,689ed05e507e92fe6f3dde5f,https://apps.apple.com/us/app/emagnifier/id424579683?uo=4
Email App for Gmail,app.mail.gmail,ios,Craigpark Limited,Productivity,Productivity | Lifestyle,689edd21507e92fe6f3dfa26,https://apps.apple.com/us/app/email-app-for-gmail/id1145412791?uo=4
Emojis 3D - Animated Sticker,animatedEmoticonsFree,ios,Emoji Apps GmbH,Entertainment,Entertainment | Social Networking,68a6216f58c742477c12830f,https://apps.apple.com/us/app/emojis-3d-animated-sticker/id625994376?uo=4
emotionary by Funny Feelings ®,au.com.nevercantell.emotionarylite,ios,Funny Feelings®,Education,Education | Social Networking,689ed198507e92fe6f3de134,https://apps.apple.com/us/app/emotionary-by-funny-feelings/id515860459?uo=4
Enarat,com.splendapp.enarat,ios,Mohamed Elsayed,Shopping,Shopping | Lifestyle,689ed10f507e92fe6f3ddfec,https://apps.apple.com/us/app/enarat/id6474672492?uo=4
Enefit Volt,ee.energia.driivz.mobile.volt,ios,Eesti Energia,Utilities,Utilities,689ed7f1507e92fe6f3deef6,https://apps.apple.com/us/app/enefit-volt/id1495964264?uo=4
Engineering Inc.,org.acec.enginc,ios,ACEC,Business,Business | Magazines & Newspapers,689ed3cb507e92fe6f3de5d5,https://apps.apple.com/us/app/engineering-inc/id879147905?uo=4
English Irregular Verbs Best,com.gedev.irregulars,ios,gedev,Education,Education | Games | Trivia | Word,689ed181507e92fe6f3de0ec,https://apps.apple.com/us/app/english-irregular-verbs-best/id1059773757?uo=4
English-Chinese Audio Bible,com.jaqer.bible,ios,良普 李,Book,Books | Education,689edc11507e92fe6f3df7e3,https://apps.apple.com/us/app/english-chinese-audio-bible/id584678615?uo=4
EnneaApp,com.elanbenami.EnneaApp,ios,Hearthstone Counseling Inc,Lifestyle,Lifestyle | Reference,689ed95e507e92fe6f3df225,https://apps.apple.com/us/app/enneaapp/id668055887?uo=4
Epic - Kids' Books & Reading,com.getepic.Epic,ios,"Epic Creations, Inc.",Education,Education | Books,689eddec507e92fe6f3dfb90,https://apps.apple.com/us/app/epic-kids-books-reading/id719219382?uo=4
Epicurious,com.condenet.Epicurious,ios,Advance Magazine Publishers Inc.,Food & Drink,Food & Drink | Lifestyle,689edf4a507e92fe6f3dfeab,https://apps.apple.com/us/app/epicurious/id312101965?uo=4
Epoch Times: Live & Breaking,com.theepochtimes.mobile,ios,Epoch Usa Inc,News,News | Magazines & Newspapers,689edf37507e92fe6f3dfe72,https://apps.apple.com/us/app/epoch-times-live-breaking/id670443321?uo=4
EPUB Reader - Reader for epub format,com.develsoftware.EPUBReader,ios,LTD DevelSoftware,Book,Books | Productivity,689eda90507e92fe6f3df4d6,https://apps.apple.com/us/app/epub-reader-reader-for-epub-format/id972654880?uo=4
Equalizer Fx: Bass Booster App,net.twinbit.equalizer,ios,TwinBit Ltd,Music,Music | Utilities,689edd00507e92fe6f3df9df,https://apps.apple.com/us/app/equalizer-fx-bass-booster-app/id1084228340?uo=4
Erase Games: Brain Tricky Test,com.games.erase,ios,Tran Tuan Anh,Games,Games | Word | Puzzle | Entertainment,689edb05507e92fe6f3df5bf,https://apps.apple.com/us/app/erase-games-brain-tricky-test/id1559669997?uo=4
ERCOT,com.ercot.mobile,ios,ERCOT,Lifestyle,Lifestyle | Utilities,689ed28f507e92fe6f3de2fe,https://apps.apple.com/us/app/ercot/id520829355?uo=4
Escape Room Phone Simulator,com.traptct.phonesimulator,ios,Stuart BOGATY,Developer Tools,Developer Tools,689edf9d507e92fe6f3dff65,https://apps.apple.com/us/app/escape-room-phone-simulator/id1543983605?uo=4
Escape Ship Adventure,com.arpaplus.escape.ship,ios,ARPAplus,Games,Games | Role Playing | Entertainment | Adventure,689ed40f507e92fe6f3de665,https://apps.apple.com/us/app/escape-ship-adventure/id1317667664?uo=4
ESV Bible,org.crossway.ESVStudyBible,ios,Crossway,Reference,Reference | Books,689edc9d507e92fe6f3df908,https://apps.apple.com/us/app/esv-bible/id361797273?uo=4
Eternal Sunshine,com.et.appd15440,ios,Londrelle Hall,Lifestyle,Lifestyle,689ed155507e92fe6f3de099,https://apps.apple.com/us/app/eternal-sunshine/id1245926909?uo=4
"Etsy: Shop Home, Style & More",com.etsy.etsyforios,ios,"Etsy, Inc.",Shopping,Shopping | Lifestyle,689ed339507e92fe6f3de492,https://apps.apple.com/us/app/etsy-shop-home-style-more/id477128284?uo=4
Evenflo,com.evenflo.sensorsafe,ios,Evenflo Company Inc.,Lifestyle,Lifestyle | Utilities,689ed60a507e92fe6f3deac9,https://apps.apple.com/us/app/evenflo/id1619330386?uo=4
Everand: Audiobooks & Ebooks,com.scribd.iscribd,ios,Scribd,Book,Books | Entertainment,689ed575507e92fe6f3de985,https://apps.apple.com/us/app/everand-audiobooks-ebooks/id542557212?uo=4
EverMerge: Merge & Match Game,com.bigfishgames.mergetalesios,ios,"Big Fish Games, Inc",Games,Games | Entertainment | Puzzle | Family,689ed4dd507e92fe6f3de832,https://apps.apple.com/us/app/evermerge-merge-match-game/id1446344746?uo=4
Evermusic: offline player,com.leshko.cloudplayer,ios,EVERAPPZ SL,Music,Music | Utilities,689ed7d0507e92fe6f3deea9,https://apps.apple.com/us/app/evermusic-offline-player/id885367198?uo=4
Evernote Scannable,com.evernote.Scannable,ios,Evernote Corporation,Productivity,Productivity | Business,689ed52f507e92fe6f3de8e4,https://apps.apple.com/us/app/evernote-scannable/id883338188?uo=4
EWTN,com.ewtn.truthandlife,ios,EWTN Religious Catalogue,Lifestyle,Lifestyle,689ed7d2507e92fe6f3deeb2,https://apps.apple.com/us/app/ewtn/id569376490?uo=4
Exelsys,com.exelsys.wsiclient,ios,Exelsys Ltd,Finance,Finance | Business,689ed828507e92fe6f3def73,https://apps.apple.com/us/app/exelsys/id556331323?uo=4
Exodus 90 - Live Different,com.exodus90.ios,ios,"Exodus, Inc.",Reference,Reference | Lifestyle,689edbd0507e92fe6f3df750,https://apps.apple.com/us/app/exodus-90-live-different/id1448034275?uo=4
"Expedia: Hotels, Flights, Cars",com.expedia.booking,ios,"Expedia, Inc.",Travel,Travel | Lifestyle,689ede0d507e92fe6f3dfbe0,https://apps.apple.com/us/app/expedia-hotels-flights-cars/id427916203?uo=4
Expensify - Travel & Expense,com.expensify.expensifylite,ios,"Expensify, Inc.",Business,Business | Finance,689ed81b507e92fe6f3def60,https://apps.apple.com/us/app/expensify-travel-expense/id471713959?uo=4
Express,com.gpshopper.express,ios,"Express, Inc.",Shopping,Shopping | Lifestyle,689ed467507e92fe6f3de724,https://apps.apple.com/us/app/express/id386656478?uo=4
Eye Booth - Eye Color Changer,com.lemonapp.EyeBooth,ios,柳 王,Shopping,Shopping | Productivity,689ed402507e92fe6f3de652,https://apps.apple.com/us/app/eye-booth-eye-color-changer/id903712086?uo=4
Eye4,com.Eye4.ios,ios,"Shenzhen Vstarcam Technology Co., Ltd.",Photo & Video,Photo & Video | Utilities,689ed465507e92fe6f3de716,https://apps.apple.com/us/app/eye4/id642266858?uo=4
Eyewitness News WCHS/FOX11,com.cellit.cellitnews.wchs,ios,"Sinclair Broadcast Group, Inc",News,News | Weather,689edbec507e92fe6f3df77f,https://apps.apple.com/us/app/eyewitness-news-wchs-fox11/id379145605?uo=4
Face Yoga | Facial Exercise,faceyoga.com,ios,SCIENCE DIGITS HUB LTD,Health & Fitness,Health & Fitness | Lifestyle,689edb83507e92fe6f3df69e,https://apps.apple.com/us/app/face-yoga-facial-exercise/id1635973499?uo=4
Facebook,com.facebook.Facebook,ios,"Meta Platforms, Inc.",Social Networking,Social Networking,689ed424507e92fe6f3de693,https://apps.apple.com/us/app/facebook/id284882215?uo=4
Facts - Daily Random Trivia,com.MonkeyTaps.Facts,ios,Monkey Taps,Reference,Reference | Entertainment,689ed488507e92fe6f3de76e,https://apps.apple.com/us/app/facts-daily-random-trivia/id924977069?uo=4
Fairy Tales ~ Bedtime Stories,com.amayasoft.bookstore4.en,ios,"MATH GAMES FOR TODDLERS AND KIDS, MChJ",Book,Books | Education,689edf68507e92fe6f3dfedf,https://apps.apple.com/us/app/fairy-tales-bedtime-stories/id947235578?uo=4
Fake Call Practice & Training,com.lijinfeng.faketime,ios,娜 张,Lifestyle,Lifestyle | Productivity,689ed302507e92fe6f3de403,https://apps.apple.com/us/app/fake-call-practice-training/id1501297364?uo=4
Fake Call-Prank Caller ID Apps,com.laoyue.telfree,ios,雪景 潘,Utilities,Utilities | Entertainment,689edb55507e92fe6f3df648,https://apps.apple.com/us/app/fake-call-prank-caller-id-apps/id1081494198?uo=4
Family Dollar,com.familydollar.consumer,ios,Family Dollar,Shopping,Shopping | Food & Drink,689ed676507e92fe6f3deba6,https://apps.apple.com/us/app/family-dollar/id1196434600?uo=4
FamilyWall: Family Organizer,com.familyandco.fw,ios,Family & Co,Productivity,Productivity | Lifestyle,689ed8e1507e92fe6f3df10e,https://apps.apple.com/us/app/familywall-family-organizer/id496889629?uo=4
Fandango at Home,com.vudu.VuduIosClient,ios,"VUDU, Inc.",Entertainment,Entertainment | Photo & Video,689ed22e507e92fe6f3de225,https://apps.apple.com/us/app/fandango-at-home/id487285735?uo=4
FanFiction.Net,net.fanfiction.ios,ios,FictionPress Inc,Book,Books | Entertainment,689edac1507e92fe6f3df531,https://apps.apple.com/us/app/fanfiction-net/id1192753879?uo=4
Fantastical Calendar,com.flexibits.fantastical2.iphone,ios,Flexibits Inc.,Productivity,Productivity | Business,689ed66b507e92fe6f3deba0,https://apps.apple.com/us/app/fantastical-calendar/id718043190?uo=4
FARFETCH - Shop Luxury Fashion,com.farfetch.discover,ios,FARFETCH UK LIMITED,Shopping,Shopping | Lifestyle,689ed376507e92fe6f3de509,https://apps.apple.com/us/app/farfetch-shop-luxury-fashion/id906698760?uo=4
Fashion Illustration: Design,com.skyapps.FashionIllustration,ios,"SkyApps, TOO",Graphics & Design,Graphics & Design | Productivity,689ed150507e92fe6f3de07c,https://apps.apple.com/us/app/fashion-illustration-design/id1624421627?uo=4
Fashion Nova: Trendy Shopping,com.tapcart.npQt0DXZpj,ios,Fashion Nova Inc.,Shopping,Shopping | Lifestyle,689edbdb507e92fe6f3df756,https://apps.apple.com/us/app/fashion-nova-trendy-shopping/id1367363988?uo=4
FASHIONPHILE,com.fashionphile,ios,Fashionphile,Shopping,Shopping | Lifestyle,689ed4ac507e92fe6f3de7c1,https://apps.apple.com/us/app/fashionphile/id1235306376?uo=4
Fast Scanner : PDF Doc Scan,com.coolmobilesolution.fastscanner.lite,ios,Hang Nguyen,Business,Business,689edc40507e92fe6f3df837,https://apps.apple.com/us/app/fast-scanner-pdf-doc-scan/id586167688?uo=4
FAST Speed Test,com.netflix.Speedtest,ios,"Netflix, Inc.",Utilities,Utilities,689ed7f6507e92fe6f3def13,https://apps.apple.com/us/app/fast-speed-test/id1133348139?uo=4
FastVPN by Namecheap,com.namecheap.vpn,ios,"Namecheap, Inc",Utilities,Utilities | Productivity,689ed444507e92fe6f3de6cf,https://apps.apple.com/us/app/fastvpn-by-namecheap/id1381516895?uo=4
Fatify - Make Yourself Fat,Apptly.Fatify,ios,Apptly LLC,Entertainment,Entertainment | Simulation | Games | Role Playing,689ed131507e92fe6f3de03e,https://apps.apple.com/us/app/fatify-make-yourself-fat/id480017583?uo=4
Fault Current Calculator,com.procerts.pfccalculator,ios,Pro Certs Software Ltd,Productivity,Productivity | Utilities,689ed131507e92fe6f3de040,https://apps.apple.com/us/app/fault-current-calculator/id577611194?uo=4
FBI FitTest,com.fbi.fittest,ios,Federal Bureau of Investigation,Reference,Reference | Health & Fitness,689ee004507e92fe6f3dffec,https://apps.apple.com/us/app/fbi-fittest/id1308329036?uo=4
FBReader: ePub and fb2 reader,com.fbreader,ios,FBReader.ORG Limited,Book,Books | Utilities,689ed6f8507e92fe6f3decd2,https://apps.apple.com/us/app/fbreader-epub-and-fb2-reader/id1067172178?uo=4
FC Cincinnati(MLS),com.fccincinnati.iphone,ios,"Fussball Club Cincinnati, LLC",Sports,Sports | Entertainment,689ed70b507e92fe6f3decfd,https://apps.apple.com/us/app/fc-cincinnati-mls/id1500434935?uo=4
FedEx Mobile,com.fedex.mobile.home,ios,FedEx,Business,Business | Reference,689edb87507e92fe6f3df6ac,https://apps.apple.com/us/app/fedex-mobile/id1010729050?uo=4
Fender Tune: Guitar Tuner App,com.fenderDigital.TuneAndTone,ios,Fender Digital,Music,Music | Utilities,689edccc507e92fe6f3df966,https://apps.apple.com/us/app/fender-tune-guitar-tuner-app/id1107017950?uo=4
Fertility Friend FF App,com.tamtris.fertilityfriend,ios,Tamtris Web Services Inc.,Health & Fitness,Health & Fitness | Medical,689ed401507e92fe6f3de64e,https://apps.apple.com/us/app/fertility-friend-ff-app/id443919067?uo=4
Fever: Events & Tickets,com.feverup.iphone,ios,"Fever Labs, Inc.",Entertainment,Entertainment | Lifestyle,689ed24e507e92fe6f3de26b,https://apps.apple.com/us/app/fever-events-tickets/id497702817?uo=4
Fidelity Investments,com.fidelity.watchlist,ios,Fidelity Investments,Finance,Finance | Business,689ed84d507e92fe6f3defd0,https://apps.apple.com/us/app/fidelity-investments/id348177453?uo=4
Fieldwire - Construction App,net.fieldwire.Fieldwire,ios,"Hilti Fieldwire, Inc.",Business,Business | Productivity,689ed2f3507e92fe6f3de3e4,https://apps.apple.com/us/app/fieldwire-construction-app/id780165517?uo=4
Fienta,com.piletimasin.piletimasin,ios,Fienta,Utilities,Utilities | Business,689ed145507e92fe6f3de076,https://apps.apple.com/us/app/fienta/id1199806983?uo=4
Fiesta Mart,com.instacart.fiestamart,ios,Maplebear Inc,Food & Drink,Food & Drink | Shopping,689ed6c4507e92fe6f3dec58,https://apps.apple.com/us/app/fiesta-mart/id6448956896?uo=4
Filet Crochet Pattern Creator,com.crochetdesigns.FCCreator,ios,"Sand Castle Designs, Inc",Graphics & Design,Graphics & Design | Lifestyle,689edc8a507e92fe6f3df8d8,https://apps.apple.com/us/app/filet-crochet-pattern-creator/id6446260148?uo=4
Fill and Sign e Signature App,com.crowdedroad.Sign,ios,Crowded Road,Productivity,Productivity | Business,689ed04a507e92fe6f3dde23,https://apps.apple.com/us/app/fill-and-sign-e-signature-app/id1361059450?uo=4
FILM3D,com.modu.film3dapp,ios,MODU Research,Photo & Video,Photo & Video | Entertainment,689edb37507e92fe6f3df615,https://apps.apple.com/us/app/film3d/id1420344040?uo=4
Filter and Wiper Part Lookup,com.verticaldev.valvoline,ios,ShowMeTheParts,Reference,Reference | Productivity,689ed3aa507e92fe6f3de58e,https://apps.apple.com/us/app/filter-and-wiper-part-lookup/id1045292441?uo=4
Find a Grave,com.ancestry.FindAGrave,ios,Ancestry.com,Reference,Reference | Lifestyle,689edab1507e92fe6f3df514,https://apps.apple.com/us/app/find-a-grave/id732952190?uo=4
Find Location: Friend Tracker,com.friendtrecker,ios,IT-DIGITAL,Utilities,Utilities | Navigation,689ed7c4507e92fe6f3dee9b,https://apps.apple.com/us/app/find-location-friend-tracker/id6742648435?uo=4
Find My Car - Car Tracker,product.gaurav.findMyCar,ios,Gaurav Babbar,Navigation,Navigation | Utilities,689ed858507e92fe6f3defda,https://apps.apple.com/us/app/find-my-car-car-tracker/id1295565906?uo=4
Find my Friends、Family、Phone,cn.fitnessforever.family,ios,"Wuhan Switch Tech. Co., Ltd.",Navigation,Navigation | Utilities,689edbfc507e92fe6f3df79f,https://apps.apple.com/us/app/find-my-friends-family-phone/id1397402999?uo=4
Find Your Way on Campus,se.chalmers.ChalmersMap,ios,Chalmers,Navigation,Navigation | Education,689ed6b5507e92fe6f3dec39,https://apps.apple.com/us/app/find-your-way-on-campus/id688006420?uo=4
Findmyshift,com.findmyshift,ios,Findmyshift B.V.,Business,Business | Productivity,689ed4ac507e92fe6f3de7c5,https://apps.apple.com/us/app/findmyshift/id1129436663?uo=4
Firefox Focus: Privacy browser,org.mozilla.ios.Focus,ios,Mozilla,Utilities,Utilities | Productivity,689ed233507e92fe6f3de241,https://apps.apple.com/us/app/firefox-focus-privacy-browser/id1055677337?uo=4
Firefox: Private Web Browser,org.mozilla.ios.Firefox,ios,Mozilla,Utilities,Utilities | Productivity,689ed74c507e92fe6f3ded8f,https://apps.apple.com/us/app/firefox-private-web-browser/id989804926?uo=4
Firehouse Subs App,com.relevantmobile.firehousesubs,ios,"Firehouse Restaurant Group, Inc.",Food & Drink,Food & Drink | Lifestyle,689ed89e507e92fe6f3df080,https://apps.apple.com/us/app/firehouse-subs-app/id894658475?uo=4
First | Fun Learning for Kids,com.babyfirsttv.babyfirstmobilelite,ios,"BFTV, LLC",Education,Education | Family | Puzzle | Games,689edc0d507e92fe6f3df7c7,https://apps.apple.com/us/app/first-fun-learning-for-kids/id430537586?uo=4
First Alert 6 Weather,com.kauz.Skywarn-6,ios,KAUZ,Weather,Weather | News,68a6211058c742477c128254,https://apps.apple.com/us/app/first-alert-6-weather/id1061137500?uo=4
First Coast News Jacksonville,com.gannett.news.local.WTLVNews,ios,Tegna Inc.,News,News | Weather,689ede0a507e92fe6f3dfbcc,https://apps.apple.com/us/app/first-coast-news-jacksonville/id469738478?uo=4
First Grade Learning Games,com.kevinbradford.firstgrade,ios,RosiMosi LLC,Education,Education | Games | Family,689ed06e507e92fe6f3dde86,https://apps.apple.com/us/app/first-grade-learning-games/id530703273?uo=4
Fish Deeper - Fishing App,eu.deeper.fishdeeper,ios,Deeper UAB,Sports,Sports | Lifestyle,689ed2e4507e92fe6f3de3c7,https://apps.apple.com/us/app/fish-deeper-fishing-app/id1483380086?uo=4
Fishbox - Fishing Forecast App,com.krachko.fishbox,ios,"MEMS Group, Inc.",Sports,Sports | Weather,689eddb7507e92fe6f3dfb17,https://apps.apple.com/us/app/fishbox-fishing-forecast-app/id542238652?uo=4
Fishbrain - Fishing App,com.fishbrain.app,ios,FishBrain,Sports,Sports | Social Networking,6921f7ac5bdaffcb70ce9e7a,https://apps.apple.com/us/app/fishbrain-fishing-app/id477967747?uo=4
Fishbrain - Fishing App,com.fishbrain.app,android,Fishbrain,Sports,,670b7d7e87478f2c8b781308,
"Fishing Calendar, Fish Finder",com.sis.si.fishcallt,ios,TOP APP d.o.o.,Weather,Weather | Sports,689eda09507e92fe6f3df39b,https://apps.apple.com/us/app/fishing-calendar-fish-finder/id414676749?uo=4
Fishing Clash: Sport Simulator,com.tensquaregames.letsfish2,ios,Ten Square Games S.A.,Games,Games | Sports | Simulation | Sports,689ed314507e92fe6f3de42f,https://apps.apple.com/us/app/fishing-clash-sport-simulator/id1151811380?uo=4
Fishing Knots FishPlanetApps,MpFish.com-MpFish-Knots-Lite,ios,Web and Print,Reference,Reference | Sports,68a6209758c742477c128175,https://apps.apple.com/us/app/fishing-knots-fishplanetapps/id681286803?uo=4
Fishing Points: Map & Forecast,com.gregacucnik.FishingPoints,ios,Fishing Points d.o.o.,Sports,Sports | Navigation,689ede4a507e92fe6f3dfc57,https://apps.apple.com/us/app/fishing-points-map-forecast/id1203032512?uo=4
Fishing Spots - Fish Maps,com.geoterrestrial.fishingspots,ios,"FishAngler, LLC",Sports,Sports | Navigation,689edb1c507e92fe6f3df5f2,https://apps.apple.com/us/app/fishing-spots-fish-maps/id417922502?uo=4
FishTrack - Charts & Forecasts,com.fishtrack.app,ios,Surfline/Wavetrak,Weather,Weather | Navigation,689ed86d507e92fe6f3df017,https://apps.apple.com/us/app/fishtrack-charts-forecasts/id952022603?uo=4
Fissios,com.tribalyte.fissiosapp,ios,"TRBL SW & IP SERVICES, S.L.",Medical,Medical | Health & Fitness,689ed95b507e92fe6f3df213,https://apps.apple.com/us/app/fissios/id1187891228?uo=4
Fit It 3D - Tangram Puzzle,com.cct.hingeit,ios,AI Games FZ,Games,Games | Puzzle | Family,689ed717507e92fe6f3ded0d,https://apps.apple.com/us/app/fit-it-3d-tangram-puzzle/id1504499700?uo=4
Fitbit: Health & Fitness,com.fitbit.FitbitMobile,ios,Google,Health & Fitness,Health & Fitness | Lifestyle,689ed552507e92fe6f3de933,https://apps.apple.com/us/app/fitbit-health-fitness/id462638897?uo=4
Fitness Buddy Home Gym Workout,com.skyhealth.fitnessbuddyfree,ios,"Kodeon, Inc.",Health & Fitness,Health & Fitness | Lifestyle,689edd53507e92fe6f3dfa8f,https://apps.apple.com/us/app/fitness-buddy-home-gym-workout/id514780106?uo=4
Fitness Coach - Workout Plan,fitnessworkout.app,ios,Luni,Health & Fitness,Health & Fitness | Lifestyle,689ed5a8507e92fe6f3de9f5,https://apps.apple.com/us/app/fitness-coach-workout-plan/id1472638797?uo=4
FitnessGo: Workout Planner,com.radpony.workout,ios,Titano Digital Teknoloji Limited Şirketi,Health & Fitness,Health & Fitness | Lifestyle,689edacf507e92fe6f3df547,https://apps.apple.com/us/app/fitnessgo-workout-planner/id1458315903?uo=4
FitOn Workouts & Fitness Plans,com.fitonapp.fiton,ios,FitOn Inc.,Health & Fitness,Health & Fitness | Lifestyle,689edbeb507e92fe6f3df77b,https://apps.apple.com/us/app/fiton-workouts-fitness-plans/id1442473191?uo=4
Fitplan®: Gym & Home Workouts,io.fitplan.momentus.1,ios,MVMNT Inc.,Health & Fitness,Health & Fitness | Lifestyle,689ed6d5507e92fe6f3dec7a,https://apps.apple.com/us/app/fitplan-gym-home-workouts/id1064119547?uo=4
Fiverr - Freelance Services,com.fiverr.fiverr,ios,Fiverr International Ltd.,Business,Business | Lifestyle,68b85c7bf44b44920da02dbf,https://apps.apple.com/us/app/fiverr-freelance-services/id346080608?uo=4
Flags of the World Best Trivia,com.gedev.flags,ios,gedev,Games,Games | Word | Education | Trivia,689edac0507e92fe6f3df52f,https://apps.apple.com/us/app/flags-of-the-world-best-trivia/id1202995075?uo=4
Flappy Crush,com.tarekmongy.FlappyCrushBirdSmash,ios,Tarek Mongy,Games,Games | Casual | Action | Entertainment,689ed6d1507e92fe6f3dec65,https://apps.apple.com/us/app/flappy-crush/id906357856?uo=4
Flashlight ×,com.mariposa.flashlight4,ios,DOUBLE U s.r.o.,Utilities,Utilities | Productivity,689edb65507e92fe6f3df665,https://apps.apple.com/us/app/flashlight/id380161808?uo=4
Flat Earth Firmament Trackers,io.journalofgeocentriccosmology.flatearthappfree,ios,Flat Earth University,Education,Education | Navigation,689edb05507e92fe6f3df5bc,https://apps.apple.com/us/app/flat-earth-firmament-trackers/id6737820508?uo=4
Flick Home Run ! Free Version,com.infinitypocket.FHRNewFree,ios,infinity pocket,Games,Games | Entertainment | Action | Sports,689ed1fd507e92fe6f3de1af,https://apps.apple.com/us/app/flick-home-run-free-version/id511835636?uo=4
Flick Kick Field Goal Kickoff,com.sidheinteractive.sif.KIKFG2011,ios,PikPok,Games,Games | Casual | Sports | Sports,689ed3d8507e92fe6f3de5e9,https://apps.apple.com/us/app/flick-kick-field-goal-kickoff/id414544336?uo=4
Flight Tracker +,com.iaftt.flightplusfree,ios,Impala Studios,Travel,Travel | Business,689edcbc507e92fe6f3df944,https://apps.apple.com/us/app/flight-tracker/id533365777?uo=4
FlightAware Flight Tracker,com.flightaware.iphone.live-flight-tracker,ios,FlightAware,Travel,Travel,68a6215258c742477c1282dc,https://apps.apple.com/us/app/flightaware-flight-tracker/id316793974?uo=4
Flightradar24 | Flight Tracker,se.resenatverket.FlightRadar24-Free,ios,Flightradar24 AB,Travel,Travel | Navigation,68a6217158c742477c12831a,https://apps.apple.com/us/app/flightradar24-flight-tracker/id382233851?uo=4
Flighty – Live Flight Tracker,com.flightyapp.flighty,ios,Flighty LLC,Travel,Travel | Utilities,689ed242507e92fe6f3de25f,https://apps.apple.com/us/app/flighty-live-flight-tracker/id1358823008?uo=4
Flip Tumbling,studio.durdanto.fliptumbling,ios,Kwalee Ltd,Games,Games | Casual | Sports,689ed4cf507e92fe6f3de818,https://apps.apple.com/us/app/flip-tumbling/id1475077823?uo=4
Flo Cycle & Period Tracker,org.iggymedia.periodtracker,ios,FLO HEALTH UK LIMITED,Health & Fitness,Health & Fitness | Medical,689edf57507e92fe6f3dfeb7,https://apps.apple.com/us/app/flo-cycle-period-tracker/id1038369065?uo=4
Flood it ! Chroma : the game,net.playtouch.chroma,ios,PLAYTOUCH,Games,Games | Entertainment | Puzzle | Strategy,689ed4be507e92fe6f3de7ef,https://apps.apple.com/us/app/flood-it-chroma-the-game/id946085023?uo=4
Flora - Green Focus,com.appfinca.flora.ios,ios,AppFinca Inc.,Productivity,Productivity | Health & Fitness,689ee008507e92fe6f3e0002,https://apps.apple.com/us/app/flora-green-focus/id1225155794?uo=4
Fluid Mechanics Calc,com.tss.FMC,ios,Trelleborg Sealing Solutions,Utilities,Utilities | Productivity,689ed95a507e92fe6f3df20d,https://apps.apple.com/us/app/fluid-mechanics-calc/id1404879538?uo=4
FluxBuilder Pro,com.inspireui.fluxbuilderpro,ios,INSPIREUI COMPANY LIMITED,Developer Tools,Developer Tools | Productivity,689ed197507e92fe6f3de12f,https://apps.apple.com/us/app/fluxbuilder-pro/id1503282735?uo=4
fnbr.co — Tracker for Fortnite,co.fnbr.app.ios,ios,Kairu Media Ltd,Reference,Reference,689edd54507e92fe6f3dfa95,https://apps.apple.com/us/app/fnbr-co-tracker-for-fortnite/id1459133026?uo=4
Followers Insights tracker,com.analysis.xreportspro,ios,"Anshun Lingyun Technology Development Co., Ltd.",Utilities,Utilities | Social Networking,689ed71a507e92fe6f3ded20,https://apps.apple.com/us/app/followers-insights-tracker/id1521204420?uo=4
FollowMyHealth®,com.jardogs.FMHmobile,ios,Allscripts Healthcare Solutions Inc,Medical,Medical | Health & Fitness,689ed7f3507e92fe6f3deefd,https://apps.apple.com/us/app/followmyhealth/id502147249?uo=4
Fontasy - Font Browser,com.youthhr.fontasy,ios,youthhr,Utilities,Utilities | Productivity,689edaf5507e92fe6f3df59e,https://apps.apple.com/us/app/fontasy-font-browser/id653884771?uo=4
Fonts - AI Stickers,fontskeyboard.fonts,ios,Fonts ApS,Utilities,Utilities | Social Networking,689ed47b507e92fe6f3de75a,https://apps.apple.com/us/app/fonts-ai-stickers/id1454061614?uo=4
Fonts & Big Emojis for iPhones,com.xStudio.Cool-Fonts,ios,妙英 张,Reference,Reference,68a6218258c742477c12833d,https://apps.apple.com/us/app/fonts-big-emojis-for-iphones/id1172686466?uo=4
Fonts for You,com.livintis.fontsplus,ios,Livintis W.L.L.,Utilities,Utilities | Entertainment,689edc3e507e92fe6f3df833,https://apps.apple.com/us/app/fonts-for-you/id1479562577?uo=4
Fonts keyboard iphones app,com.mkapps.FontsAapp,ios,APP FLIGHT LLP,Shopping,Shopping,689ede5c507e92fe6f3dfc7f,https://apps.apple.com/us/app/fonts-keyboard-iphones-app/id1049637399?uo=4
FOOD & WINE,com.aexp.ereader.kiosk.fw,ios,TI Media Solutions Inc.,Food & Drink,Food & Drink | Magazines & Newspapers,689ed72c507e92fe6f3ded4b,https://apps.apple.com/us/app/food-wine/id391100624?uo=4
Food Games: Carnival Fair Food,com.blackbeltclown.carnivalfairfoodmaker,ios,Maker Labs,Entertainment,Entertainment | Lifestyle,689ed449507e92fe6f3de6ec,https://apps.apple.com/us/app/food-games-carnival-fair-food/id1208382835?uo=4
foodly - Groceries made easy,com.mobile.foodly.ios,ios,DHAL TECHNOLOGIES LIMITED,Food & Drink,Food & Drink | Health & Fitness,689ed6ad507e92fe6f3dec1a,https://apps.apple.com/us/app/foodly-groceries-made-easy/id6444263134?uo=4
foodpanda: Food & Groceries,com.global.foodpanda.ios,ios,Foodpanda,Food & Drink,Food & Drink | Shopping,689ed47b507e92fe6f3de758,https://apps.apple.com/us/app/foodpanda-food-groceries/id758103884?uo=4
Foodvisor - Calorie Counter,com.foodvisor.Foodvisor,ios,Foodvisor,Health & Fitness,Health & Fitness | Medical,689edef4507e92fe6f3dfdd5,https://apps.apple.com/us/app/foodvisor-calorie-counter/id1064020872?uo=4
Football Quiz Guess The Player,com.nicomoyano.guesstheplayer,ios,Nicolas Moyano,Games,Games | Sports | Sports | Trivia,689ed26e507e92fe6f3de2af,https://apps.apple.com/us/app/football-quiz-guess-the-player/id6499277606?uo=4
Football Quiz Guess The Team,com.nicomoyano.guesstheteam,ios,Nicolas Moyano,Games,Games | Trivia | Sports | Sports,689ed1df507e92fe6f3de177,https://apps.apple.com/us/app/football-quiz-guess-the-team/id6503174657?uo=4
Forever 21,com.forever21.Forever21,ios,"Forever 21, Inc.",Shopping,Shopping,689ed3c6507e92fe6f3de5bc,https://apps.apple.com/us/app/forever-21/id365886172?uo=4
Forex Game 4 Beginners,com.forexgame.ForexGame,ios,V K,Finance,Finance,689ed0d1507e92fe6f3ddf6c,https://apps.apple.com/us/app/forex-game-4-beginners/id1131337444?uo=4
Forex Trading for Beginners,com.tiim.forexillustrated,ios,Tiim,Finance,Finance | Education,689edf9f507e92fe6f3dff6d,https://apps.apple.com/us/app/forex-trading-for-beginners/id915926888?uo=4
Fort Worth Star-Telegram News,com.mcclatchy.star,ios,The McClatchy Company,News,News | Magazines & Newspapers,689ed86f507e92fe6f3df021,https://apps.apple.com/us/app/fort-worth-star-telegram-news/id389708740?uo=4
Forward Madison FC,com.uslsoccer.mad,ios,Big Top Events LLC,Sports,Sports | Entertainment,689ed45a507e92fe6f3de712,https://apps.apple.com/us/app/forward-madison-fc/id1476716576?uo=4
FOX 10 Phoenix: Weather,com.ksaz.FOX-10-Weather,ios,"Fox Television Stations, Inc.",Weather,Weather | News,68a620e058c742477c1281f5,https://apps.apple.com/us/app/fox-10-phoenix-weather/id575220932?uo=4
FOX 11 Weather,com.wluk.FOX-11-Weather,ios,"Sinclair Broadcast Group, Inc",Weather,Weather | News,68a621ae58c742477c12838d,https://apps.apple.com/us/app/fox-11-weather/id957377336?uo=4
FOX 13: Tampa SkyTower Weather,com.wtvt.SkyTower,ios,"Fox Television Stations, Inc.",Weather,Weather | News,689ed454507e92fe6f3de6f0,https://apps.apple.com/us/app/fox-13-tampa-skytower-weather/id897521658?uo=4
FOX 17 Code Red Weather,com.wztv.WZTV-WX,ios,"Sinclair Broadcast Group, Inc",Weather,Weather | News,68a6216058c742477c1282f3,https://apps.apple.com/us/app/fox-17-code-red-weather/id698705214?uo=4
FOX 17 Weather – West Michigan,com.scripps.wxmi.FOX17-Weather,ios,E.W. Scripps Company,Weather,Weather | News,68a6215258c742477c1282de,https://apps.apple.com/us/app/fox-17-weather-west-michigan/id1486365895?uo=4
Fox 2 St Louis Weather,com.wdtinc.FOX2Weather,ios,Tribune Broadcasting Company,Weather,Weather | News,689ed719507e92fe6f3ded17,https://apps.apple.com/us/app/fox-2-st-louis-weather/id368499632?uo=4
FOX 4 Dallas-FTW: Weather,com.KDFW.FOX4-Weather,ios,"Fox Television Stations, Inc.",Weather,Weather | News,68a620b658c742477c1281b5,https://apps.apple.com/us/app/fox-4-dallas-ftw-weather/id506375544?uo=4
FOX 7 Austin: Weather,com.fox.ktbc.FOX-7-WAPP,ios,"Fox Television Stations, Inc.",Weather,Weather | News,68a6214258c742477c1282bb,https://apps.apple.com/us/app/fox-7-austin-weather/id1451323774?uo=4
FOX 8 Weather,com.WVUE.FOX-8-Wx,ios,"Gray Television Group, Inc.",Weather,Weather | News,68a621a058c742477c12837a,https://apps.apple.com/us/app/fox-8-weather/id491120113?uo=4
FOX 8 WVUE Mobile,com.wvue.reader,ios,"Gray Television Group, Inc.",News,News | Entertainment,689ed04f507e92fe6f3dde44,https://apps.apple.com/us/app/fox-8-wvue-mobile/id521130030?uo=4
FOX 9 Weather – Radar & Alerts,com.myfox9.weatherapp,ios,"Fox Television Stations, Inc.",Weather,Weather | News,689ede60507e92fe6f3dfc97,https://apps.apple.com/us/app/fox-9-weather-radar-alerts/id438788905?uo=4
FOX Carolina News,com.cbcnmg.iapp.now.whnsuniv,ios,"Gray Television Group, Inc.",News,News | Weather,689ed176507e92fe6f3de0e6,https://apps.apple.com/us/app/fox-carolina-news/id547752044?uo=4
FOX West Texas,com.tegna.id3258,ios,Tegna Inc.,News,News | Weather,689ed5b6507e92fe6f3dea0b,https://apps.apple.com/us/app/fox-west-texas/id1138935494?uo=4
FOX19 First Alert Weather,com.raycommedia.wxix.wsi,ios,"Gray Television Group, Inc.",Weather,Weather | News,689eda4b507e92fe6f3df42e,https://apps.apple.com/us/app/fox19-first-alert-weather/id413107327?uo=4
FOX23 News Tulsa,com.newssynergy.koki,ios,"Imagicomm Communications, LLC",News,News | Entertainment,689ed130507e92fe6f3de037,https://apps.apple.com/us/app/fox23-news-tulsa/id413727211?uo=4
FOX6 Milwaukee: Weather,com.fox.witi.FOX6-Weather,ios,"Fox Television Stations, Inc.",Weather,Weather | News,68a6205558c742477c1280ed,https://apps.apple.com/us/app/fox6-milwaukee-weather/id1513184798?uo=4
FoxNovel-Read & Story Books,com.novelfox.foxnovel,ios,"Beijing Shengyan Technology Co., Ltd",Book,Books,689ed20e507e92fe6f3de1d9,https://apps.apple.com/us/app/foxnovel-read-story-books/id1521785429?uo=4
Frakktus,com.ConfernoArt.Frakktus,ios,ALEXANDER PETROV,Games,Games | Music | Casual | Entertainment,689ed88b507e92fe6f3df04f,https://apps.apple.com/us/app/frakktus/id1397201026?uo=4
Frankfurt Connect,com.expoplatform.fbm.app68,ios,Frankfurter Buchmesse GmbH,Book,Books | Social Networking,689ede92507e92fe6f3dfd07,https://apps.apple.com/us/app/frankfurt-connect/id6714471600?uo=4
Frases Todos os Casos Bom dia,com.frasesstatus.frasestodososcasos,ios,Alison Santos,Lifestyle,Lifestyle,689ed0dc507e92fe6f3ddf75,https://apps.apple.com/us/app/frases-todos-os-casos-bom-dia/id1608942439?uo=4
Free Conference Call,com.freeconferencecall.FreeConferenceCallVideo,ios,CarrierX LLC,Business,Business | Productivity,689ed243507e92fe6f3de261,https://apps.apple.com/us/app/free-conference-call/id1076834814?uo=4
Free Stuff Finder - Save Money,SimpleLifeMedia.FreeStuffFinder,ios,"Simple Life Media, LLC",Shopping,Shopping | Lifestyle,689ed8b3507e92fe6f3df0b1,https://apps.apple.com/us/app/free-stuff-finder-save-money/id1438730963?uo=4
Free VPN by Free VPN .org™,org.freevpn.vpn,ios,Free VPN LLC,Utilities,Utilities | Productivity,689edcf1507e92fe6f3df9c4,https://apps.apple.com/us/app/free-vpn-by-free-vpn-org/id1050171910?uo=4
Fretuoso,org.mobiletutor.GuitarTrainerHDx,ios,Catloaf Software LLC,Education,Education | Music,689ed9d6507e92fe6f3df338,https://apps.apple.com/us/app/fretuoso/id443265532?uo=4
Fun Play Stickers,com.funplayStickers,ios,秋燕 吴,Utilities,Utilities,689edc7b507e92fe6f3df8bf,https://apps.apple.com/us/app/fun-play-stickers/id1473082669?uo=4
"Funny Jokes, Stories & Puns",com.webcitric.Grossesblagues,ios,AR Code Pte. Ltd.,Entertainment,Entertainment | Lifestyle,689ed04b507e92fe6f3dde2c,https://apps.apple.com/us/app/funny-jokes-stories-puns/id587321135?uo=4
Furry Wisher,com.sketchi.furrywisher,ios,Sun Li Lily,Entertainment,Entertainment | Utilities,689ed0cc507e92fe6f3ddf52,https://apps.apple.com/us/app/furry-wisher/id1664611352?uo=4
Fusion Operations,com.prodsmart.app,ios,Autodesk Inc.,Business,Business | Productivity,689eda4d507e92fe6f3df43c,https://apps.apple.com/us/app/fusion-operations/id1071264746?uo=4
FusionFit360,com.clubautomation.fusionfit24,ios,"STAK Fitness, LLC",Health & Fitness,Health & Fitness,689ed948507e92fe6f3df1e8,https://apps.apple.com/us/app/fusionfit360/id6737245295?uo=4
Gaia GPS: Mobile Trail Maps,com.trailbehind.GaiaGPS.ng,ios,TrailBehind,Navigation,Navigation | Travel,689eddfc507e92fe6f3dfbb6,https://apps.apple.com/us/app/gaia-gps-mobile-trail-maps/id1201979492?uo=4
Galatea: Books & Audiobooks,org.reactjs.native.Inkitt.App.Colt,ios,Inkitt,Book,Books | Magazines & Newspapers,689ed96d507e92fe6f3df23b,https://apps.apple.com/us/app/galatea-books-audiobooks/id1380362212?uo=4
Game Controller Apps,gameController,ios,Emoji Apps GmbH,Utilities,Utilities | Reference,68a620e358c742477c128203,https://apps.apple.com/us/app/game-controller-apps/id789521943?uo=4
Game of Song - All music games,com.amanotes.mep,ios,Amanotes Pte. Ltd.,Games,Games | Music | Casual | Music,689ed76c507e92fe6f3dedd5,https://apps.apple.com/us/app/game-of-song-all-music-games/id1492267122?uo=4
GameStop,com.gamestop.powerup,ios,GameStop,Shopping,Shopping | Lifestyle,689ed06e507e92fe6f3dde82,https://apps.apple.com/us/app/gamestop/id406033647?uo=4
GarageBand,com.apple.mobilegarageband,ios,Apple,Music,Music | Lifestyle,689ed0e2507e92fe6f3ddf95,https://apps.apple.com/us/app/garageband/id408709785?uo=4
Garmin Golf,com.garmin.golf,ios,Garmin,Sports,Sports,689edf8e507e92fe6f3dff4a,https://apps.apple.com/us/app/garmin-golf/id1192480582?uo=4
Gauth: AI Study Companion,com.gauthmath.intelligence,ios,GAUTHTECH PTE. LTD.,Education,Education | Productivity,689ed365507e92fe6f3de4e1,https://apps.apple.com/us/app/gauth-ai-study-companion/id1542571008?uo=4
Gboard – the Google Keyboard,com.google.keyboard,ios,Google,Utilities,Utilities,689edca9507e92fe6f3df916,https://apps.apple.com/us/app/gboard-the-google-keyboard/id1091700242?uo=4
geeni,com.merkuryinnovations.geeni,ios,Merkury Innovations LLC,Utilities,Utilities | Lifestyle,689ed8e3507e92fe6f3df116,https://apps.apple.com/us/app/geeni/id1177386276?uo=4
Gema Surya FM,app.gemasurya.fm,ios,Handris Kurlu,News,News | Music,689ed04b507e92fe6f3dde2a,https://apps.apple.com/us/app/gema-surya-fm/id1673721135?uo=4
GEMMA Budget Planner,mt.gov.gemmabudgetplanner,ios,Malta Information Technology Agency,Finance,Finance,689ed195507e92fe6f3de121,https://apps.apple.com/us/app/gemma-budget-planner/id1483422115?uo=4
General Knowledge Quiz !,com.creactive.Millionaire-Free,ios,Marco Batista,Games,Games | Trivia | Entertainment | Family,68a6218158c742477c128339,https://apps.apple.com/us/app/general-knowledge-quiz/id723491117?uo=4
Genius: Song Lyrics Finder,com.rapgenius.RapGenius,ios,Genius Media Group,Music,Music | Entertainment,689edb97507e92fe6f3df6cd,https://apps.apple.com/us/app/genius-song-lyrics-finder/id709482991?uo=4
Geocaching®,com.groundspeak.GeocachingIntro,ios,Groundspeak Inc.,Navigation,Navigation | Health & Fitness,689ed2a4507e92fe6f3de340,https://apps.apple.com/us/app/geocaching/id329541503?uo=4
GeoFS - Flight Simulator,com.geofs.sd,ios,Xavier Tassin,Games,Games | Simulation,689ed410507e92fe6f3de667,https://apps.apple.com/us/app/geofs-flight-simulator/id1438750773?uo=4
Geometry Dash World,com.robtop.geometrydashworld,ios,RobTop Games AB,Games,Games | Music | Casual | Entertainment,689ed3a7507e92fe6f3de57a,https://apps.apple.com/us/app/geometry-dash-world/id1112307917?uo=4
Geometry solver and calculator,sk.halmi.pocketgeometry,ios,Rudolf Halmi,Education,Education | Utilities,689ed250507e92fe6f3de274,https://apps.apple.com/us/app/geometry-solver-and-calculator/id1226352729?uo=4
GestAge,com.domainename.agegestationnel,ios,J. Verchere,Medical,Medical,689ed434507e92fe6f3de6b1,https://apps.apple.com/us/app/gestage/id430169277?uo=4
Get it - Bible of Many Colors,com.bibleofmanycolors.free,ios,william mcdermott,Education,Education | Lifestyle,689ed60e507e92fe6f3deadf,https://apps.apple.com/us/app/get-it-bible-of-many-colors/id1019059278?uo=4
Getcontact,com.kontakt.getcontact,ios,GETVERIFY LDA,Utilities,Utilities | Productivity,689edf39507e92fe6f3dfe7e,https://apps.apple.com/us/app/getcontact/id1010631459?uo=4
Gin Rummy Joker,com.zj.rummy.gin.stars.free.ios,ios,"Beijing ZJCYOU Technology Co., Ltd",Games,Games | Card,689ed20e507e92fe6f3de1db,https://apps.apple.com/us/app/gin-rummy-joker/id1620150906?uo=4
GIPHY: The GIF Search Engine,com.giphy.giphyformessenger,ios,"Giphy, Inc.",Photo & Video,Photo & Video | Social Networking,689edae7507e92fe6f3df58b,https://apps.apple.com/us/app/giphy-the-gif-search-engine/id974748812?uo=4
Girl Games: Dress Up Makeover,net.beautysalongames.love.story.choose.your.romance,ios,Beauty Salon Games,Entertainment,Entertainment,689ed09c507e92fe6f3ddee4,https://apps.apple.com/us/app/girl-games-dress-up-makeover/id1387746573?uo=4
Girls Hair Salon,com.pazugames.girlshairsalon,ios,Pazu Games Ltd,Games,Games | Family | Education,689ed05d507e92fe6f3dde5a,https://apps.apple.com/us/app/girls-hair-salon/id917683741?uo=4
GitTime,io.github.87kangsw.GitTime,ios,Sung Wook Kang,Developer Tools,Developer Tools | Utilities,689ed165507e92fe6f3de0bb,https://apps.apple.com/us/app/gittime/id1469013856?uo=4
GizmoHub,com.vzw.gizmopal,ios,Verizon Wireless,Lifestyle,Lifestyle | Utilities,689ed717507e92fe6f3ded09,https://apps.apple.com/us/app/gizmohub/id921596283?uo=4
GLOBE Observer,gov.nasa.globe.observer,ios,NASA,Education,Education,689ed6d3507e92fe6f3dec70,https://apps.apple.com/us/app/globe-observer/id1090456751?uo=4
Glorify: Devotional & Prayer,com.Quiet-Time,ios,Tupoe LTD,Reference,Reference | Health & Fitness,68a620d258c742477c1281de,https://apps.apple.com/us/app/glorify-devotional-prayer/id1490587079?uo=4
Glose,com.glose.ios,ios,"Readwise, Inc",Book,Books | Social Networking,689edad5507e92fe6f3df55f,https://apps.apple.com/us/app/glose/id896681871?uo=4
Glow Baby Tracker & Growth App,com.glowing.noah,ios,Glow,Medical,Medical | Health & Fitness,689ed780507e92fe6f3dee07,https://apps.apple.com/us/app/glow-baby-tracker-growth-app/id1077177456?uo=4
Glow Eve Period Tracker,com.glowing.lexie,ios,Glow,Health & Fitness,Health & Fitness | Medical,689ed437507e92fe6f3de6bf,https://apps.apple.com/us/app/glow-eve-period-tracker/id1002275138?uo=4
Glow Hockey 2L,com.natenai.glowhockeylite,ios,Ariya Studio Company Limited,Games,Games | Family | Casual | Entertainment,689ed60c507e92fe6f3dead3,https://apps.apple.com/us/app/glow-hockey-2l/id346453382?uo=4
Glow Ovulation & Period App,com.upwlabs.emma,ios,Glow,Health & Fitness,Health & Fitness | Medical,689ed69b507e92fe6f3debf3,https://apps.apple.com/us/app/glow-ovulation-period-app/id638021335?uo=4
GlucoCheck,com.asia.tdlink.hm,ios,TaiDoc,Medical,Medical | Health & Fitness,689eddc9507e92fe6f3dfb43,https://apps.apple.com/us/app/glucocheck/id1434816488?uo=4
Gmail - Email by Google,com.google.Gmail,ios,Google,Productivity,Productivity | Social Networking,689edf26507e92fe6f3dfe45,https://apps.apple.com/us/app/gmail-email-by-google/id422689480?uo=4
Go Outdoors GA,com.gadnr.outdoorsga,ios,GADNR,Sports,Sports | Lifestyle,689edb94507e92fe6f3df6bc,https://apps.apple.com/us/app/go-outdoors-ga/id1050497105?uo=4
Go Outdoors VA,com.nicusa.huntfishva,ios,Go Outdoors Virginia,Sports,Sports | Lifestyle,689edfaa507e92fe6f3dff74,https://apps.apple.com/us/app/go-outdoors-va/id430899744?uo=4
GOAT – Sneakers & Apparel,com.airgoat.goat.ios,ios,"1661, Inc.",Shopping,Shopping | Lifestyle,689ed49d507e92fe6f3de7a9,https://apps.apple.com/us/app/goat-sneakers-apparel/id966758561?uo=4
GoBoultFit,com.boultaudio.BoultFit,ios,Exotic Mile Private Limited,Health & Fitness,Health & Fitness,689edea2507e92fe6f3dfd2b,https://apps.apple.com/us/app/goboultfit/id1629163626?uo=4
"Gold Live! Gold Price, Silver",com.kitco.goldlive,ios,Kitco Metals Inc,Finance,Finance | News,689ed51e507e92fe6f3de8c0,https://apps.apple.com/us/app/gold-live-gold-price-silver/id1444886741?uo=4
Golden Quran | المصحف الذهبي,goldenQuran,ios,OMAR SHARIF,Book,Books | Music,68a620f458c742477c128225,https://apps.apple.com/us/app/golden-quran-%D8%A7%D9%84%D9%85%D8%B5%D8%AD%D9%81-%D8%A7%D9%84%D8%B0%D9%87%D8%A8%D9%8A/id852497554?uo=4
Golf Genius,com.golfgeniussoftware.golfleaguegenius,ios,"Golf Genius Software, Inc.",Sports,Sports | Travel,689edcd0507e92fe6f3df97e,https://apps.apple.com/us/app/golf-genius/id555651262?uo=4
Golf Wang,com.vennapps.golfwang,ios,"Golf Wang Merchandising, LLC",Shopping,Shopping | Lifestyle,689ed184507e92fe6f3de0fc,https://apps.apple.com/us/app/golf-wang/id6630374177?uo=4
GolfLogix: 3D Golf Course GPS,com.golfgps.golflogix,ios,"GolfLogix, Inc.",Sports,Sports | Navigation,689edbcf507e92fe6f3df74a,https://apps.apple.com/us/app/golflogix-3d-golf-course-gps/id322399059?uo=4
GolfNow Book TeeTimes Golf GPS,com.golfnow.teetimes,ios,GolfNow.com,Sports,Sports | Travel,689ed0ae507e92fe6f3ddf14,https://apps.apple.com/us/app/golfnow-book-teetimes-golf-gps/id411930498?uo=4
GolfNow Compete,com.golfnow.compete,ios,GolfNow.com,Sports,Sports | Travel,689ed929507e92fe6f3df1b2,https://apps.apple.com/us/app/golfnow-compete/id1451640918?uo=4
Golfshot: Golf GPS + Watch,com.shotzoom.TOURCaddie,ios,"Golf Genius Mobile, LLC",Sports,Sports | Health & Fitness,689ed651507e92fe6f3deb61,https://apps.apple.com/us/app/golfshot-golf-gps-watch/id622851626?uo=4
GoNoodle - Kids Videos,com.gonoodle.GoNoodle,ios,"GoNoodle, Inc.",Education,Education | Entertainment,689ed574507e92fe6f3de97e,https://apps.apple.com/us/app/gonoodle-kids-videos/id1050712293?uo=4
Good Fonts: Text Font Keyboard,dqm.goodfonts,ios,CELESTIAN GOLDEN APPS,Utilities,Utilities | Social Networking,689ed8f3507e92fe6f3df139,https://apps.apple.com/us/app/good-fonts-text-font-keyboard/id1422565454?uo=4
Good to Go We Deliver,com.deliverlogic.goodtogo,ios,"Glimpses of Guam, Inc.",Food & Drink,Food & Drink | Shopping,689edfad507e92fe6f3dff84,https://apps.apple.com/us/app/good-to-go-we-deliver/id1496388213?uo=4
Goodreads: Book Reviews,com.goodreads.Goodreads,ios,Goodreads,Book,Books | Social Networking,68de2d2b76278e4713595b3b,https://apps.apple.com/us/app/goodreads-book-reviews/id355833469?uo=4
Goods Unite Us,com.goodsuniteus.goods,ios,Goods Unite Us Inc.,Reference,Reference | Shopping,689edeb3507e92fe6f3dfd4b,https://apps.apple.com/us/app/goods-unite-us/id1295147058?uo=4
"GoodTask - To Do List, Tasks",com.hahainteractive.GoodTask3,ios,haha Interactive,Productivity,Productivity,689ed88e507e92fe6f3df061,https://apps.apple.com/us/app/goodtask-to-do-list-tasks/id1068039220?uo=4
Google Arts & Culture,com.google.Stella,ios,Google,Education,Education | Entertainment,689ed3bb507e92fe6f3de5b4,https://apps.apple.com/us/app/google-arts-culture/id1050970557?uo=4
Google Calendar: Get Organized,com.google.calendar,ios,Google,Productivity,Productivity,689ed68c507e92fe6f3debd7,https://apps.apple.com/us/app/google-calendar-get-organized/id909319292?uo=4
Google Chat,com.google.Dynamite,ios,Google,Business,Business | Productivity,689edf48507e92fe6f3dfe9b,https://apps.apple.com/us/app/google-chat/id1163852619?uo=4
Google Chrome,com.google.chrome.ios,ios,Google,Utilities,Utilities | Productivity,689ee026507e92fe6f3e003b,https://apps.apple.com/us/app/google-chrome/id535886823?uo=4
Google Classroom,com.google.Classroom,ios,Google,Education,Education | Productivity,689ed3cd507e92fe6f3de5e1,https://apps.apple.com/us/app/google-classroom/id924620788?uo=4
Google Docs,com.google.Docs,ios,Google,Productivity,Productivity | Business,689edfbf507e92fe6f3dffa8,https://apps.apple.com/us/app/google-docs/id842842640?uo=4
Google Drive,com.google.Drive,ios,Google,Productivity,Productivity,689ede7e507e92fe6f3dfcd0,https://apps.apple.com/us/app/google-drive/id507874739?uo=4
Google Fit: Activity Tracker,com.google.fit,ios,Google,Health & Fitness,Health & Fitness | Lifestyle,689ed2d4507e92fe6f3de3a2,https://apps.apple.com/us/app/google-fit-activity-tracker/id1433864494?uo=4
Google Home,com.google.Chromecast,ios,Google,Lifestyle,Lifestyle | Entertainment,689eda3e507e92fe6f3df41f,https://apps.apple.com/us/app/google-home/id680819774?uo=4
Google Maps,com.google.Maps,ios,Google,Navigation,Navigation | Food & Drink,689ed1ff507e92fe6f3de1be,https://apps.apple.com/us/app/google-maps/id585027354?uo=4
Google Meet,com.google.Tachyon,ios,Google,Social Networking,Social Networking,689edd96507e92fe6f3dfad2,https://apps.apple.com/us/app/google-meet/id1096918571?uo=4
Google News,com.google.GoogleDigitalEditions,ios,Google,News,News,689ed512507e92fe6f3de8b0,https://apps.apple.com/us/app/google-news/id459182288?uo=4
Google One,com.google.one,ios,Google,Productivity,Productivity | Utilities,689ed3eb507e92fe6f3de61b,https://apps.apple.com/us/app/google-one/id1451784328?uo=4
Google Photos: Backup & Edit,com.google.photos,ios,Google,Photo & Video,Photo & Video,689ed210507e92fe6f3de1e6,https://apps.apple.com/us/app/google-photos-backup-edit/id962194608?uo=4
Google Play Books & Audiobooks,com.google.GoogleBooks,ios,Google,Book,Books | Reference,689ed163507e92fe6f3de0b1,https://apps.apple.com/us/app/google-play-books-audiobooks/id400989007?uo=4
Google Sheets,com.google.Sheets,ios,Google,Productivity,Productivity | Business,689ed6e6507e92fe6f3deca0,https://apps.apple.com/us/app/google-sheets/id842849113?uo=4
Google Slides,com.google.Slides,ios,Google,Productivity,Productivity | Business,689ed1ad507e92fe6f3de15a,https://apps.apple.com/us/app/google-slides/id879478102?uo=4
Google Tasks: Get Things Done,com.google.tasks,ios,Google,Productivity,Productivity,689ed553507e92fe6f3de935,https://apps.apple.com/us/app/google-tasks-get-things-done/id1353634006?uo=4
Google Translate,com.google.Translate,ios,Google,Reference,Reference | Travel,689ed388507e92fe6f3de53b,https://apps.apple.com/us/app/google-translate/id414706506?uo=4
Google TV: Watch Movies & TV,com.google.Movies,ios,Google,Entertainment,Entertainment | Photo & Video,689ed500507e92fe6f3de885,https://apps.apple.com/us/app/google-tv-watch-movies-tv/id746894884?uo=4
Google Voice,com.google.GVDialer,ios,Google,Productivity,Productivity,689ed0e0507e92fe6f3ddf8b,https://apps.apple.com/us/app/google-voice/id318698524?uo=4
GopherTrip,com.bishoppeaktech.iOS.UMN,ios,"Bishop Peak Technology, Inc",Reference,Reference | Navigation,689ed729507e92fe6f3ded3b,https://apps.apple.com/us/app/gophertrip/id1233552074?uo=4
GoPro Quik,com.gopro.GoPro,ios,"GoPro, Inc.",Photo & Video,Photo & Video | Utilities,689edb56507e92fe6f3df64a,https://apps.apple.com/us/app/gopro-quik/id561350520?uo=4
Gopuff - Food & Drink Delivery,com.gopuff.gopuff,ios,Gopuff,Food & Drink,Food & Drink | Lifestyle,689ed344507e92fe6f3de497,https://apps.apple.com/us/app/gopuff-food-drink-delivery/id722804810?uo=4
Gospel for Kids,org.churchofjesuschrist.gospelforkids,ios,The Church of Jesus Christ of Latter-day Saints,Education,Education,689ed377507e92fe6f3de513,https://apps.apple.com/us/app/gospel-for-kids/id1523539595?uo=4
Gospel Library,org.lds.gospelstudy,ios,The Church of Jesus Christ of Latter-day Saints,Reference,Reference | Books,689ed729507e92fe6f3ded39,https://apps.apple.com/us/app/gospel-library/id598329798?uo=4
Gospel Living,org.lds.gospelliving,ios,The Church of Jesus Christ of Latter-day Saints,Lifestyle,Lifestyle | Productivity,689edce2507e92fe6f3df9a8,https://apps.apple.com/us/app/gospel-living/id1245330433?uo=4
GoTrends for Google Trends,com.braismoure.GoTrends,ios,Brais Moure,News,News,689ed923507e92fe6f3df1a0,https://apps.apple.com/us/app/gotrends-for-google-trends/id934104159?uo=4
Gourmet Egypt,com.gourmetegypt.GourmetEgypt,ios,Gourmet Egypt,Shopping,Shopping | Food & Drink,689edda8507e92fe6f3dfafa,https://apps.apple.com/us/app/gourmet-egypt/id1323983398?uo=4
GovEmployee,bh.bahrain.csbapps,ios,eGovernment Authority Bahrain,Utilities,Utilities | Reference,689ed520507e92fe6f3de8c8,https://apps.apple.com/us/app/govemployee/id859057235?uo=4
Government Directory,com.govdir.iga,ios,eGovernment Authority Bahrain,Utilities,Utilities | Reference,689edbbb507e92fe6f3df718,https://apps.apple.com/us/app/government-directory/id1193120682?uo=4
GPS Location Tracker by number,com.phtracker.gpslogger,ios,Phone Tracker & Family Link Apps,Navigation,Navigation | Productivity,689edf15507e92fe6f3dfe21,https://apps.apple.com/us/app/gps-location-tracker-by-number/id1499802539?uo=4
GPS Speedometer and Odometer,com.coolniks.niksgps,ios,Nikhil Kumar,Navigation,Navigation | Travel,689ed0ac507e92fe6f3ddf0b,https://apps.apple.com/us/app/gps-speedometer-and-odometer/id1448024273?uo=4
"Grades - Grade Calculator, GPA",com.plutoniumapps.gradebuddy,ios,"Plutonium Apps, LLC",Productivity,Productivity | Education,689ed87d507e92fe6f3df038,https://apps.apple.com/us/app/grades-grade-calculator-gpa/id1069653513?uo=4
Graphghan Pattern Creator,com.crochetdesigns.graphghan,ios,"Sand Castle Designs, Inc",Graphics & Design,Graphics & Design,689ed262507e92fe6f3de2a4,https://apps.apple.com/us/app/graphghan-pattern-creator/id6448245144?uo=4
Gray's Sporting Journal,com.grayssportingjournal.magazine,ios,MCC Magazines,Sports,Sports | Magazines & Newspapers,689ed4cf507e92fe6f3de81a,https://apps.apple.com/us/app/grays-sporting-journal/id625889083?uo=4
Great Clips Online Check-in,com.greatclips.greatclipsapp,ios,Great Clips,Lifestyle,Lifestyle | Health & Fitness,689edbdc507e92fe6f3df75c,https://apps.apple.com/us/app/great-clips-online-check-in/id414012602?uo=4
Greece Earthquakes,com.optionsnet.quakes,ios,Flasholab,Weather,Weather | News,689edcac507e92fe6f3df926,https://apps.apple.com/us/app/greece-earthquakes/id966494626?uo=4
Greensboro News from WFMY,com.gannett.news.local.WFMYNews,ios,Tegna Inc.,News,News | Weather,689ede3a507e92fe6f3dfc35,https://apps.apple.com/us/app/greensboro-news-from-wfmy/id469397482?uo=4
Grocery Gadget,com.flixoft.grocerygadget,ios,Pingwell Inc,Productivity,Productivity | Shopping,689ed251507e92fe6f3de27a,https://apps.apple.com/us/app/grocery-gadget/id287932487?uo=4
Grocery List - Listonic,com.listonic,ios,Listonic,Productivity,Productivity | Shopping,689edd04507e92fe6f3df9f2,https://apps.apple.com/us/app/grocery-list-listonic/id331302745?uo=4
Grocery List: Out of Milk,com.capigami.Out-Of-Milk,ios,"inMarket Media, LLC",Productivity,Productivity | Shopping,68a621bc58c742477c1283a3,https://apps.apple.com/us/app/grocery-list-out-of-milk/id564974992?uo=4
Groovepad - Music & Beat Maker,com.easybrain.make-music,ios,Easybrain Ltd,Music,Music | Entertainment,68a6208658c742477c128152,https://apps.apple.com/us/app/groovepad-music-beat-maker/id1454398991?uo=4
Groupon - Local Deals Near Me,com.groupon.grouponapp,ios,"Groupon, Inc.",Shopping,Shopping | Food & Drink,689ed84d507e92fe6f3defd4,https://apps.apple.com/us/app/groupon-local-deals-near-me/id352683833?uo=4
Guess The Emoji,com.conversiongames.guesstheemoji,ios,"Conversion, LLC",Games,Games | Trivia | Entertainment | Word,689ed2a2507e92fe6f3de335,https://apps.apple.com/us/app/guess-the-emoji/id698848120?uo=4
Guidebook,com.guidebook.guidebook,ios,Guidebook Inc,Business,Business | Travel,689ed06e507e92fe6f3dde84,https://apps.apple.com/us/app/guidebook/id428713847?uo=4
Guidelines And Criteria,org.rheumatology.GuidelinesAndCriteria,ios,American College of Rheumatology,Medical,Medical | Health & Fitness,689edcab507e92fe6f3df91e,https://apps.apple.com/us/app/guidelines-and-criteria/id1370274101?uo=4
Guitar Flash,company.gamesx.guitarflash,ios,Allan Bueno,Games,Games | Music | Music | Simulation,689ede2b507e92fe6f3dfc14,https://apps.apple.com/us/app/guitar-flash/id1039643229?uo=4
Guitar Tuner Easy tune chords,com.coachguitar.coachtuner,ios,Manomaya SA,Music,Music | Utilities,689ed3aa507e92fe6f3de58c,https://apps.apple.com/us/app/guitar-tuner-easy-tune-chords/id838981369?uo=4
GuitarTuna: Tune & Play Guitar,com.ovelin.guitartuna,ios,Yousician Ltd,Music,Music | Education,689ed573507e92fe6f3de976,https://apps.apple.com/us/app/guitartuna-tune-play-guitar/id527588389?uo=4
Gulf Research Meeting,io.framework7.grm,ios,Knowledge Corporation,Reference,Reference,689ed640507e92fe6f3deb41,https://apps.apple.com/us/app/gulf-research-meeting/id1525504040?uo=4
Gutenberg Reader + Many Books,com.haven.ebook,ios,Haven Tran,Book,Books | Education,689edec7507e92fe6f3dfd86,https://apps.apple.com/us/app/gutenberg-reader-many-books/id1294103623?uo=4
Gymshark Training and Fitness,com.gymshark.app,ios,Gymshark Ltd,Health & Fitness,Health & Fitness,689ed8d3507e92fe6f3df0f7,https://apps.apple.com/us/app/gymshark-training-and-fitness/id1139151320?uo=4
Gymverse: Gym Workout Planner,com.heavydutyapps.gymWorkout,ios,FITNESS22 LTD,Health & Fitness,Health & Fitness | Lifestyle,689edf06507e92fe6f3dfe04,https://apps.apple.com/us/app/gymverse-gym-workout-planner/id1048454034?uo=4
GYROOR,com.gyroor.car.selfcar,ios,深圳车泰斗科技有限公司,Sports,Sports | Health & Fitness,689edb67507e92fe6f3df66f,https://apps.apple.com/us/app/gyroor/id1132015485?uo=4
H Band,com.veepoo.HBracelet1,ios,家福 张,Health & Fitness,Health & Fitness,689ed8b3507e92fe6f3df0b5,https://apps.apple.com/us/app/h-band/id1147074917?uo=4
Habit Burger Grill,com.habit.mobile,ios,"Habit Restaurants, LLC",Food & Drink,Food & Drink,689edd57507e92fe6f3dfaa1,https://apps.apple.com/us/app/habit-burger-grill/id1398002552?uo=4
Habitica: Gamified Taskmanager,com.habitrpg.ios.Habitica,ios,"HabitRPG, Inc",Productivity,Productivity,689ed162507e92fe6f3de0ab,https://apps.apple.com/us/app/habitica-gamified-taskmanager/id994882113?uo=4
HACK for Hacker News YC Reader,com.pranapps.ByteHackerNews,ios,Pranoy Chowdhury,News,News | Developer Tools,689ed364507e92fe6f3de4dd,https://apps.apple.com/us/app/hack-for-hacker-news-yc-reader/id1464477788?uo=4
Hair Vision : Hairstyle Try On,com.xinbaolinmail.hairstyle,ios,宝林 辛,Health & Fitness,Health & Fitness,689edbce507e92fe6f3df748,https://apps.apple.com/us/app/hair-vision-hairstyle-try-on/id6461210621?uo=4
Happy New Year - Photo Frames,com.intelectiva.HappyNewYear,ios,Intelectiva,Book,Books | Entertainment,689ed174507e92fe6f3de0d9,https://apps.apple.com/us/app/happy-new-year-photo-frames/id1176042620?uo=4
Happy Scale,com.frontpocketsoftware.happyscale,ios,Front Pocket Software LLC,Health & Fitness,Health & Fitness | Medical,689ed61b507e92fe6f3deaf1,https://apps.apple.com/us/app/happy-scale/id532430574?uo=4
Hard Rock Blackjack & Casino,com.hardrock.casinoios,ios,Hard Rock Games,Games,Games | Entertainment | Card | Casino,689ed5f9507e92fe6f3dea9e,https://apps.apple.com/us/app/hard-rock-blackjack-casino/id1490262670?uo=4
Hard Rock Slots & Casino,com.hardrock.slotsios,ios,Hard Rock Games,Games,Games | Casino | Card | Entertainment,689ed2d1507e92fe6f3de391,https://apps.apple.com/us/app/hard-rock-slots-casino/id1625730851?uo=4
Harry Potter: Puzzles & Spells,com.zynga.pottermatch,ios,Zynga Inc.,Games,Games | Entertainment | Puzzle | Family,689ed7e0507e92fe6f3deecc,https://apps.apple.com/us/app/harry-potter-puzzles-spells/id1434505322?uo=4
Harvard Business Review,com.maz.combo.1126,ios,Harvard Business Review,Business,Business | Magazines & Newspapers,689ed0ec507e92fe6f3ddf99,https://apps.apple.com/us/app/harvard-business-review/id1445571382?uo=4
Hatch Grow,com.hatchbaby.HatchBabyApp,ios,"Hatch Baby, Inc.",Medical,Medical | Health & Fitness,689ed3d9507e92fe6f3de5ed,https://apps.apple.com/us/app/hatch-grow/id976334466?uo=4
Hatla2ee,com.hatla2ee,ios,Hatla2ee,Shopping,Shopping,689ed5db507e92fe6f3dea68,https://apps.apple.com/us/app/hatla2ee/id1272125275?uo=4
Hawaii News Now Weather,com.khnl.KHNL-WeatherNow,ios,"Gray Television Group, Inc.",Weather,Weather | News,68a6218058c742477c128335,https://apps.apple.com/us/app/hawaii-news-now-weather/id491024736?uo=4
HD Wallpapers and Backgrounds.,com.europosit.wallpapers,ios,Europosit,Lifestyle,Lifestyle | Utilities,689edc47507e92fe6f3df84d,https://apps.apple.com/us/app/hd-wallpapers-and-backgrounds/id1198467809?uo=4
Head Basketball,com.dnddream.headbasketball,ios,D&D Dream Corp.,Games,Games | Sports | Entertainment | Casual,689ed06f507e92fe6f3dde8b,https://apps.apple.com/us/app/head-basketball/id975139176?uo=4
Headspace: Meditation & Health,com.getsomeheadspace.headspace,ios,Headspace Inc.,Health & Fitness,Health & Fitness | Productivity,689ed282507e92fe6f3de2e9,https://apps.apple.com/us/app/headspace-meditation-health/id493145008?uo=4
"Healthi: Weight Loss, Diet App",com.ellis.itrackbites,ios,Sunshine Health Studios,Health & Fitness,Health & Fitness | Lifestyle,689edcf1507e92fe6f3df9c7,https://apps.apple.com/us/app/healthi-weight-loss-diet-app/id404299862?uo=4
Heart Rate Monitor Health Mate,com.pulsemyhealth,ios,Bio Innovation,Health & Fitness,Health & Fitness | Medical,689edc66507e92fe6f3df884,https://apps.apple.com/us/app/heart-rate-monitor-health-mate/id6569245188?uo=4
Heart Rate Monitor-Plus1Health,com.seennext.heartrate,ios,"Shenzhen Plus1Health Technology Co., Ltd",Health & Fitness,Health & Fitness | Utilities,689eda6f507e92fe6f3df48f,https://apps.apple.com/us/app/heart-rate-monitor-plus1health/id1535822660?uo=4
Heartify: Heart Health Monitor,com.heartify,ios,"HEARTIFY HEALTH, INC.",Health & Fitness,Health & Fitness | Medical,689ede2d507e92fe6f3dfc21,https://apps.apple.com/us/app/heartify-heart-health-monitor/id1546156891?uo=4
Hearts NETFLIX,com.netflix.NGP.HeartsNetflix,ios,"Netflix, Inc.",Games,Games | Card | Family,689ed243507e92fe6f3de263,https://apps.apple.com/us/app/hearts-netflix/id6504045691?uo=4
HelloTalk - Language Learning,com.helloTalk.helloTalk,ios,HELLOTALK FOREIGN LANGUAGE EXCHANGE LEARNING TALK CHAT APP,Education,Education | Social Networking,689ed2d6507e92fe6f3de3b1,https://apps.apple.com/us/app/hellotalk-language-learning/id557130558?uo=4
Hemmings Motor News,com.hemmings.motornews,ios,Hemmings Motor News,Lifestyle,Lifestyle | Magazines & Newspapers,689ed5d8507e92fe6f3dea56,https://apps.apple.com/us/app/hemmings-motor-news/id539447302?uo=4
HERE Map Creator,com.here.mapfeedback.App,ios,HERE Europe B.V.,Utilities,Utilities | Navigation,689edd35507e92fe6f3dfa57,https://apps.apple.com/us/app/here-map-creator/id1179847301?uo=4
HERE WeGo Maps & Navigation,com.here.app.HERESuite,ios,HERE Europe B.V.,Navigation,Navigation | Travel,689ede3d507e92fe6f3dfc45,https://apps.apple.com/us/app/here-wego-maps-navigation/id955837609?uo=4
Hersheypark,com.hersheypark.app,ios,Hershey Entertainment and Resorts Company,Travel,Travel | Entertainment,689ed304507e92fe6f3de40f,https://apps.apple.com/us/app/hersheypark/id372038569?uo=4
Hey! Mr. President,com.m250k.HeyMrPresident,ios,Yuchi Kuo,Games,Games | Trivia,689ed435507e92fe6f3de6b7,https://apps.apple.com/us/app/hey-mr-president/id1513280587?uo=4
HeyPlus Fit,com.workshop.heyplus,ios,Zhizao Workshop,Book,Books | Magazines & Newspapers,689ed479507e92fe6f3de74d,https://apps.apple.com/us/app/heyplus-fit/id6473154498?uo=4
HeyWeather: Accurate Forecast,com.app.heyweather,ios,GCO Apps,Weather,Weather | Travel,689ed49c507e92fe6f3de7a3,https://apps.apple.com/us/app/heyweather-accurate-forecast/id1532052012?uo=4
Hidden Pictures Puzzle Town,com.highlights.preschoolpuzzles,ios,"Highlights for Children, Inc.",Education,Education | Puzzle | Games | Family,689edb17507e92fe6f3df5e5,https://apps.apple.com/us/app/hidden-pictures-puzzle-town/id1182886079?uo=4
High School Couple Makeover,com.gamesforgirlsfree.highschoolcouple,ios,ARPAplus,Games,Games | Role Playing | Lifestyle | Casual,689ed48c507e92fe6f3de77f,https://apps.apple.com/us/app/high-school-couple-makeover/id1568264784?uo=4
HiiKER: The Hiking Maps App,com.hiiker.hiiker,ios,Waymarked Trails LTD,Navigation,Navigation | Health & Fitness,689ed650507e92fe6f3deb5f,https://apps.apple.com/us/app/hiiker-the-hiking-maps-app/id1470810597?uo=4
Hijab Boutique,com.splendapp.hijabboutique,ios,Splendapp,Shopping,Shopping | Lifestyle,689ed04c507e92fe6f3dde2e,https://apps.apple.com/us/app/hijab-boutique/id6446987793?uo=4
Himalaya: Stories and Courses,com.ximalaya.xmlyi,ios,Himalaya Media Inc.,Book,Books | Education,689ed8c1507e92fe6f3df0c9,https://apps.apple.com/us/app/himalaya-stories-and-courses/id1275493456?uo=4
Himnario Cristiano,com.mensajeromexicano.himnariocristiano,ios,Nathan Bruley,Book,Books | Music,689ed86d507e92fe6f3df015,https://apps.apple.com/us/app/himnario-cristiano/id852825512?uo=4
Hinovel - Read Stories,com.mandu.XS,ios,HONG KONG RiMing TECHNOLOGY LIMITED,Book,Books,689eddb3507e92fe6f3dfafe,https://apps.apple.com/us/app/hinovel-read-stories/id1492422313?uo=4
Hisab - GST Accounting,co.hisab.pwa,ios,Hisab Technologies LLP,Business,Business | Finance,689ed05c507e92fe6f3dde58,https://apps.apple.com/us/app/hisab-gst-accounting/id6444657373?uo=4
Hole19: Golf GPS Range Finder,com.hole19golf.hole19v2,ios,Stat Track Technologies Lda.,Sports,Sports | Lifestyle,689edc8a507e92fe6f3df8da,https://apps.apple.com/us/app/hole19-golf-gps-range-finder/id794462227?uo=4
Hollister Co.,com.abercrombie.hollister,ios,Abercrombie & Fitch,Shopping,Shopping | Lifestyle,689ed338507e92fe6f3de490,https://apps.apple.com/us/app/hollister-co/id383915209?uo=4
Hollywood Story®: Fashion Star,com.nanobitsoftware.hollywoodstory,ios,nanobitsoftware.com,Games,Games | Family | Role Playing,689ed122507e92fe6f3de01f,https://apps.apple.com/us/app/hollywood-story-fashion-star/id876656488?uo=4
Holy Bible King James + Audio,com.yourcompany.KJVBible,ios,Bible App Labs LLC,Reference,Reference | Books,689ed165507e92fe6f3de0b9,https://apps.apple.com/us/app/holy-bible-king-james-audio/id316789453?uo=4
HolyBible K.J.V,com.abc.holybibleKJV,ios,BO LIU,Book,Books | Education,689ed907507e92fe6f3df170,https://apps.apple.com/us/app/holybible-k-j-v/id386802729?uo=4
Home Fitness for Weight Loss,com.grinasys.fitnessnew,ios,MONTIBUS LTD,Health & Fitness,Health & Fitness | Lifestyle,689ed4be507e92fe6f3de7f2,https://apps.apple.com/us/app/home-fitness-for-weight-loss/id1215301573?uo=4
Home Fitness Workout by GetFit,com.appyfurious.Fitness,ios,Appyfurious,Health & Fitness,Health & Fitness | Lifestyle,689ed500507e92fe6f3de887,https://apps.apple.com/us/app/home-fitness-workout-by-getfit/id1273749004?uo=4
Home Workout - No Equipments,com.abishkking.maleworkout,ios,Leap Health,Health & Fitness,Health & Fitness,689ed2e2507e92fe6f3de3bb,https://apps.apple.com/us/app/home-workout-no-equipments/id1313192037?uo=4
Home Workout for Men,com.abishkking.workoutformen,ios,ABISHKKING LIMITED.,Health & Fitness,Health & Fitness,689ede60507e92fe6f3dfc95,https://apps.apple.com/us/app/home-workout-for-men/id1323917721?uo=4
Homebase: Team Management,com.joinhomebase.mobile,ios,"Pioneer Works, Inc.",Business,Business | Productivity,689edb08507e92fe6f3df5c9,https://apps.apple.com/us/app/homebase-team-management/id871544379?uo=4
HomeByMe - House Planner 3D,com.3ds.homebyme,ios,Dassault Systemes SE,Lifestyle,Lifestyle | Productivity,689edee6507e92fe6f3dfdbc,https://apps.apple.com/us/app/homebyme-house-planner-3d/id1465715066?uo=4
HomeCourt: Basketball Training,team.next.RaptorsApp,ios,Nex,Sports,Sports | Health & Fitness,689ed307507e92fe6f3de41f,https://apps.apple.com/us/app/homecourt-basketball-training/id1258520424?uo=4
HOOPCITY,com.app.hoopcity,ios,"MUSTER co.,Ltd",Shopping,Shopping,689ed809507e92fe6f3def36,https://apps.apple.com/us/app/hoopcity/id6547835891?uo=4
"Hopper: Flights, Hotels & Cars",com.hopper.flights,ios,Hopper,Travel,Travel | Reference,689edb33507e92fe6f3df609,https://apps.apple.com/us/app/hopper-flights-hotels-cars/id904052407?uo=4
Hospital Escape Room Horror,com.escape.adventure.hospital,ios,ARPAplus,Games,Games | Entertainment | Puzzle | Adventure,689ed212507e92fe6f3de1f2,https://apps.apple.com/us/app/hospital-escape-room-horror/id1557834783?uo=4
Hostelworld: Hostel Travel App,MW4X37V37K.com.webreservationsinternational.hostelworld,ios,Web Reservations International,Travel,Travel | Lifestyle,689ed385507e92fe6f3de52b,https://apps.apple.com/us/app/hostelworld-hostel-travel-app/id348890820?uo=4
Hotel Management Magazine,com.questex.hotelmgmthd,ios,Questex LLC,News,News | Magazines & Newspapers,689edcef507e92fe6f3df9bc,https://apps.apple.com/us/app/hotel-management-magazine/id776029892?uo=4
Hotels.com: Book hotels & more,com.hotels.HotelsNearMe,ios,Hotels.com,Travel,Travel | Lifestyle,689ed477507e92fe6f3de745,https://apps.apple.com/us/app/hotels-com-book-hotels-more/id284971959?uo=4
HotelTonight: Booking Deals,com.hoteltonight.prod,ios,Hotel Tonight Inc,Travel,Travel,689ed21e507e92fe6f3de1fd,https://apps.apple.com/us/app/hoteltonight-booking-deals/id407690035?uo=4
HotPads - Apartment Rentals,com.hotpads.hotpadsapp,ios,Hotpads.com,Lifestyle,Lifestyle,689ed479507e92fe6f3de74f,https://apps.apple.com/us/app/hotpads-apartment-rentals/id345957475?uo=4
Hours - Tracker & Time Clock,com.SullivanSoftware.HoursCalc,ios,One Wave AB,Business,Business | Utilities,689ed323507e92fe6f3de44c,https://apps.apple.com/us/app/hours-tracker-time-clock/id1236495154?uo=4
House Addons for Minecraft PE,com.minixlabs.mc.houses.alpha,ios,馨敏 王,Reference,Reference,689ed411507e92fe6f3de66c,https://apps.apple.com/us/app/house-addons-for-minecraft-pe/id1176850148?uo=4
House of Blackjack 21,com.house.of.blackjack.free.online.casino,ios,MASSIVE GAMING PTY. LTD.,Games,Games | Card | Casino,689ed313507e92fe6f3de42d,https://apps.apple.com/us/app/house-of-blackjack-21/id1439987855?uo=4
Houston News from KHOU 11,tegna.khou.news,ios,Tegna Inc.,News,News | Weather,689edbac507e92fe6f3df701,https://apps.apple.com/us/app/houston-news-from-khou-11/id1453203828?uo=4
How Well Do You Know Me?,dh3games.howwelldoyouknowme,ios,DH3 Games,Games,Games | Entertainment | Family | Trivia,689ed4ed507e92fe6f3de851,https://apps.apple.com/us/app/how-well-do-you-know-me/id1295936594?uo=4
HOYTS Cinemas Australia,nz.co.vista.VistaAppHoyts,ios,The Hoyts Corporation Pty. Ltd.,Entertainment,Entertainment | Reference,689edb34507e92fe6f3df60d,https://apps.apple.com/us/app/hoyts-cinemas-australia/id441151000?uo=4
Huckleberry: Baby & Child,com.huckleberry-labs.app,ios,Huckleberry Labs Inc.,Medical,Medical | Health & Fitness,68a621ab58c742477c12837e,https://apps.apple.com/us/app/huckleberry-baby-child/id1169136078?uo=4
Hudway Go: Navigation with HUD,com.hudway.online,ios,HUDWAY LLC,Navigation,Navigation | Travel,689ed849507e92fe6f3defb8,https://apps.apple.com/us/app/hudway-go-navigation-with-hud/id1080193989?uo=4
Hungarian/English Dictionary,Dicthungarian,ios,FB PUBLISHING LLC,Reference,Reference | Education,68a6218c58c742477c128341,https://apps.apple.com/us/app/hungarian-english-dictionary/id1502265406?uo=4
Hutterite Bible App,info.knauber.geh.bible,ios,Martin Knauber,Book,Books,689edff8507e92fe6f3dffe4,https://apps.apple.com/us/app/hutterite-bible-app/id1497067690?uo=4
I Have Never: Dirty Adult,com.daygames.kobne,ios,Boris Mikic,Games,Games | Card | Word | Entertainment,689ed728507e92fe6f3ded32,https://apps.apple.com/us/app/i-have-never-dirty-adult/id1210440961?uo=4
I Love You - Love Quotes & Romantic Greetings,de.emomedia.valentinefree,ios,Joachim Bruns,Book,Books,689ed5fc507e92fe6f3deaaf,https://apps.apple.com/us/app/i-love-you-love-quotes-romantic-greetings/id814958555?uo=4
iArtbook,com.alexanderkondrashov.artbookpocketlite,ios,Alexander Kondrashov,Graphics & Design,Graphics & Design | Photo & Video,689edae1507e92fe6f3df568,https://apps.apple.com/us/app/iartbook/id1451457615?uo=4
IBS 2025,com.nahb.internationalbuildershowapp,ios,National Association of Home Builders,Business,Business | Reference,689ed338507e92fe6f3de48c,https://apps.apple.com/us/app/ibs-2025/id1446351348?uo=4
Ice & Fire Princess Dress Up,com.sevelina.icevsflame,ios,Anastasia Terekhina,Games,Games | Simulation | Role Playing | Entertainment,689ed10d507e92fe6f3ddfe4,https://apps.apple.com/us/app/ice-fire-princess-dress-up/id1343686047?uo=4
ICE smart,com.crrepa.band.ice,ios,ICE SA,Health & Fitness,Health & Fitness,689ed9e4507e92fe6f3df348,https://apps.apple.com/us/app/ice-smart/id1662053500?uo=4
Icelandic-English Dictionary,Dicticelandic,ios,FB PUBLISHING LLC,Reference,Reference | Education,68a6219e58c742477c12836e,https://apps.apple.com/us/app/icelandic-english-dictionary/id1503704485?uo=4
Icon Themer: Asthetic Themekit,co.vulcanlabs.iconmaker,ios,Vulcan Labs Company Limited,Graphics & Design,Graphics & Design | Reference,689eddb3507e92fe6f3dfb00,https://apps.apple.com/us/app/icon-themer-asthetic-themekit/id1533025495?uo=4
ICONIT QRcode Reader,jp.co.mediaseek.BarcodeReader,ios,MEDIASEEK Inc.,Productivity,Productivity | Utilities,689ed9b4507e92fe6f3df2f0,https://apps.apple.com/us/app/iconit-qrcode-reader/id480090210?uo=4
ID GO - Stream Live TV,com.discovery.mobile.idsgo,ios,Discovery Communications,Entertainment,Entertainment | Photo & Video,689ed06d507e92fe6f3dde80,https://apps.apple.com/us/app/id-go-stream-live-tv/id1101436941?uo=4
IDAGIO Stream Classical Music,com.myclassicworld.idagio.storeapp,ios,idagio GmbH,Music,Music | Entertainment,689ed677507e92fe6f3deba8,https://apps.apple.com/us/app/idagio-stream-classical-music/id1014917700?uo=4
Idaho Statesman News,com.mcclatchy.is,ios,The McClatchy Company,News,News | Magazines & Newspapers,689ed870507e92fe6f3df025,https://apps.apple.com/us/app/idaho-statesman-news/id390819220?uo=4
Idle AquaPark,com.nopowerup.idleaquapark,ios,Green Panda Games,Games,Games | Sports | Entertainment | Simulation,689ed110507e92fe6f3ddff2,https://apps.apple.com/us/app/idle-aquapark/id1466754302?uo=4
Idle Pixel Heroes: Idle Merge,com.kkgames.pixelhero,ios,MAD PIXEL,Games,Games | Simulation,689ed070507e92fe6f3dde8f,https://apps.apple.com/us/app/idle-pixel-heroes-idle-merge/id6474186089?uo=4
iFIT At-Home Workout & Fitness,com.ifit.wolf,ios,"ICON Health & Fitness, Inc.",Health & Fitness,Health & Fitness | Lifestyle,689edf88507e92fe6f3dff26,https://apps.apple.com/us/app/ifit-at-home-workout-fitness/id1274601042?uo=4
IGA Australia,com.igaapp.igaapp,ios,Metcash Food & Grocery PTY LTD,Shopping,Shopping | Food & Drink,689ed5cb507e92fe6f3dea44,https://apps.apple.com/us/app/iga-australia/id407156333?uo=4
iHeartRadio Family,com.iheartmedia.ihrkids,ios,"iHeartMedia Management Services, Inc.",Music,Music | Entertainment,689ed162507e92fe6f3de0a9,https://apps.apple.com/us/app/iheartradio-family/id1045043720?uo=4
IHG Hotels & Rewards,com.ihg.priorityclubrewards,ios,InterContinental Hotels Group,Travel,Travel | Lifestyle,689ed2f6507e92fe6f3de3f8,https://apps.apple.com/us/app/ihg-hotels-rewards/id368217298?uo=4
IKEA,com.ingka.ikea.app,ios,Inter IKEA Systems B.V.,Shopping,Shopping | Lifestyle,689ed0e1507e92fe6f3ddf91,https://apps.apple.com/us/app/ikea/id1452164827?uo=4
iLocation: Here!,net.echoline.LocationPinFree,ios,Jeonghwan Kim,Navigation,Navigation | Utilities,689edb88507e92fe6f3df6b4,https://apps.apple.com/us/app/ilocation-here/id647695160?uo=4
iMassage U Vibrating Massager,com.ericlund.Vibrate,ios,Jade Lizard Software LLC,Health & Fitness,Health & Fitness | Utilities,689ed7e5507e92fe6f3deee6,https://apps.apple.com/us/app/imassage-u-vibrating-massager/id1064850875?uo=4
IMDb: Movies & TV Shows,com.imdb.imdb,ios,IMDb,Entertainment,Entertainment | Lifestyle,689edea1507e92fe6f3dfd22,https://apps.apple.com/us/app/imdb-movies-tv-shows/id342792525?uo=4
IMF | World Bank Meetings,org.imf.imfwbmeetings,ios,International Monetary Fund,Business,Business | Reference,689ed295507e92fe6f3de31f,https://apps.apple.com/us/app/imf-world-bank-meetings/id6742815336?uo=4
iMovie,com.apple.iMovie,ios,Apple,Photo & Video,Photo & Video | Lifestyle,68a76e2b1e3018f7e10a36ff,https://apps.apple.com/us/app/imovie/id377298193?uo=4
Impulse - Brain Training,gen.tech.impulse,ios,GMRD Apps Limited,Health & Fitness,Health & Fitness | Education,689ee037507e92fe6f3e0063,https://apps.apple.com/us/app/impulse-brain-training/id1451295827?uo=4
In-Fisherman Magazine,com.imo.infp,ios,"KSE Sportsman Media, Inc",Lifestyle,Lifestyle | Magazines & Newspapers,689ed5c8507e92fe6f3dea36,https://apps.apple.com/us/app/in-fisherman-magazine/id582716133?uo=4
iNaturalist Classic,org.inaturalist.inaturalist,ios,iNaturalist,Education,Education | Utilities,689eda0d507e92fe6f3df3af,https://apps.apple.com/us/app/inaturalist-classic/id421397028?uo=4
InBackground,com.mohasalah.inbackgrounden,ios,SALAH HIJAZI,Music,Music | Photo & Video,689ed365507e92fe6f3de4e3,https://apps.apple.com/us/app/inbackground/id1489086630?uo=4
Included Health,com.grandroundshealth.grandrounds,ios,"Included Health, Inc.",Medical,Medical,689ed143507e92fe6f3de06b,https://apps.apple.com/us/app/included-health/id907304333?uo=4
Indeed Job Search,com.indeed.JobSearch,ios,Indeed Inc.,Business,Business | Utilities,689ed5b6507e92fe6f3dea0d,https://apps.apple.com/us/app/indeed-job-search/id309735670?uo=4
Indian Weight Loss Diet,com.iwldbyvisiweb,ios,Sumeet Kharb,Education,Education,689ed3e8507e92fe6f3de60b,https://apps.apple.com/us/app/indian-weight-loss-diet/id6462674579?uo=4
Indianapolis Motor Speedway,com.imsc.ims,ios,Indianapolis Motor Speedway,Sports,Sports | Travel,689ed645507e92fe6f3deb55,https://apps.apple.com/us/app/indianapolis-motor-speedway/id646494809?uo=4
Infinite Painter,com.brakefield.ios.Painter,ios,Sean Brakefield,Graphics & Design,Graphics & Design | Productivity,689edea2507e92fe6f3dfd28,https://apps.apple.com/us/app/infinite-painter/id1146543227?uo=4
Infinite Tiles - EDM & Piano,com.opalastudios.infinitetiles,ios,Opala Studios Solucoes Tecnologicas Ltda,Games,Games | Music | Casual,689ed70a507e92fe6f3decf9,https://apps.apple.com/us/app/infinite-tiles-edm-piano/id1465612626?uo=4
InfiniteHoops,com.InfiniteSportsLLC.InfiniteHoopsGPS,ios,Broadside LLC,Sports,Sports | Health & Fitness,689ed443507e92fe6f3de6cd,https://apps.apple.com/us/app/infinitehoops/id468962723?uo=4
Influenster: Try & Review,com.influenster.mobile,ios,Influenster,Lifestyle,Lifestyle,689ed344507e92fe6f3de49b,https://apps.apple.com/us/app/influenster-try-review/id917701230?uo=4
"Inkitt: Books, Novels, Stories",com.inkitt.app.hermione,ios,Free Novels Inc,Book,Books | Magazines & Newspapers,689ed4bc507e92fe6f3de7e3,https://apps.apple.com/us/app/inkitt-books-novels-stories/id1033598731?uo=4
"INKR — Comics, Manga, Webtoons",com.inkr.comics,ios,INKR Global,Book,Books | Entertainment,689ed9a1507e92fe6f3df2bd,https://apps.apple.com/us/app/inkr-comics-manga-webtoons/id1500548154?uo=4
InPulse - Heart Rate Monitor,hrm.fitme,ios,AIBY,Health & Fitness,Health & Fitness,689ed8af507e92fe6f3df0a0,https://apps.apple.com/us/app/inpulse-heart-rate-monitor/id1489944782?uo=4
InShot - Video Editor,com.camerasideas.InstaShot,ios,SHANTANU PTE. LTD.,Photo & Video,Photo & Video | Entertainment,689edf17507e92fe6f3dfe2d,https://apps.apple.com/us/app/inshot-video-editor/id997362197?uo=4
Insider for Brawl Stars,koydam.insider.for.brawl.stars,ios,Kamran Kumar,Entertainment,Entertainment,689ed1e1507e92fe6f3de17f,https://apps.apple.com/us/app/insider-for-brawl-stars/id6740885970?uo=4
Insight Timer–Meditate & Sleep,com.spotlightsix.zentimer,ios,Insight Network Inc,Health & Fitness,Health & Fitness | Lifestyle,689ed6f6507e92fe6f3decc6,https://apps.apple.com/us/app/insight-timer-meditate-sleep/id337472899?uo=4
Inspac: Insta Story & Planner,com.seawardhyacinth.insfolio,ios,亚玲 查,Graphics & Design,Graphics & Design,689ed07b507e92fe6f3dde94,https://apps.apple.com/us/app/inspac-insta-story-planner/id1546795725?uo=4
Instacart: Groceries & Food,com.instacart,ios,Maplebear Inc,Food & Drink,Food & Drink | Shopping,689ed2f7507e92fe6f3de3fa,https://apps.apple.com/us/app/instacart-groceries-food/id545599256?uo=4
InstAddr,kukulive.mailnow,ios,Aki Ueno,Utilities,Utilities | Productivity,689ed120507e92fe6f3de016,https://apps.apple.com/us/app/instaddr/id806157957?uo=4
Instagram,com.burbn.instagram,ios,"Instagram, Inc.",Photo & Video,Photo & Video | Social Networking,689edb20507e92fe6f3df5fc,https://apps.apple.com/us/app/instagram/id389801252?uo=4
Intellecto Kids Learning Games,com.intellectokids.academy,ios,IntellectoKids Ltd,Education,Education | Family | Puzzle | Games,689edaa1507e92fe6f3df4f6,https://apps.apple.com/us/app/intellecto-kids-learning-games/id1184237977?uo=4
Intelligent Hub,com.air-watch.agent,ios,"AirWatch, LLC",Business,Business | Productivity,68a6209258c742477c12815f,https://apps.apple.com/us/app/intelligent-hub/id338761996?uo=4
Interactful,com.hdthomas.FieldGuide,ios,Harley Thomas,Developer Tools,Developer Tools | Reference,689ed586507e92fe6f3de9a8,https://apps.apple.com/us/app/interactful/id1528095640?uo=4
InterFit: Home Workout Routine,com.interfit.workout,ios,Paul Shannon,Health & Fitness,Health & Fitness | Sports,689ed0f1507e92fe6f3ddfb5,https://apps.apple.com/us/app/interfit-home-workout-routine/id6584513016?uo=4
Internal Combustion Engine ICE,com.silverAppli.ice,ios,Sylviory Dubuisson,Reference,Reference | Education,689ed476507e92fe6f3de73f,https://apps.apple.com/us/app/internal-combustion-engine-ice/id1464409462?uo=4
Interval Timer - Just SW,justsw.tonypeng.Interval-Timer,ios,Tony Peng,Sports,Sports | Utilities,68a6216058c742477c1282f1,https://apps.apple.com/us/app/interval-timer-just-sw/id1208913244?uo=4
intoLive - Live Wallpapers,me.imgbase.intolive,ios,"ImgBase, Inc.",Photo & Video,Photo & Video | Utilities,689eded7507e92fe6f3dfd9f,https://apps.apple.com/us/app/intolive-live-wallpapers/id1061859052?uo=4
Intuit Credit Karma,com.creditkarma.mobile,ios,"Credit Karma, Inc.",Finance,Finance | Productivity,689eda3c507e92fe6f3df412,https://apps.apple.com/us/app/intuit-credit-karma/id519817714?uo=4
Investmate — learn to trade,com.capital.investmate,ios,Capital Com Online Investments Ltd,Education,Education | Finance,689ed87a507e92fe6f3df029,https://apps.apple.com/us/app/investmate-learn-to-trade/id1229995329?uo=4
Investors Chronicle,com.yudu.IC,ios,Financial Times Ltd.,Finance,Finance | Magazines & Newspapers,689ed585507e92fe6f3de9a6,https://apps.apple.com/us/app/investors-chronicle/id621477235?uo=4
Invitation Maker & RSVP,com.invitation.maker.poster.cards.template,ios,CONTENT ARCADE (UK) LTD.,Graphics & Design,Graphics & Design,689edad0507e92fe6f3df54b,https://apps.apple.com/us/app/invitation-maker-rsvp/id1473098402?uo=4
Invitation Maker: Cards & RSVP,com.greetingsisland.sam,ios,Greetings Island,Lifestyle,Lifestyle | Graphics & Design,689ede2c507e92fe6f3dfc1b,https://apps.apple.com/us/app/invitation-maker-cards-rsvp/id1329922018?uo=4
Iona Monastery Prayer Book,com.ionaprayerbook.monastery,ios,Iona Monastery,Book,Books | Lifestyle,689ed4ab507e92fe6f3de7bb,https://apps.apple.com/us/app/iona-monastery-prayer-book/id6745515729?uo=4
Iowa 511,com.transcore.IowaDOT,ios,Iowa Department of Transportation,Travel,Travel | Navigation,689edf3c507e92fe6f3dfe8b,https://apps.apple.com/us/app/iowa-511/id528047799?uo=4
iPlay Tube - Video Music Play,com.streamtube.ymusic.player,ios,Pham Thai Son,Music,Music | Entertainment,689ed8af507e92fe6f3df09c,https://apps.apple.com/us/app/iplay-tube-video-music-play/id1345874501?uo=4
IQ Test Brain Training Riddles,de.paulstelzer.iqtest,ios,Paul Stelzer,Games,Games | Education | Word | Trivia,689ed9b2507e92fe6f3df2e8,https://apps.apple.com/us/app/iq-test-brain-training-riddles/id1347362487?uo=4
IQAir AirVisual | Air Quality,com.airvisual.airvisual,ios,IQAir AG,Weather,Weather | Health & Fitness,689edf36507e92fe6f3dfe6c,https://apps.apple.com/us/app/iqair-airvisual-air-quality/id1048912974?uo=4
Irish Life EMPOWER,ie.irishlifecorporatebusiness.empowerme,ios,Irish Life Assurance plc,Finance,Finance | Business,689ed140507e92fe6f3de058,https://apps.apple.com/us/app/irish-life-empower/id1245210165?uo=4
Irish Mirror,com.tmg.irishmirror,ios,Trinity Mirror Digital Media Limited,News,News | Entertainment,689ed4cb507e92fe6f3de7ff,https://apps.apple.com/us/app/irish-mirror/id814340788?uo=4
ISCN Weather,com.iscnweather,ios,Weather Pros LLC,Weather,Weather,689ed36a507e92fe6f3de4fe,https://apps.apple.com/us/app/iscn-weather/id1556469623?uo=4
iSideWith,com.isidewith.app,ios,iSideWith.com LLC,News,News | Education,689ed447507e92fe6f3de6e4,https://apps.apple.com/us/app/isidewith/id6737366115?uo=4
ISS World Online Ordering,com.mypreorder.issworld,ios,MYPREORDER PTY LTD,Food & Drink,Food & Drink | Shopping,689edfbc507e92fe6f3dff9e,https://apps.apple.com/us/app/iss-world-online-ordering/id1477731211?uo=4
iStory-Best Romance Webnovels,com.novel.manga,ios,iStoryLabs,Book,Books | Entertainment,689ed1a4507e92fe6f3de13e,https://apps.apple.com/us/app/istory-best-romance-webnovels/id1533210321?uo=4
iThermonitor,com.raiing.iThermonitor,ios,Raiing Medical Company,Medical,Medical | Health & Fitness,689eddd4507e92fe6f3dfb47,https://apps.apple.com/us/app/ithermonitor/id696637855?uo=4
Ithmaar eQ,com.queue.ithmaareq,ios,Ithmaar Bank,Finance,Finance,689ed366507e92fe6f3de4e9,https://apps.apple.com/us/app/ithmaar-eq/id1321983745?uo=4
iTrack-GPS Tracking System,com.seeworld.itrack,ios,"Guangzhou SEEWORLD Technology Co.,Ltd.",Lifestyle,Lifestyle | Utilities,689eda8e507e92fe6f3df4ce,https://apps.apple.com/us/app/itrack-gps-tracking-system/id1041798568?uo=4
iTranslate Translator,com.outerspaceapps.itranslate,ios,Mosaic S.r.l.,Productivity,Productivity | Reference,689edbf0507e92fe6f3df796,https://apps.apple.com/us/app/itranslate-translator/id288113403?uo=4
iTranslate Voice,com.sonicomobile.itranslatevoice,ios,Mosaic S.r.l.,Reference,Reference | Productivity,689ede18507e92fe6f3dfbe2,https://apps.apple.com/us/app/itranslate-voice/id522626820?uo=4
iTunes Store,com.apple.MobileStore,ios,Apple,Entertainment,Entertainment,689edf1a507e92fe6f3dfe3f,https://apps.apple.com/us/app/itunes-store/id915061235?uo=4
"IXL - Math, English, & More",com.ixl.IXLMath,ios,IXL Learning,Education,Education | Family | Games,689ed652507e92fe6f3deb66,https://apps.apple.com/us/app/ixl-math-english-more/id693689912?uo=4
iZone Diet,rooswelt.izonediet,ios,rooswelt,Health & Fitness,Health & Fitness,689ed7e5507e92fe6f3deeea,https://apps.apple.com/us/app/izone-diet/id480471493?uo=4
IZZ Zorgverzekering,nl.izz.zorg,ios,VGZ Zorgverzekeraar N.V,Medical,Medical | Finance,689ed83c507e92fe6f3defab,https://apps.apple.com/us/app/izz-zorgverzekering/id1275605962?uo=4
J.O.E.®,com.jura.joe,ios,JURA Elektroapparate AG,Food & Drink,Food & Drink | Lifestyle,689ed737507e92fe6f3ded52,https://apps.apple.com/us/app/j-o-e/id1364370646?uo=4
Japanese,com.codefromtokyo.japanese,ios,renzo Inc.,Reference,Reference | Education,689eda4b507e92fe6f3df430,https://apps.apple.com/us/app/japanese/id290664053?uo=4
JAZZed HD,com.timeless.jazzedhd,ios,"artistpro, LLC",Music,Music | Magazines & Newspapers,689ed25f507e92fe6f3de294,https://apps.apple.com/us/app/jazzed-hd/id665985682?uo=4
JEFIT Workout Plan Gym Tracker,com.Jefit.JEFIT,ios,Jefit Inc.,Health & Fitness,Health & Fitness | Lifestyle,689ed67e507e92fe6f3debc6,https://apps.apple.com/us/app/jefit-workout-plan-gym-tracker/id449810000?uo=4
Jelly Belly BeanBoozled,com.jellybelly.beanboozled,ios,Jelly Belly Candy Company,Food & Drink,Food & Drink | Entertainment,689ed193507e92fe6f3de116,https://apps.apple.com/us/app/jelly-belly-beanboozled/id1174483761?uo=4
Jeopardy! Trivia TV Game Show,com.sonypicturestelevision.jeopardy2,ios,Uken Inc.,Games,Games | Trivia | Entertainment | Word,689ed502507e92fe6f3de891,https://apps.apple.com/us/app/jeopardy-trivia-tv-game-show/id1096884447?uo=4
Jet Car Stunts 2,com.trueaxis.jetcarstuntstwo,ios,True Axis,Games,Games | Entertainment | Racing | Action,689ed4ee507e92fe6f3de857,https://apps.apple.com/us/app/jet-car-stunts-2/id708142626?uo=4
Jigsaw Puzzles - Puzzle Games,com.easybrain.puzzles,ios,Easybrain Ltd,Games,Games | Board | Puzzle | Entertainment,689ed4cd507e92fe6f3de80b,https://apps.apple.com/us/app/jigsaw-puzzles-puzzle-games/id1324604053?uo=4
Jigsaw Puzzles for Adults HD,com.mkjigsaw.jigsawcollectionhd,ios,Veraxen Ltd,Games,Games | Board | Entertainment | Puzzle,689ee02c507e92fe6f3e005b,https://apps.apple.com/us/app/jigsaw-puzzles-for-adults-hd/id642831690?uo=4
Joker Poker Baltro Mobile,com.zj.joker.poker,ios,"Beijing ZJCYOU Technology Co., Ltd",Games,Games | Card | Board,689ed47a507e92fe6f3de756,https://apps.apple.com/us/app/joker-poker-baltro-mobile/id6514298652?uo=4
Jottacloud,no.jotta.photos,ios,Jotta AS,Productivity,Productivity | Photo & Video,689edc89507e92fe6f3df8d4,https://apps.apple.com/us/app/jottacloud/id1055315751?uo=4
Jotun Colourpin,com.variabletech.as-jotun,ios,Variable Technologies LLC,Reference,Reference | Productivity,68a620b358c742477c1281a5,https://apps.apple.com/us/app/jotun-colourpin/id1475649636?uo=4
Joule: Sous Vide by ChefSteps,com.chefsteps.circulator,ios,ChefSteps Inc.,Food & Drink,Food & Drink,689edabe507e92fe6f3df527,https://apps.apple.com/us/app/joule-sous-vide-by-chefsteps/id970115018?uo=4
Joy Doodle: Drawing for Kids,kids.coloring.games,ios,Kids Food Games Inc,Entertainment,Entertainment | Education,689ed357507e92fe6f3de4cb,https://apps.apple.com/us/app/joy-doodle-drawing-for-kids/id1577157578?uo=4
Joy Doodle: Movie Color & Draw,com.bejoy.kidsdoodle,ios,国燕 韩,Games,Games | Family | Education | Board,689edf39507e92fe6f3dfe7a,https://apps.apple.com/us/app/joy-doodle-movie-color-draw/id460712294?uo=4
JSBox - Learn to Code,app.cyan.jsbox,ios,颖 钟,Developer Tools,Developer Tools | Education,689edee4507e92fe6f3dfdb4,https://apps.apple.com/us/app/jsbox-learn-to-code/id1312014438?uo=4
"Jubilees, Jasher, Enoch, Bible",com.enoch.bible,ios,Haven Tran,Book,Books | Reference,689eda7e507e92fe6f3df4aa,https://apps.apple.com/us/app/jubilees-jasher-enoch-bible/id1601194935?uo=4
JYouPro,com.general2k.JYouPro,ios,治安 张,Health & Fitness,Health & Fitness | Sports,689edae2507e92fe6f3df56f,https://apps.apple.com/us/app/jyoupro/id1316911993?uo=4
K-LOVE,com.emfbroadcasting.klove,ios,Educational Media Foundation,Music,Music | Entertainment,689ed0cb507e92fe6f3ddf4d,https://apps.apple.com/us/app/k-love/id589478573?uo=4
K.J.V. Holy Bible,com.abc.bjvbible,ios,ThoughtFul,Education,Education | Lifestyle,689ed540507e92fe6f3de907,https://apps.apple.com/us/app/k-j-v-holy-bible/id391514185?uo=4
Kababji - Order Online,com.spoonstream.kababjilb,ios,Kababji International Ltd.,Food & Drink,Food & Drink | Shopping,689edba6507e92fe6f3df6e6,https://apps.apple.com/us/app/kababji-order-online/id1496231655?uo=4
Kadama - Find a Tutor,com.kadama.kadama,ios,Kadama,Education,Education | Lifestyle,689ed497507e92fe6f3de788,https://apps.apple.com/us/app/kadama-find-a-tutor/id1350994411?uo=4
Kahoot! Play & Create Quizzes,no.mobitroll.kahoot.controller,ios,Kahoot ASA,Education,Education | Trivia | Games,689edab3507e92fe6f3df51d,https://apps.apple.com/us/app/kahoot-play-create-quizzes/id1131203560?uo=4
KakaoMap - Korea No.1 Map,net.daum.maps,ios,Kakao Corp.,Navigation,Navigation,689ed545507e92fe6f3de91f,https://apps.apple.com/us/app/kakaomap-korea-no-1-map/id304608425?uo=4
Kansas City Chiefs,com.lockerpartner.chiefs,ios,Kansas City Chiefs,Sports,Sports | Entertainment,689ed2f5507e92fe6f3de3ee,https://apps.apple.com/us/app/kansas-city-chiefs/id390783578?uo=4
KARE 11 Minneapolis-St. Paul,com.gannett.news.local.KARENews,ios,Tegna Inc.,News,News | Weather,689ed175507e92fe6f3de0de,https://apps.apple.com/us/app/kare-11-minneapolis-st-paul/id568147907?uo=4
Kasamba Psychic Reading Chat,com.kasamba.ios,ios,Kasamba Ltd,Lifestyle,Lifestyle | Entertainment,689ed76b507e92fe6f3dedcf,https://apps.apple.com/us/app/kasamba-psychic-reading-chat/id1093474684?uo=4
KATC Weather,com.scripps.katc.KATC-Weather,ios,E.W. Scripps Company,Weather,Weather | News,68a620c458c742477c1281ca,https://apps.apple.com/us/app/katc-weather/id1469261152?uo=4
KCCI 8 News - Des Moines,com.hearst.kcciiphone,ios,Hearst Television,News,News | Weather,689ed4ba507e92fe6f3de7db,https://apps.apple.com/us/app/kcci-8-news-des-moines/id505215818?uo=4
KDD وصفات,com.kddc.ios,ios,THE KUWAITI DANISH DAIRY COMPANY KCSC,Food & Drink,Food & Drink | Health & Fitness,689edc00507e92fe6f3df7b9,https://apps.apple.com/us/app/kdd-%D9%88%D8%B5%D9%81%D8%A7%D8%AA/id664449681?uo=4
Keeper Password Manager,D4D2433BGC,ios,Callpod Inc.,Productivity,Productivity | Business,68a6218058c742477c128333,https://apps.apple.com/us/app/keeper-password-manager/id287170072?uo=4
KELO Weather – South Dakota,com.keloland.stormtrack,ios,LIN Television Corporation,Weather,Weather | News,689ed185507e92fe6f3de103,https://apps.apple.com/us/app/kelo-weather-south-dakota/id568526366?uo=4
Keto diet app－Low carb manager,com.lappir.keto,ios,Zinaida Davydova,Health & Fitness,Health & Fitness | Food & Drink,689ed709507e92fe6f3decf5,https://apps.apple.com/us/app/keto-diet-app-low-carb-manager/id1169054597?uo=4
Keynote,com.apple.Keynote,ios,Apple,Productivity,Productivity | Business,689ed50c507e92fe6f3de893,https://apps.apple.com/us/app/keynote/id361285480?uo=4
KFC Pakistan,com.fishry.kfcpakistan,ios,Gray Mackenzie restaurant international limited,Food & Drink,Food & Drink | Shopping,68de209943951ef516437b83,https://apps.apple.com/us/app/kfc-pakistan/id1480491422?uo=4
KFC US - Ordering App,com.kfc.us.mobile,ios,Kentucky Fried Chicken,Food & Drink,Food & Drink,68e4aa51673c4755a2bec90e,https://apps.apple.com/us/app/kfc-us-ordering-app/id1538999662?uo=4
KFVS12 StormTeam Weather,com.raycommedia.kfvs.KFVSweather,ios,"Gray Television Group, Inc.",Weather,Weather | News,689ed83b507e92fe6f3defa3,https://apps.apple.com/us/app/kfvs12-stormteam-weather/id470656567?uo=4
Khan Academy,org.khanacademy.Khan-Academy,ios,Khan Academy,Education,Education,68a621ae58c742477c12838f,https://apps.apple.com/us/app/khan-academy/id469863705?uo=4
Khan Academy Kids,org.khanacademy.Khan-Kids,ios,Khan Academy,Education,Education | Family | Games | Adventure,68a6208458c742477c128149,https://apps.apple.com/us/app/khan-academy-kids/id1378467217?uo=4
KicksOnFire: Release Dates,com.kicksonfire.kicksonfire,ios,KicksOnFire,Shopping,Shopping | Lifestyle,689ed153507e92fe6f3de08e,https://apps.apple.com/us/app/kicksonfire-release-dates/id647074443?uo=4
Kidding Me - Ready for tricky?,com.brain.kidding.puzzle.challenge.mind.free,ios,"CUBE(HONG KONG) TECHNOLOGY CO., LIMITED",Games,Games | Trivia | Casual | Entertainment,689ed62b507e92fe6f3deb11,https://apps.apple.com/us/app/kidding-me-ready-for-tricky/id1491867254?uo=4
Kids A-Z,com.learningaz.learningaz,ios,Lazel Inc.,Education,Education | Books,689edbca507e92fe6f3df735,https://apps.apple.com/us/app/kids-a-z/id474207297?uo=4
Kids Drawing Games for Girls,com.binibambini.drawingforgirls,ios,Bini Bambini Academy,Education,Education | Entertainment,689ed84c507e92fe6f3defcc,https://apps.apple.com/us/app/kids-drawing-games-for-girls/id1260895318?uo=4
Kids First Piano Learn & Play,com.MomAndDadGames.KFPone,ios,Enabler Games OU,Games,Games | Music | Education | Family,689ed323507e92fe6f3de452,https://apps.apple.com/us/app/kids-first-piano-learn-play/id1061796421?uo=4
KidsBeeTV: Videos & Kids Games,com.magikbee.kiddztube,ios,"Magikbee, Lda.",Entertainment,Entertainment | Education,689ed181507e92fe6f3de0ea,https://apps.apple.com/us/app/kidsbeetv-videos-kids-games/id1281018134?uo=4
Kik Messaging & Chat App,com.kik.chat,ios,Medialab - Kik,Social Networking,Social Networking | Productivity,689ed5ec507e92fe6f3dea8f,https://apps.apple.com/us/app/kik-messaging-chat-app/id357218860?uo=4
Kika Keyboard: Custom Themes,com.xinmei365.NewEmojiKey,ios,"Cheese Mobile, Inc.",Utilities,Utilities | Entertainment,689ed9ae507e92fe6f3df2d1,https://apps.apple.com/us/app/kika-keyboard-custom-themes/id1035199024?uo=4
Kinderyoga: Yoga for Kids,de.njai.kinderyoga,ios,5W APPS GmbH,Health & Fitness,Health & Fitness,689edd54507e92fe6f3dfa99,https://apps.apple.com/us/app/kinderyoga-yoga-for-kids/id1455193281?uo=4
KineMaster (OLD),com.kinemaster.app,ios,"KineMaster, Inc.",Photo & Video,Photo & Video | Utilities,689ede18507e92fe6f3dfbe6,https://apps.apple.com/us/app/kinemaster-old/id1223932558?uo=4
KING 5 News for Seattle/Tacoma,tegna.king.news,ios,Tegna Inc.,News,News | Weather,689edc30507e92fe6f3df81f,https://apps.apple.com/us/app/king-5-news-for-seattle-tacoma/id1453203197?uo=4
King County Flood Warning,gov.kingcounty.dnrp.FloodWarning,ios,King County,Weather,Weather,689ede3e507e92fe6f3dfc49,https://apps.apple.com/us/app/king-county-flood-warning/id691244577?uo=4
Kinsa,com.kinsahealth.kinsa-polaris,ios,Transform Health Inc.,Medical,Medical | Health & Fitness,68a620c558c742477c1281d1,https://apps.apple.com/us/app/kinsa/id1469151284?uo=4
Kiplinger Personal Finance,com.magzter.kiplingerspersonalfinance,ios,Future plc,Magazines & Newspapers,Magazines & Newspapers | Finance,689edb09507e92fe6f3df5d1,https://apps.apple.com/us/app/kiplinger-personal-finance/id564103002?uo=4
Kira Maldives,com.kiramaldives.application,ios,Baran Bager Uzulmez,Shopping,Shopping,689ed354507e92fe6f3de4bd,https://apps.apple.com/us/app/kira-maldives/id6557028447?uo=4
KIRO 7 PinPoint Weather,com.cmgdigital.kiroweatheripad,ios,Cox Media Group,Weather,Weather | News,689ed5d9507e92fe6f3dea5e,https://apps.apple.com/us/app/kiro-7-pinpoint-weather/id780748936?uo=4
KJV Bible: King James Version,com.bigheadtechies.bible.kjv,ios,Bighead Techies,Book,Books | Reference,689ed437507e92fe6f3de6c1,https://apps.apple.com/us/app/kjv-bible-king-james-version/id1112488968?uo=4
KKTV Weather and Traffic,com.gray.kktv.KKTV-Weather,ios,"Gray Television Group, Inc.",Weather,Weather | News,68a6209358c742477c128161,https://apps.apple.com/us/app/kktv-weather-and-traffic/id1356252218?uo=4
Klassik Radio & Beats Radio,com.liquidairlab.klassikradio,ios,Klassik Radio AG,Music,Music | Entertainment,689ed562507e92fe6f3de94f,https://apps.apple.com/us/app/klassik-radio-beats-radio/id326657478?uo=4
KnowTheZodiac: Astrology,com.oranjeclick.horoscopeapp,ios,ScorpioMystique L.L.C,Lifestyle,Lifestyle | News,689ed26e507e92fe6f3de2b1,https://apps.apple.com/us/app/knowthezodiac-astrology/id1460820737?uo=4
Knoxville News from WBIR,com.gannett.news.local.WBIRNews,ios,Tegna Inc.,News,News | Weather,689edc75507e92fe6f3df8a1,https://apps.apple.com/us/app/knoxville-news-from-wbir/id467273272?uo=4
KOAM Sky Watch Weather,com.wsi.WSIWeatherKOAM-Wx,ios,Evening Telegram Company,Weather,Weather | News,68a620b258c742477c1281a3,https://apps.apple.com/us/app/koam-sky-watch-weather/id377037081?uo=4
KOB 4 Weather,com.hbi.wdtinc.KOB,ios,"Hubbard Broadcasting, Inc.",Weather,Weather | Utilities,689ed70a507e92fe6f3decfb,https://apps.apple.com/us/app/kob-4-weather/id872049511?uo=4
Kobo Books & Audiobooks,com.shortcovers.shortcovers,ios,Rakuten Kobo Inc.,Book,Books | Entertainment,689ed09e507e92fe6f3ddef1,https://apps.apple.com/us/app/kobo-books-audiobooks/id301259483?uo=4
KOMO News Mobile,com.newssynergy.komo,ios,"Sinclair Broadcast Group, Inc",News,News | Weather,689ed7c1507e92fe6f3dee8b,https://apps.apple.com/us/app/komo-news-mobile/id433508161?uo=4
Kopi Tiam Mini,com.afzane.kopitiammini,ios,afzainizam zahari,Games,Games | Strategy | Simulation,689ed2a5507e92fe6f3de342,https://apps.apple.com/us/app/kopi-tiam-mini/id524648970?uo=4
Korean Air My,com.koreanair.passenger,ios,"Korean Air Lines Co., Ltd",Travel,Travel,689ed1ed507e92fe6f3de18d,https://apps.apple.com/us/app/korean-air-my/id1512918989?uo=4
KOTA Mobile Weather,com.kota.KOTA-Weather,ios,"Gray Television Group, Inc.",Weather,Weather | News,68a620e658c742477c128213,https://apps.apple.com/us/app/kota-mobile-weather/id1109027065?uo=4
Kotobee Reader,com.kotobee.readerapp,ios,Vijua,Education,Education | Books,689ed572507e92fe6f3de972,https://apps.apple.com/us/app/kotobee-reader/id1109764395?uo=4
KPRC 2 Weather,com.pnsdigital.weather.kprc,ios,"Graham Media Group, Inc",Weather,Weather | News,689ee028507e92fe6f3e0045,https://apps.apple.com/us/app/kprc-2-weather/id706099493?uo=4
KRDO StormTracker 13 Weather,com.krdo.KRDO-Weather,ios,News-Press & Gazette Company,Weather,Weather | News,68a621af58c742477c128395,https://apps.apple.com/us/app/krdo-stormtracker-13-weather/id1073742630?uo=4
Kryss - The Battle of Words,app.kryds.game,ios,Crossword & Sudoku LTD,Games,Games | Puzzle | Entertainment | Word,689ed368507e92fe6f3de4f6,https://apps.apple.com/us/app/kryss-the-battle-of-words/id1386727308?uo=4
KSL Weather,com.ksl.KSL-Weather,ios,KSL-TV,Weather,Weather | News,68a620c458c742477c1281c8,https://apps.apple.com/us/app/ksl-weather/id431072213?uo=4
KTLA Los Angeles Weather,com.ktla.KTLA-Weather,ios,Tribune Broadcasting Company,Weather,Weather | News,68a6213358c742477c12829f,https://apps.apple.com/us/app/ktla-los-angeles-weather/id1015108378?uo=4
KTRE 9 First Alert Weather,com.raycommedia.ktre.wsi,ios,"Gray Television Group, Inc.",Weather,Weather | News,689ed40e507e92fe6f3de65d,https://apps.apple.com/us/app/ktre-9-first-alert-weather/id432170737?uo=4
KTXS Weather,com.ktxs.KTXS-Wx,ios,"Sinclair Broadcast Group, Inc",Weather,Weather | News,68a6214358c742477c1282c1,https://apps.apple.com/us/app/ktxs-weather/id418379142?uo=4
KuwaitMet,kw.gov.met.KuwaitMet.production.DGCA,ios,Directorate of Civil Aviation,Weather,Weather | Lifestyle,689edbcf507e92fe6f3df74e,https://apps.apple.com/us/app/kuwaitmet/id696521227?uo=4
KWQC First Alert Weather,com.gray.QCWeather,ios,"Gray Television Group, Inc.",Weather,Weather | News,689ed6f8507e92fe6f3decce,https://apps.apple.com/us/app/kwqc-first-alert-weather/id1207912430?uo=4
KXII Weather Authority App,com.gray.kxii.KXII-Weather,ios,"Gray Television Group, Inc.",Weather,Weather | News,68a6218c58c742477c12833f,https://apps.apple.com/us/app/kxii-weather-authority-app/id1360405289?uo=4
KXLY Weather,com.kxly.KXLYWeather,ios,Evening Telegram Company,Weather,Weather | News,689ed69f507e92fe6f3dec05,https://apps.apple.com/us/app/kxly-weather/id468215794?uo=4
KY3 Weather,com.kytv.KYTV-KY3-Weather,ios,"Gray Television Group, Inc.",Weather,Weather | News,68a6217058c742477c128314,https://apps.apple.com/us/app/ky3-weather/id467154094?uo=4
L'Osservatore Romano,va.osservatoreromano.app,ios,Segreteria per la Comunicazione,News,News,689ed21d507e92fe6f3de1f9,https://apps.apple.com/us/app/losservatore-romano/id1513181269?uo=4
La Biblia Reina Valera Audio,french.book.La-Biblia,ios,Oleg Shukalovich,Book,Books | Education,68a621c058c742477c1283b2,https://apps.apple.com/us/app/la-biblia-reina-valera-audio/id977658272?uo=4
LA Metro and Bus,com.dcmetroapps.lametroandbus,ios,"Dixon Mobility, LLC",Navigation,Navigation | Travel,689ed93e507e92fe6f3df1e4,https://apps.apple.com/us/app/la-metro-and-bus/id1088594394?uo=4
LA Times,com.apptivateme.latimes,ios,Los Angeles Times Communications LLC,News,News | Magazines & Newspapers,689ed09e507e92fe6f3ddef3,https://apps.apple.com/us/app/la-times/id373238146?uo=4
Ladybug: Fun stories & songs,com.caruspub.ladybugmagazine,ios,Cricket Magazine Group & Ethervision,Education,Education | Magazines & Newspapers,689ed497507e92fe6f3de786,https://apps.apple.com/us/app/ladybug-fun-stories-songs/id563500559?uo=4
LakeMonster: AI Fishing App,tech.liveit.lakemonster,ios,Live it Tech,Sports,Sports | Weather,689ed5ec507e92fe6f3dea91,https://apps.apple.com/us/app/lakemonster-ai-fishing-app/id1420223013?uo=4
LaMusica - Radio & Podcasts,com.sbs.lamusica,ios,Spanish Broadcasting System,Music,Music | Entertainment,689eda80507e92fe6f3df4b4,https://apps.apple.com/us/app/lamusica-radio-podcasts/id466304751?uo=4
Land Trust Alliance Events,com.core-apps.followme.rally2017,ios,Land Trust Alliance,Reference,Reference,68a620d558c742477c1281ed,https://apps.apple.com/us/app/land-trust-alliance-events/id1264184354?uo=4
Language Learning Promova,genesis.tenwords,ios,SleepSci,Education,Education | Productivity,689ed06a507e92fe6f3dde6f,https://apps.apple.com/us/app/language-learning-promova/id1460782849?uo=4
Lasting: Marriage & Couples,com.lasting.lastingapp,ios,Groop Internet Platform inc.,Health & Fitness,Health & Fitness | Lifestyle,689ed25e507e92fe6f3de28e,https://apps.apple.com/us/app/lasting-marriage-couples/id1225049619?uo=4
LastPass Password Manager,com.lastpass.ilastpass,ios,LastPass US LP,Productivity,Productivity | Utilities,689ed9e5507e92fe6f3df34c,https://apps.apple.com/us/app/lastpass-password-manager/id324613447?uo=4
Laudate - #1 Catholic App,com.ayckasoft.Laudate,ios,Aycka Soft,Reference,Reference,689edc7b507e92fe6f3df8bd,https://apps.apple.com/us/app/laudate-1-catholic-app/id499428207?uo=4
Launchpad - Music & Beat Maker,com.novationmusic.launchpad,ios,Focusrite Audio Engineering,Music,Music,689ed76d507e92fe6f3dedd7,https://apps.apple.com/us/app/launchpad-music-beat-maker/id584362474?uo=4
League Dominator,com.footballguys.fbgmyx,ios,Sportsguys LLC,Sports,Sports | Entertainment,689ed06c507e92fe6f3dde77,https://apps.apple.com/us/app/league-dominator/id1640527140?uo=4
Learn English – Studycat,com.pumkin.fun,ios,Studycat Limited,Education,Education,689ed08e507e92fe6f3ddecd,https://apps.apple.com/us/app/learn-english-studycat/id428920239?uo=4
Learn French – Studycat,net.studycat.funfrench,ios,Studycat Limited,Education,Education,689ed8f6507e92fe6f3df14b,https://apps.apple.com/us/app/learn-french-studycat/id870598631?uo=4
Learn Spanish for Beginners,spanish.in.days.com,ios,Appcano LLC,Education,Education | Travel,689ed584507e92fe6f3de99c,https://apps.apple.com/us/app/learn-spanish-for-beginners/id601738437?uo=4
Learn to Read - Duolingo ABC,com.duolingo.literacy,ios,Duolingo,Education,Education | Word | Games | Family,689ed512507e92fe6f3de8b2,https://apps.apple.com/us/app/learn-to-read-duolingo-abc/id1440502568?uo=4
Learning games for toddlers.,cz.cfc.AbbyAnimalGamesHDfree,ios,CFC s.r.o.,Education,Education | Family | Trivia | Games,689ed0cd507e92fe6f3ddf5a,https://apps.apple.com/us/app/learning-games-for-toddlers/id422581061?uo=4
Learning Portal for Jamstik,com.jamstik.playportal,ios,Zivix LLC,Music,Music | Education,689ed970507e92fe6f3df24e,https://apps.apple.com/us/app/learning-portal-for-jamstik/id1480724757?uo=4
Lecturio Medical Education,de.lecturio.ios.LecturioMed,ios,Lecturio GmbH,Medical,Medical | Education,689ed82b507e92fe6f3def81,https://apps.apple.com/us/app/lecturio-medical-education/id1067957933?uo=4
LEGO® Builder,com.lego.legobuildinginstructions,ios,LEGO,Entertainment,Entertainment | Utilities,689edf05507e92fe6f3dfe00,https://apps.apple.com/us/app/lego-builder/id1486159728?uo=4
LEGO® DUPLO® World,com.storytoys.duploworld.free.ios,ios,StoryToys Limited,Education,Education | Games,689ed187507e92fe6f3de10c,https://apps.apple.com/us/app/lego-duplo-world/id1458749093?uo=4
Lemonade Insurance,com.lemonadeInc.Lemonade,ios,Lemonade Inc.,Finance,Finance | Lifestyle,689edc55507e92fe6f3df863,https://apps.apple.com/us/app/lemonade-insurance/id1055653645?uo=4
Let's Draw - Drawing App,com.urecy.tool.quickdraw.free,ios,urecy,Entertainment,Entertainment | Education,690a9100d7fe774da20e5309,https://apps.apple.com/us/app/lets-draw-drawing-app/id629814709?uo=4
Let's Draw : Drawing App,com.urecy.tool.quickdraw,ios,urecy,Entertainment,Entertainment | Education,689ed573507e92fe6f3de978,https://apps.apple.com/us/app/lets-draw-drawing-app/id532934740?uo=4
Letters & Sodas,com.frostypop.lettersandsodas,ios,Frosty Pop,Games,Games | Puzzle | Word,689ee00a507e92fe6f3e000c,https://apps.apple.com/us/app/letters-sodas/id1263174350?uo=4
LetyShops — Cashback service,com.letyshops,ios,Letyshops Europe GmbH,Shopping,Shopping | Lifestyle,689ed0bd507e92fe6f3ddf33,https://apps.apple.com/us/app/letyshops-cashback-service/id1363956566?uo=4
"LEX 18 News - Lexington, KY",com.scripps.wlex,ios,E.W. Scripps Company,News,News | Weather,689ed551507e92fe6f3de92b,https://apps.apple.com/us/app/lex-18-news-lexington-ky/id1468163690?uo=4
Lezhin Comics-Premium Webtoons,com.lezhin.comics,ios,Lezhin Entertainment,Book,Books,689eda69507e92fe6f3df46c,https://apps.apple.com/us/app/lezhin-comics-premium-webtoons/id664973122?uo=4
"Libby, the library app",com.overdrive.dewey,ios,"OverDrive, Inc.",Book,Books | Entertainment,689ed332507e92fe6f3de46e,https://apps.apple.com/us/app/libby-the-library-app/id1076402606?uo=4
Libro.fm Audiobooks,fm.libro.Libro-fm,ios,Libro.fm,Book,Books,68a6227558c742477c1283ca,https://apps.apple.com/us/app/libro-fm-audiobooks/id1057776523?uo=4
Lickety Split:,com.swirly.LicketySplitLite,ios,Swirly Studios LLC,Lifestyle,Lifestyle | Family | Role Playing | Games,689ed4ec507e92fe6f3de84f,https://apps.apple.com/us/app/lickety-split/id455790177?uo=4
Life Bible App,com.yourcompany.TecartaBible,ios,"Tecarta, Inc.",Reference,Reference | Books,689ed9f4507e92fe6f3df366,https://apps.apple.com/us/app/life-bible-app/id325955298?uo=4
Life Explorer-Master Your Life,com.love.life.explorer,ios,"Guangzhou Zhuneng Technology Co., Ltd.",Health & Fitness,Health & Fitness,689ed5a9507e92fe6f3de9fa,https://apps.apple.com/us/app/life-explorer-master-your-life/id1498443259?uo=4
Life in 6 Words (Li6W),com.dare2share.live6words,ios,"Dare 2 Share Ministries International, Inc.",Education,Education | Lifestyle,689ed69f507e92fe6f3dec07,https://apps.apple.com/us/app/life-in-6-words-li6w/id951155611?uo=4
Life on Mission,net.namb.Life-on-Mission,ios,North American Mission Board,Reference,Reference | Education,68a620a458c742477c12818a,https://apps.apple.com/us/app/life-on-mission/id879490935?uo=4
Life360: Stay Connected & Safe,com.life360.safetymap,ios,Life360,Social Networking,Social Networking | Lifestyle,689ed916507e92fe6f3df190,https://apps.apple.com/us/app/life360-stay-connected-safe/id384830320?uo=4
Lifesum Food & Calorie Tracker,com.sillens.iShape,ios,Lifesum AB,Health & Fitness,Health & Fitness | Lifestyle,689edf6d507e92fe6f3dfefd,https://apps.apple.com/us/app/lifesum-food-calorie-tracker/id286906691?uo=4
LIFX,com.lifx.lifx,ios,LIFX,Lifestyle,Lifestyle | Utilities,689ed446507e92fe6f3de6dd,https://apps.apple.com/us/app/lifx/id657758311?uo=4
Lightracer Ignition,com.thesmartmelon.sc16.gbniosus,ios,Smartmelon Games,Games,Games | Word | Simulation,689ed5ba507e92fe6f3dea21,https://apps.apple.com/us/app/lightracer-ignition/id1566710729?uo=4
Lightroom Photo & Video Editor,com.adobe.lrmobilephone,ios,Adobe Inc.,Photo & Video,Photo & Video | Graphics & Design,689ed531507e92fe6f3de8eb,https://apps.apple.com/us/app/lightroom-photo-video-editor/id878783582?uo=4
Like Nastya Game,likenastyagame.nastya,ios,KIDS GAMES LLC,Education,Education | Puzzle | Games | Family,689ed152507e92fe6f3de086,https://apps.apple.com/us/app/like-nastya-game/id1493900445?uo=4
LikeRead,com.festearn.likeread,ios,婷 何,Book,Books,689edaf3507e92fe6f3df596,https://apps.apple.com/us/app/likeread/id1532831676?uo=4
"Lila's World:Create,Play,Learn",com.photontadpole.LilasWorld,ios,Photon Tadpole Studios,Education,Education | Games | Family | Role Playing,689ed423507e92fe6f3de68d,https://apps.apple.com/us/app/lilas-world-create-play-learn/id1523048072?uo=4
LillyPlayer Video Player,com.skrobs.lillyplayer,ios,Eric Degrange,Entertainment,Entertainment | Music,689ed653507e92fe6f3deb68,https://apps.apple.com/us/app/lillyplayer-video-player/id1446967273?uo=4
Lily Diary,com.seyeonsoft.diary,ios,"SeyeonSoft Co., Ltd.",Games,Games | Casual | Family,689ed5c8507e92fe6f3dea38,https://apps.apple.com/us/app/lily-diary/id1524893611?uo=4
Lily Story,com.seyeonsoft.lily,ios,"SeyeonSoft Co., Ltd.",Games,Games | Family | Casual,689ed1e0507e92fe6f3de17b,https://apps.apple.com/us/app/lily-story/id1435750501?uo=4
Line color,com.lemon.play.colorline.damon800,ios,"Xi'an Tongqi Communication Science&Technology Co.,Ltd.",Games,Games | Puzzle | Trivia,689ed261507e92fe6f3de29c,https://apps.apple.com/us/app/line-color/id647757800?uo=4
Linearity Curve Graphic Design,com.linearity.vn,ios,Linearity GmbH,Graphics & Design,Graphics & Design | Productivity,689edfab507e92fe6f3dff78,https://apps.apple.com/us/app/linearity-curve-graphic-design/id1219074514?uo=4
LingoDeer - Learn Languages,com.lingodeer,ios,"LingoDeer Co, Ltd.",Education,Education | Reference,689ed68d507e92fe6f3debdb,https://apps.apple.com/us/app/lingodeer-learn-languages/id1261193709?uo=4
Link the numbers !,net.playtouch.linkthenumbers,ios,PLAYTOUCH,Games,Games | Word | Entertainment | Puzzle,689ed4f0507e92fe6f3de865,https://apps.apple.com/us/app/link-the-numbers/id1556191006?uo=4
LinkedIn: Network & Job Finder,com.linkedin.LinkedIn,ios,LinkedIn Corporation,Business,Business,68a79b663f08c8ecc42df891,https://apps.apple.com/us/app/linkedin-network-job-finder/id288429040?uo=4
Lipid Manager,org.acc.ldlmanager,ios,American College of Cardiology,Medical,Medical | Reference,689ed2a5507e92fe6f3de344,https://apps.apple.com/us/app/lipid-manager/id1179044544?uo=4
Lithuanian-English Dictionary,Dictlithuanian,ios,FB PUBLISHING LLC,Reference,Reference | Education,68a6215058c742477c1282d0,https://apps.apple.com/us/app/lithuanian-english-dictionary/id1504635408?uo=4
Litsy,com.catch84.litsy,ios,LibraryThing.com,Book,Books | Social Networking,689ed21f507e92fe6f3de205,https://apps.apple.com/us/app/litsy/id1037017919?uo=4
Little Alchemy 2,com.littlealchemy2,ios,Jakub Koziol,Games,Games | Education | Puzzle | Family,689eda5c507e92fe6f3df458,https://apps.apple.com/us/app/little-alchemy-2/id1214190989?uo=4
Little Stories: Bedtime Books,com.diveomedia.ls,ios,Diveo Media,Book,Books | Education,689ed8c3507e92fe6f3df0d3,https://apps.apple.com/us/app/little-stories-bedtime-books/id977016099?uo=4
Live Home 3D - House Design,com.belightsoft.LiveHome3D.IOS,ios,"Belight Software, ltd",Productivity,Productivity | Graphics & Design,689ed1ef507e92fe6f3de197,https://apps.apple.com/us/app/live-home-3d-house-design/id1066784070?uo=4
LIVE Score - the Fastest Score,kr.co.psynet.LiveScore,ios,"PSYNET Co., Ltd.",Sports,Sports,689ed5fe507e92fe6f3deabe,https://apps.apple.com/us/app/live-score-the-fastest-score/id458056343?uo=4
LiveMe – Live Stream & Go Live,com.cmcm.live,ios,"KS Mobile, Inc.",Social Networking,Social Networking | Entertainment,689ed24e507e92fe6f3de267,https://apps.apple.com/us/app/liveme-live-stream-go-live/id1089836344?uo=4
LiveMixtapes - Mixtape Culture,com.livemixtapes.LiveMixtapes,ios,LMT Radio,Music,Music | Entertainment,689edb61507e92fe6f3df654,https://apps.apple.com/us/app/livemixtapes-mixtape-culture/id973056418?uo=4
LiveWallp Widget – Themes DIY,hd.wallpaper.4k.screensaver.wallp.bg.live.photo,ios,一碧 陈,Lifestyle,Lifestyle,689ed9d6507e92fe6f3df334,https://apps.apple.com/us/app/livewallp-widget-themes-diy/id1523440027?uo=4
Livingston Daily,com.gannett.news.local.livingstondaily,ios,Gannett,News,News | Magazines & Newspapers,689edbb9507e92fe6f3df710,https://apps.apple.com/us/app/livingston-daily/id900198081?uo=4
Local Weather Radar & Forecast,com.sriver.8e6313c7f610ef1e4e1e7baca2878b8e,ios,"doapp, inc",Weather,Weather | News,689ed563507e92fe6f3de959,https://apps.apple.com/us/app/local-weather-radar-forecast/id483922001?uo=4
Lock screen Designer - Lockscreen Wallpapers Theme,com.umang.lockscreendesign,ios,UmangKumar Gajera,Shopping,Shopping | Entertainment,689ede82507e92fe6f3dfce4,https://apps.apple.com/us/app/lock-screen-designer-lockscreen-wallpapers-theme/id1226047139?uo=4
Logic Grid Puzzles,com.eggheadgames.logicpuzzleseducation,ios,Egghead Games LLC,Games,Games | Education | Word | Puzzle,689ed0df507e92fe6f3ddf83,https://apps.apple.com/us/app/logic-grid-puzzles/id919571269?uo=4
Logo Esport Maker For Gaming,com.logoesportmaker.logomakerpro.logodesign,ios,Hitesh Polara,Graphics & Design,Graphics & Design | Business,689ed1a8507e92fe6f3de14e,https://apps.apple.com/us/app/logo-esport-maker-for-gaming/id1530014901?uo=4
Logo Game 2021: Brand Quiz,com.kingim.logoquiz.ac,ios,APP CENTRAL LTD,Games,Games | Trivia | Puzzle,689edb63507e92fe6f3df65b,https://apps.apple.com/us/app/logo-game-2021-brand-quiz/id1536938698?uo=4
Logo Maker _ AI Design Creator,com.contentarcade.LogoMaker,ios,CONTENT ARCADE (UK) LTD.,Graphics & Design,Graphics & Design | Business,689ed2e3507e92fe6f3de3c1,https://apps.apple.com/us/app/logo-maker-ai-design-creator/id1217017670?uo=4
Logo Maker Shop: AI Creator,com.limepresso.logomaker,ios,PIXO Incorporation,Graphics & Design,Graphics & Design | Photo & Video,689ed83a507e92fe6f3def9e,https://apps.apple.com/us/app/logo-maker-shop-ai-creator/id1190077343?uo=4
Logo Maker: Art Design Creator,com.appfever.vintage,ios,LOGOFLY LLC,Graphics & Design,Graphics & Design | Business,689ed8f3507e92fe6f3df13b,https://apps.apple.com/us/app/logo-maker-art-design-creator/id878042995?uo=4
Logo Maker: Create A Logo,com.appostrophe.logomaker,ios,Appostrophe AB,Graphics & Design,Graphics & Design | Business,689ede2a507e92fe6f3dfc12,https://apps.apple.com/us/app/logo-maker-create-a-logo/id1542610590?uo=4
Logo Quiz - Guess The Brand!,logo.quiz.game.companies,ios,Mateusz Klaczak,Games,Games | Trivia | Word,6920f805d69c93f7dbb37979,https://apps.apple.com/us/app/logo-quiz-guess-the-brand/id665795575?uo=4
Logo Quiz 2025: Guess logos,com.peterskarheim.Logo-Quiz-2019,ios,Peter Skarheim,Games,Games | Entertainment | Trivia | Word,68a6213458c742477c1282a6,https://apps.apple.com/us/app/logo-quiz-2025-guess-logos/id1467771859?uo=4
Logo Quiz: Guess Brands,com.gouciapp.logos,ios,guillaume coulbaux,Games,Games | Entertainment | Trivia | Word,689edc98507e92fe6f3df8f0,https://apps.apple.com/us/app/logo-quiz-guess-brands/id792595594?uo=4
LogoScopic Studio – Logo Maker,com.apptimal.LogoScopicStudio,ios,RoadRocks,Graphics & Design,Graphics & Design | Business,689edda3507e92fe6f3dfade,https://apps.apple.com/us/app/logoscopic-studio-logo-maker/id965623955?uo=4
Longman Dictionary of English,com.pearson.ldoceplus,ios,Pearson Education,Reference,Reference | Education,689ed413507e92fe6f3de676,https://apps.apple.com/us/app/longman-dictionary-of-english/id597492646?uo=4
Lose It! – Calorie Counter,com.fitnow.loseit,ios,FitNow,Health & Fitness,Health & Fitness | Lifestyle,689ed8f2507e92fe6f3df137,https://apps.apple.com/us/app/lose-it-calorie-counter/id297368629?uo=4
Lose Weight at Home in 30 Days,com.abishkking.loseweight,ios,ABISHKKING LIMITED.,Health & Fitness,Health & Fitness | Sports,689eddc6507e92fe6f3dfb35,https://apps.apple.com/us/app/lose-weight-at-home-in-30-days/id1266612768?uo=4
LottoMonkey: Scan Lottery,com.5lottomonkeys.tickets,ios,CrowdLotto,Productivity,Productivity | Sports,689ed1fe507e92fe6f3de1b5,https://apps.apple.com/us/app/lottomonkey-scan-lottery/id1102553968?uo=4
LotusLanternX,com.wl.smartled,ios,"shenzhen ELK Technology Co., Ltd.",Lifestyle,Lifestyle | Utilities,689ed808507e92fe6f3def30,https://apps.apple.com/us/app/lotuslanternx/id1279356519?uo=4
Loud Alarm Clock – the LOUDEST,me.jlabs.loudalarmclock,ios,j labs,Utilities,Utilities | Productivity,689ed346507e92fe6f3de4a6,https://apps.apple.com/us/app/loud-alarm-clock-the-loudest/id1146308678?uo=4
Louisville Cardinals,com.sidearm.fanapp.ulcardsmobile,ios,University of Louisville,Sports,Sports | Entertainment,689ed252507e92fe6f3de284,https://apps.apple.com/us/app/louisville-cardinals/id1234324522?uo=4
Lounge777,net.whow.lounge777,ios,Whow Games GmbH,Games,Games | Entertainment | Casual | Casino,689ed3bc507e92fe6f3de5ba,https://apps.apple.com/us/app/lounge777/id1561162480?uo=4
Love Home: Cute Life Sim Games,pocket.life.cute.games,ios,AI Unboxing Apps Games,Games,Games | Simulation | Education | Role Playing,689ed2b4507e92fe6f3de35c,https://apps.apple.com/us/app/love-home-cute-life-sim-games/id6648767034?uo=4
Love My Heart for Women,edu.columbia.medicalcenter.myheart,ios,Columbia University,Medical,Medical | Health & Fitness,689ed123507e92fe6f3de02a,https://apps.apple.com/us/app/love-my-heart-for-women/id1136776133?uo=4
Love Nudge,com.grootersproductions.fivelovelanguages,ios,Love Language Brand,Lifestyle,Lifestyle | Books,689ed315507e92fe6f3de436,https://apps.apple.com/us/app/love-nudge/id495326842?uo=4
LOVE TEST - match calculator,net.playtouch.lovetestmatchcalculator,ios,PLAYTOUCH,Games,Games | Word | Trivia | Entertainment,689ed08e507e92fe6f3ddecf,https://apps.apple.com/us/app/love-test-match-calculator/id1517798329?uo=4
Lovewick: Relationship Tracker,com.lovewick.app,ios,Lovewick,Lifestyle,Lifestyle | Health & Fitness,689edc9b507e92fe6f3df8fe,https://apps.apple.com/us/app/lovewick-relationship-tracker/id1516199115?uo=4
Loxone,com.loxone.kerberos,ios,Loxone Electronics GmbH,Lifestyle,Lifestyle | Utilities,689ed718507e92fe6f3ded11,https://apps.apple.com/us/app/loxone/id924399400?uo=4
Lucidity - Lucid Dreaming,curtdev.Lucidity---The-Informational-Lucid-Dreaming-App,ios,Shane Curtis,Utilities,Utilities | Lifestyle,68a621bf58c742477c1283b0,https://apps.apple.com/us/app/lucidity-lucid-dreaming/id1121048340?uo=4
Ludo star : super dice game,net.playtouch.ludoclassicadg,ios,PLAYTOUCH,Games,Games | Casino | Entertainment | Board,689ed642507e92fe6f3deb4a,https://apps.apple.com/us/app/ludo-star-super-dice-game/id1452499695?uo=4
LUISAVIAROMA: Elevated Fashion,com.luisaviaroma.luisaviaromaapp,ios,Luisa Via Roma S.p.A,Shopping,Shopping | Lifestyle,689ed709507e92fe6f3decf3,https://apps.apple.com/us/app/luisaviaroma-elevated-fashion/id1339089012?uo=4
Lure: Interactive Chat Stories,com.represently.lure,ios,RepresentLY Inc,Book,Books | Entertainment,689ed543507e92fe6f3de917,https://apps.apple.com/us/app/lure-interactive-chat-stories/id1248062869?uo=4
Lust Desire: Love Game,com.apollo.maker,ios,HK GRAPEFRUIT TECHNOLOGY LIMITED,Games,Games | Word | Simulation,689ed0f0507e92fe6f3ddfaf,https://apps.apple.com/us/app/lust-desire-love-game/id6477343324?uo=4
Luzia: Your AI Assistant,com.luzia.app,ios,Factoria Elcano SL,Education,Education | Productivity,689eda08507e92fe6f3df397,https://apps.apple.com/us/app/luzia-your-ai-assistant/id6472703434?uo=4
Lyst: Shop Fashion Brands,com.lyst.lystapp,ios,Lyst,Shopping,Shopping | Lifestyle,689ed0e0507e92fe6f3ddf8d,https://apps.apple.com/us/app/lyst-shop-fashion-brands/id597940518?uo=4
Mad Libs,com.pearson.penguin.youngreaders.madlibs.Lite,ios,Penguin Group USA,Entertainment,Entertainment | Books,689edbfc507e92fe6f3df79d,https://apps.apple.com/us/app/mad-libs/id326885152?uo=4
Magic Cross-Stitch: Pixel Art,com.zimad.magicpixelart,ios,ZiMAD,Games,Games | Entertainment | Puzzle | Board,689ed08d507e92fe6f3ddec7,https://apps.apple.com/us/app/magic-cross-stitch-pixel-art/id1461096984?uo=4
Magic Duck Unlimited,com.mohuanya.MagicDuckInfiniteUS,ios,娅 潘,Games,Games | Puzzle | Trivia,689ed4a9507e92fe6f3de7b3,https://apps.apple.com/us/app/magic-duck-unlimited/id793698175?uo=4
Magic Earth Navigation & Maps,com.generalmagic.magicearth,ios,Magic Lane International BV,Navigation,Navigation | Travel,689ed07c507e92fe6f3dde9a,https://apps.apple.com/us/app/magic-earth-navigation-maps/id1007331679?uo=4
Magical Floor Planner | Design,com.HQwall.magicalmediterraneanhome,ios,chavi sharma,Lifestyle,Lifestyle | Productivity,689ed79e507e92fe6f3dee3a,https://apps.apple.com/us/app/magical-floor-planner-design/id1045117641?uo=4
magicplan,com.sensopia.magicplan,ios,Technologies magicplan Inc.,Productivity,Productivity | Utilities,689eddb5507e92fe6f3dfb09,https://apps.apple.com/us/app/magicplan/id427424432?uo=4
Magisto Video Editor & Maker,com.magisto.magisto,ios,"Vimeo, Inc.",Photo & Video,Photo & Video | Utilities,689edbcc507e92fe6f3df73b,https://apps.apple.com/us/app/magisto-video-editor-maker/id486781045?uo=4
Mail,com.apple.mobilemail,ios,Apple,Productivity,Productivity,68ad61f85c6d87e0d492e397,https://apps.apple.com/us/app/mail/id1108187098?uo=4
Mainfreight,nz.co.sandfield.mPhone,ios,Sandfield Associates Limited,Business,Business | Utilities,689ed819507e92fe6f3def52,https://apps.apple.com/us/app/mainfreight/id393454122?uo=4
Major League Fishing,com.majorleaguefishing.app,ios,"Major League Fishing, LLC",Sports,Sports | Entertainment,689ed937507e92fe6f3df1c1,https://apps.apple.com/us/app/major-league-fishing/id1338817609?uo=4
Make It Big,com.atrinh.makeitbig,ios,An Trinh,Utilities,Utilities | Productivity,689ed7b3507e92fe6f3dee79,https://apps.apple.com/us/app/make-it-big/id479282584?uo=4
Makeover Games: Make Up Artist,spa.girls.games,ios,Jam & Jello,Entertainment,Entertainment,689ed131507e92fe6f3de03c,https://apps.apple.com/us/app/makeover-games-make-up-artist/id1576822744?uo=4
Makeup DIY: Spa Makeover Games,princess.games.3d,ios,Very Pink Company Ltd,Entertainment,Entertainment,689ed133507e92fe6f3de04b,https://apps.apple.com/us/app/makeup-diy-spa-makeover-games/id1619941523?uo=4
Makeup Games: Back-to-School,com.mystylinglounge.highschool,ios,Salon™,Entertainment,Entertainment | Lifestyle,689ed0f2507e92fe6f3ddfbb,https://apps.apple.com/us/app/makeup-games-back-to-school/id922851299?uo=4
Makeup Slime Fidget Trading,makeup.slime,ios,Pocket Princess,Entertainment,Entertainment | Health & Fitness,689ed08c507e92fe6f3ddec3,https://apps.apple.com/us/app/makeup-slime-fidget-trading/id1566999911?uo=4
Malagasy-English Dictionary,Dictmalagasy2,ios,FB PUBLISHING LLC,Reference,Reference | Education,68a6218158c742477c12833b,https://apps.apple.com/us/app/malagasy-english-dictionary/id1502810097?uo=4
Mall of Egypt - Official App,com.maf.MallOfEgypt,ios,Majid Al Futtaim Properties LLC,Shopping,Shopping | Lifestyle,689ed3e9507e92fe6f3de613,https://apps.apple.com/us/app/mall-of-egypt-official-app/id1441905105?uo=4
Man United News by M.E.N,com.mirror.mufan,ios,Trinity Mirror Digital Media Limited,Sports,Sports | News,689ed183507e92fe6f3de0f6,https://apps.apple.com/us/app/man-united-news-by-m-e-n/id1156965772?uo=4
ManageAnticoag,org.acc.BridgeAnticoag,ios,American College of Cardiology,Medical,Medical | Reference,689ed468507e92fe6f3de726,https://apps.apple.com/us/app/manageanticoag/id1158887101?uo=4
Mandala Maker: symmetry doodle,com.damiensbell.Mandala,ios,Damien Bell,Graphics & Design,Graphics & Design | Entertainment,689ed48a507e92fe6f3de775,https://apps.apple.com/us/app/mandala-maker-symmetry-doodle/id1198232048?uo=4
Manga Dogs - webtoon reader,com.manga.mangafree,ios,爽 邹,Book,Books | Entertainment,689ed05a507e92fe6f3dde48,https://apps.apple.com/us/app/manga-dogs-webtoon-reader/id1198071602?uo=4
MangaToon: Comic & Manga,com.mangatoon.ios,ios,Mangatoon HK Limited,Book,Books,689ed1aa507e92fe6f3de154,https://apps.apple.com/us/app/mangatoon-comic-manga/id1385287093?uo=4
Manobook: My Good Story Reader,com.changduhk.spainreader,ios,CHANGDU (HK) TECHNOLOGY LIMITED,Book,Books | Magazines & Newspapers,689ed261507e92fe6f3de29e,https://apps.apple.com/us/app/manobook-my-good-story-reader/id1436687796?uo=4
Manta: Comics & Novels,net.manta.comic,ios,RIDI Corporation,Book,Books | Entertainment,689ed326507e92fe6f3de461,https://apps.apple.com/us/app/manta-comics-novels/id1536116642?uo=4
Manual for Microsoft Excel with Secrets and Tricks,com.howtech.aud001,ios,Howtech Finance Limited,Book,Books | Education,689ed749507e92fe6f3ded7e,https://apps.apple.com/us/app/manual-for-microsoft-excel-with-secrets-and-tricks/id968737106?uo=4
Map My Ride With GPS Tracker,Q5AWL8WCY6.iMapMyRide,ios,Outside Television Inc,Health & Fitness,Health & Fitness | Social Networking,689ed971507e92fe6f3df254,https://apps.apple.com/us/app/map-my-ride-with-gps-tracker/id292223170?uo=4
Map My Run GPS Running Tracker,Q5AWL8WCY6.iMapMyRun,ios,Outside Television Inc,Health & Fitness,Health & Fitness | Social Networking,689ed511507e92fe6f3de8aa,https://apps.apple.com/us/app/map-my-run-gps-running-tracker/id291890420?uo=4
Map My Walk: Walking Tracker,Q5AWL8WCY6.iMapMyWalkFree,ios,Outside Television Inc,Lifestyle,Lifestyle | Health & Fitness,689ed1aa507e92fe6f3de152,https://apps.apple.com/us/app/map-my-walk-walking-tracker/id307861492?uo=4
Marco’s Pizza,com.foodtec.marcos,ios,"MARCO'S FRANCHISING, LLC",Food & Drink,Food & Drink | Business,68deabe09f3adad97cca50c3,https://apps.apple.com/us/app/marcos-pizza/id1437373132?uo=4
Mariam Game,com.profSystem.mariam,ios,Salman AlHarbi,Games,Games | Books | Puzzle | Word,689ed5d9507e92fe6f3dea5c,https://apps.apple.com/us/app/mariam-game/id1247175574?uo=4
Marshmello Music Dance,com.game.jam.dj.marshmello.music.dance,ios,Gamejam Co.,Games,Games | Entertainment | Casual | Music,689ed445507e92fe6f3de6d5,https://apps.apple.com/us/app/marshmello-music-dance/id1468461705?uo=4
Mary Our Help,com.maryourhelp.app,ios,Martin Okafor,Lifestyle,Lifestyle | Books,689edb77507e92fe6f3df692,https://apps.apple.com/us/app/mary-our-help/id6578416024?uo=4
Match 3D Blast: Matching Game,com.puzzle.fun.free.matching3d,ios,Oakever Games,Games,Games | Casual,689ed2b3507e92fe6f3de357,https://apps.apple.com/us/app/match-3d-blast-matching-game/id1585080096?uo=4
Math and Science Tutor,com.mathtutordvd.mathtutor,ios,"Math Tutor DVD, Limited Liability Company",Education,Education | Reference,689ed6fa507e92fe6f3decd9,https://apps.apple.com/us/app/math-and-science-tutor/id1272091364?uo=4
Math Bridges - Adding Numbers,com.makkajai.numbersensefree,ios,Makkajai Edu Tech Private Limited,Education,Education | Lifestyle,689ed62f507e92fe6f3deb24,https://apps.apple.com/us/app/math-bridges-adding-numbers/id1199323483?uo=4
MathMaster: Math Solver & Help,com.appslux.math,ios,Appslux Media Limited,Education,Education | Utilities,689ed83c507e92fe6f3defa9,https://apps.apple.com/us/app/mathmaster-math-solver-help/id1546599293?uo=4
MathPapa - Algebra Calculator,com.mathpapa.MathPapa,ios,"MathPapa, Inc.",Education,Education | Utilities,689ed5bb507e92fe6f3dea29,https://apps.apple.com/us/app/mathpapa-algebra-calculator/id1024251561?uo=4
Maven Clinic,com.mavenclinic.Maven,ios,Maven Clinic Co.,Medical,Medical | Health & Fitness,689ed2d3507e92fe6f3de39c,https://apps.apple.com/us/app/maven-clinic/id942543121?uo=4
Max’s Group Delivers,com.mgi.maxsgroupdelivers,ios,"MAX'S GROUP, INC.",Food & Drink,Food & Drink,689ede2c507e92fe6f3dfc1d,https://apps.apple.com/us/app/maxs-group-delivers/id6451216396?uo=4
MaxPreps: High School Sports,com.maxpreps.MPScoreboard,ios,MaxPreps Inc.,Sports,Sports | News,689ed123507e92fe6f3de024,https://apps.apple.com/us/app/maxpreps-high-school-sports/id980665604?uo=4
Mayfair Flowers Qatar,com.ni.MayfairFlowersQatar,ios,Mayfair Flowers Qatar LTD,Shopping,Shopping,689ed4de507e92fe6f3de834,https://apps.apple.com/us/app/mayfair-flowers-qatar/id6504877252?uo=4
MCAT Prep Mastery | Test 2022,com.hltcorp.mcat2017,ios,Higher Learning Technologies,Medical,Medical | Education,689edf5d507e92fe6f3dfed9,https://apps.apple.com/us/app/mcat-prep-mastery-test-2022/id1183960833?uo=4
McDonald's,com.mcdonalds.gma,ios,McDonald's USA,Food & Drink,Food & Drink | Shopping,68b90847b9638b7875dc11f2,https://apps.apple.com/us/app/mcdonalds/id922103212?uo=4
McDonald’s,com.mcdonalds.mobileapp,ios,McDonald's Global Markets LLC,Food & Drink,Food & Drink | Lifestyle,689ed84c507e92fe6f3defca,https://apps.apple.com/us/app/mcdonalds/id1217507712?uo=4
McMaster Textbook,pl.mp.mcmaster,ios,Medycyna Praktyczna,Medical,Medical,689ed200507e92fe6f3de1c0,https://apps.apple.com/us/app/mcmaster-textbook/id1482951015?uo=4
MDCalc Medical Calculator,com.MDAware.Calc,ios,"MD Aware, LLC",Medical,Medical | Reference,689edbbd507e92fe6f3df725,https://apps.apple.com/us/app/mdcalc-medical-calculator/id1001640662?uo=4
Measure,com.apple.measure,ios,Apple,Utilities,Utilities,68bfb99d054bb85f1578472e,https://apps.apple.com/us/app/measure/id1383426740?uo=4
Meat Cuts,com.mla.meatcuts,ios,Meat & Livestock Australia Limited,Food & Drink,Food & Drink | Lifestyle,689ed59a507e92fe6f3de9df,https://apps.apple.com/us/app/meat-cuts/id904537057?uo=4
Meat House Egypt,com.nahrdev.meathouse,ios,ahmed badr,Shopping,Shopping | Food & Drink,689ed829507e92fe6f3def79,https://apps.apple.com/us/app/meat-house-egypt/id1468254192?uo=4
Media Converter - video to mp3,com.verycoolapp.mediaconvert,ios,俊杰 阮,Utilities,Utilities | Entertainment,689ede40507e92fe6f3dfc55,https://apps.apple.com/us/app/media-converter-video-to-mp3/id1294207675?uo=4
Media Empire: Interactive Game,com.led.blogger,ios,William Becker,Games,Games | Word | Books | Role Playing,689ed3db507e92fe6f3de5fa,https://apps.apple.com/us/app/media-empire-interactive-game/id1564900408?uo=4
Medisafe Medication Management,com.medisafe.medisafe,ios,MediSafe Inc.,Medical,Medical | Health & Fitness,689ed8e0507e92fe6f3df10a,https://apps.apple.com/us/app/medisafe-medication-management/id573916946?uo=4
Meditation Nest,meditation.app,ios,Luni,Health & Fitness,Health & Fitness | Lifestyle,689ed172507e92fe6f3de0cf,https://apps.apple.com/us/app/meditation-nest/id1460053458?uo=4
Meditations Daily Devotional,com.nph.meditations,ios,Northwestern Publishing House,Book,Books | Lifestyle,689ed587507e92fe6f3de9b2,https://apps.apple.com/us/app/meditations-daily-devotional/id813756034?uo=4
Medium: Read & Write Stories,com.medium.reader,ios,A Medium Corporation,News,News | Social Networking,689ee03b507e92fe6f3e007c,https://apps.apple.com/us/app/medium-read-write-stories/id828256236?uo=4
MEDizzy - Medical Exam Prep,com.medizzy.MEDizzy,ios,MEDizzy LTD,Medical,Medical | Education,689ed454507e92fe6f3de6f2,https://apps.apple.com/us/app/medizzy-medical-exam-prep/id1152971881?uo=4
Medly,com.medlylabs.medly,ios,Medly Labs Inc.,Music,Music | Productivity,689ed292507e92fe6f3de310,https://apps.apple.com/us/app/medly/id940268124?uo=4
Medscape,com.medscape.mobile,ios,WebMD,Medical,Medical | Health & Fitness,689ed9fb507e92fe6f3df385,https://apps.apple.com/us/app/medscape/id321367289?uo=4
Meertz - WORLD OF TIME,com.pms-software.Meertz,ios,Ralf Meertz,Shopping,Shopping | Lifestyle,68a620b758c742477c1281b8,https://apps.apple.com/us/app/meertz-world-of-time/id536103439?uo=4
Meet Mobile: Swim,com.active.meetmobile,ios,"Active Network, LLC",Sports,Sports | News,689ed7d0507e92fe6f3deea7,https://apps.apple.com/us/app/meet-mobile-swim/id422154977?uo=4
Meetix - Group Live Video Chat,com.andreizubarev.meetix,ios,Andrei Zubarev,Social Networking,Social Networking | Lifestyle,689ed080507e92fe6f3ddeb6,https://apps.apple.com/us/app/meetix-group-live-video-chat/id1451575526?uo=4
MEGA,mega.ios,ios,Mega Limited,Productivity,Productivity | Business,689edfc6507e92fe6f3dffbb,https://apps.apple.com/us/app/mega/id706857885?uo=4
MeloShort-Stream Movies&Dramas,com.novel.romance,ios,婷婷 乔,Book,Books,689eda9d507e92fe6f3df4e3,https://apps.apple.com/us/app/meloshort-stream-movies-dramas/id1552127129?uo=4
Mematic - The Meme Maker,com.trilliarden.mematic,ios,Theodor Mueller,Graphics & Design,Graphics & Design | Photo & Video,689ed6b4507e92fe6f3dec34,https://apps.apple.com/us/app/mematic-the-meme-maker/id491076730?uo=4
Meme Soundboard 2016-2025,com.andanylo.Meme-Soundbar,ios,Danylo Andriushchenko,Entertainment,Entertainment,68a6210158c742477c128235,https://apps.apple.com/us/app/meme-soundboard-2016-2025/id1347840679?uo=4
Memorado (GEIST): Brain & Mind,com.memorado.app,ios,"Kodeon, Inc.",Education,Education | Health & Fitness,689ed71b507e92fe6f3ded26,https://apps.apple.com/us/app/memorado-geist-brain-mind/id897062509?uo=4
Memory Race: Train your memory,com.23dprojectInc..MemoryRace,ios,Zenetia IT Solutions,Games,Games | Card | Family | Education,68a6449a8846becd3f905c0c,https://apps.apple.com/us/app/memory-race-train-your-memory/id1594275732?uo=4
Memrise Easy Language Learning,com.memrise.ios.memrisecompanion,ios,Memrise Limited,Education,Education | Travel,689ed6d4507e92fe6f3dec76,https://apps.apple.com/us/app/memrise-easy-language-learning/id635966718?uo=4
Mental Health Tests,org.minddiagnostics.MentalHealthTests,ios,"Mind Diagnostics, Inc.",Medical,Medical | Health & Fitness,689edc20507e92fe6f3df7fd,https://apps.apple.com/us/app/mental-health-tests/id1276818064?uo=4
Merge Museum: Art & History,com.pixodust.games.merge.museum.puzzle.game,ios,Pixo Games,Games,Games | Entertainment | Casual | Puzzle,689edae6507e92fe6f3df587,https://apps.apple.com/us/app/merge-museum-art-history/id6670576427?uo=4
Merlin Bird ID by Cornell Lab,edu.cornell.birds.merlin,ios,Cornell University,Reference,Reference | Lifestyle,689ed1a6507e92fe6f3de146,https://apps.apple.com/us/app/merlin-bird-id-by-cornell-lab/id773457673?uo=4
Merriam-Webster Dictionary,com.m-w.dictionary,ios,"Merriam-Webster, Inc.",Reference,Reference | Books,68a6208458c742477c12814b,https://apps.apple.com/us/app/merriam-webster-dictionary/id399452287?uo=4
Merry Christmas Wallpaper.s HD,com.umang.christmasWallCards,ios,UmangKumar Gajera,Shopping,Shopping | Entertainment,689ed72b507e92fe6f3ded47,https://apps.apple.com/us/app/merry-christmas-wallpaper-s-hd/id1183235120?uo=4
Mesmerize - Visual Meditation,com.rockwellventures.mesmerize,ios,Rockwell Ventures,Health & Fitness,Health & Fitness | Lifestyle,689edef4507e92fe6f3dfdd7,https://apps.apple.com/us/app/mesmerize-visual-meditation/id1461517107?uo=4
Mesonet,edu.ou.mesonet.MesonetApp,ios,Oklahoma Mesonet,Weather,Weather | Education,689ed262507e92fe6f3de2a7,https://apps.apple.com/us/app/mesonet/id496016437?uo=4
Messenger,com.facebook.Messenger,ios,"Meta Platforms, Inc.",Social Networking,Social Networking | Productivity,689ed970507e92fe6f3df250,https://apps.apple.com/us/app/messenger/id454638411?uo=4
Messenger Duo for WhatsApp,com.oliver.SpeechToText,ios,BEST SOCIAL APPS DEVELOPMENT LTD,Social Networking,Social Networking | Utilities,689ed5ab507e92fe6f3dea02,https://apps.apple.com/us/app/messenger-duo-for-whatsapp/id1312424138?uo=4
MessengerX App,com.messengerx,ios,"Messenger International, Inc",Reference,Reference | Lifestyle,689edc97507e92fe6f3df8ec,https://apps.apple.com/us/app/messengerx-app/id1530098687?uo=4
Metal Guns Fury : beat em up,net.playtouch.metalgunsfurybeu,ios,PLAYTOUCH,Games,Games | Entertainment | Casual | Action,689ed478507e92fe6f3de747,https://apps.apple.com/us/app/metal-guns-fury-beat-em-up/id1459067806?uo=4
Meteored - Weather Radar,ios.aplicacion.tiempo-com,ios,"Alpred, S.L.",Weather,Weather | News,68a620f358c742477c128223,https://apps.apple.com/us/app/meteored-weather-radar/id543364901?uo=4
meterUP Parking,us.parkmobile.meterUP,ios,"Parkmobile USA, Inc.",Navigation,Navigation | Travel,689ed5b7507e92fe6f3dea0f,https://apps.apple.com/us/app/meterup-parking/id1300716394?uo=4
Metric Conversion tool,com.wighthat.metricconversion,ios,Wight Hat,Reference,Reference | Education,689edaf9507e92fe6f3df5b2,https://apps.apple.com/us/app/metric-conversion-tool/id1439430070?uo=4
Metronome Pro - Beat & Tempo,com.mwm.metronome,ios,MWM,Music,Music,689edc67507e92fe6f3df88d,https://apps.apple.com/us/app/metronome-pro-beat-tempo/id1439767245?uo=4
Michigan State Police,gov.michigan.msp.michiganstatepolice,ios,"State of Michigan - Department of Technology, Management and Budget",News,News | Reference,689ede8e507e92fe6f3dfcf3,https://apps.apple.com/us/app/michigan-state-police/id1380756320?uo=4
Microsoft Bing Search,com.microsoft.bing,ios,Microsoft Corporation,Productivity,Productivity | Utilities,689ed67d507e92fe6f3debc2,https://apps.apple.com/us/app/microsoft-bing-search/id345323231?uo=4
Microsoft Edge: AI Browser,com.microsoft.msedge,ios,Microsoft Corporation,Utilities,Utilities | Productivity,689edbe1507e92fe6f3df776,https://apps.apple.com/us/app/microsoft-edge-ai-browser/id1288723196?uo=4
Microsoft Excel,com.microsoft.Office.Excel,ios,Microsoft Corporation,Productivity,Productivity,689ed497507e92fe6f3de78a,https://apps.apple.com/us/app/microsoft-excel/id586683407?uo=4
Microsoft OneNote,com.microsoft.onenote,ios,Microsoft Corporation,Productivity,Productivity | Education,689ede3f507e92fe6f3dfc53,https://apps.apple.com/us/app/microsoft-onenote/id410395246?uo=4
Microsoft Outlook,com.microsoft.Office.Outlook,ios,Microsoft Corporation,Productivity,Productivity | Business,689edf37507e92fe6f3dfe6e,https://apps.apple.com/us/app/microsoft-outlook/id951937596?uo=4
Microsoft PowerPoint,com.microsoft.Office.Powerpoint,ios,Microsoft Corporation,Productivity,Productivity,689ed4b9507e92fe6f3de7d5,https://apps.apple.com/us/app/microsoft-powerpoint/id586449534?uo=4
Microsoft Teams,com.microsoft.skype.teams,ios,Microsoft Corporation,Business,Business | Productivity,689ed375507e92fe6f3de501,https://apps.apple.com/us/app/microsoft-teams/id1113153706?uo=4
Microsoft To Do,com.microsoft.to-do,ios,Microsoft Corporation,Productivity,Productivity,68a6207458c742477c12812b,https://apps.apple.com/us/app/microsoft-to-do/id1212616790?uo=4
Microsoft Word,com.microsoft.Office.Word,ios,Microsoft Corporation,Productivity,Productivity,689ed142507e92fe6f3de065,https://apps.apple.com/us/app/microsoft-word/id586447913?uo=4
Miele app – Smart Home,de.miele.Mieleatmobile,ios,Miele & Cie. KG,Lifestyle,Lifestyle | Utilities,689edcaf507e92fe6f3df932,https://apps.apple.com/us/app/miele-app-smart-home/id930406907?uo=4
Miga Town: My School,com.miga.myschool,ios,"XiHe Digital (GuangZhou) Technology Co., Ltd",Education,Education,689ed5b8507e92fe6f3dea14,https://apps.apple.com/us/app/miga-town-my-school/id1454909046?uo=4
Mighty Networks,com.mightybell.mightybell,ios,Mighty Networks,Social Networking,Social Networking | Lifestyle,689ed38a507e92fe6f3de546,https://apps.apple.com/us/app/mighty-networks/id1081683081?uo=4
Migraine Buddy: Track Headache,com.healint.MigraineBuddy,ios,Voluntis,Medical,Medical | Health & Fitness,689edf4b507e92fe6f3dfeaf,https://apps.apple.com/us/app/migraine-buddy-track-headache/id975074413?uo=4
Mileage Tracker by Everlance,com.everlance.everlance,ios,Everlance Inc.,Finance,Finance | Business,689ed92a507e92fe6f3df1b7,https://apps.apple.com/us/app/mileage-tracker-by-everlance/id985378916?uo=4
Miles & More,com.milesandmore.iphone,ios,Miles & More GmbH,Travel,Travel | Business,689edae2507e92fe6f3df571,https://apps.apple.com/us/app/miles-more/id512571708?uo=4
Milk Time - Timer for nursing,com.mocology.milktime,ios,Mocology,Medical,Medical | Health & Fitness,689eda5b507e92fe6f3df454,https://apps.apple.com/us/app/milk-time-timer-for-nursing/id1092964544?uo=4
Mindbody: Fitness & Wellness,com.mindbodyonline.connect,ios,MINDBODY Inc.,Health & Fitness,Health & Fitness | Lifestyle,689eda6d507e92fe6f3df483,https://apps.apple.com/us/app/mindbody-fitness-wellness/id689501356?uo=4
MindDoc: Mental Health Support,de.moodpath.ios,ios,MindDoc Health GmbH,Health & Fitness,Health & Fitness | Medical,689ed3a8507e92fe6f3de57e,https://apps.apple.com/us/app/minddoc-mental-health-support/id1052216403?uo=4
Mindfulness Coach,gov.va.mobilehealth.ncptsd.mindfulness,ios,US Department of Veterans Affairs (VA),Health & Fitness,Health & Fitness | Medical,689edec3507e92fe6f3dfd70,https://apps.apple.com/us/app/mindfulness-coach/id804284729?uo=4
MindLine Mind Map,czh.mindnode,ios,"Shenzhen Brown Bear Technology Co., LTD",Productivity,Productivity | Utilities,689ed0ce507e92fe6f3ddf60,https://apps.apple.com/us/app/mindline-mind-map/id1025462912?uo=4
MindSpa.com Sound Therapy,com.synctuition.synctuition,ios,Synctuition OÜ,Health & Fitness,Health & Fitness | Entertainment,689ed9f8507e92fe6f3df377,https://apps.apple.com/us/app/mindspa-com-sound-therapy/id1166940722?uo=4
Mindvalley: Self Improvement,com.mindvalley.mvacademy,ios,Mindvalley Inc,Education,Education | Health & Fitness,689ed72a507e92fe6f3ded3f,https://apps.apple.com/us/app/mindvalley-self-improvement/id1108786610?uo=4
Ministry of Justice (MOJ),com.timeline.mojmobile.ae,ios,Ministry of Justice UAE,Business,Business | Utilities,689ed285507e92fe6f3de2fa,https://apps.apple.com/us/app/ministry-of-justice-moj/id1163580188?uo=4
Mix Makeup & Pop it into Slime,slime.makeup.games,ios,Pink Slime,Entertainment,Entertainment | Health & Fitness,689edbce507e92fe6f3df746,https://apps.apple.com/us/app/mix-makeup-pop-it-into-slime/id1611124134?uo=4
Mixtiles · Tiles & Photo Books,com.aparat.mixtiles,ios,Mixtiles Ltd,Photo & Video,Photo & Video | Graphics & Design,689edabe507e92fe6f3df523,https://apps.apple.com/us/app/mixtiles-tiles-photo-books/id583099157?uo=4
MobiOffice docs & PDF editor,com.mobisystems.OfficeSuiteFree2,ios,"MobiSystems, Inc.",Business,Business | Productivity,689ed0d0507e92fe6f3ddf6a,https://apps.apple.com/us/app/mobioffice-docs-pdf-editor/id924005506?uo=4
MockMoji:Custom Emoji &Kaomoji,com.yvteam.cycd,ios,玉伶 杨,Reference,Reference | Social Networking,689ed5ea507e92fe6f3dea83,https://apps.apple.com/us/app/mockmoji-custom-emoji-kaomoji/id1472926093?uo=4
Modanisa: Online Fashion Shop,com.modanisa.iPhone,ios,Modanisa.com,Shopping,Shopping | Lifestyle,689ed2d4507e92fe6f3de3a6,https://apps.apple.com/us/app/modanisa-online-fashion-shop/id909302093?uo=4
Model Society - Nude Fine Art,com.1470942914.12021470942914,ios,David Bollt,Magazines & Newspapers,Magazines & Newspapers | Photo & Video,689ed196507e92fe6f3de127,https://apps.apple.com/us/app/model-society-nude-fine-art/id1143224567?uo=4
Moises: The Musician's App,ai.moises,ios,"Moises Systems, Inc",Music,Music | Productivity,689ed7c1507e92fe6f3dee8d,https://apps.apple.com/us/app/moises-the-musicians-app/id1515796612?uo=4
monday.com - Work Platform,com.monday.monday,ios,monday.com Ltd.,Business,Business | Productivity,689ed334507e92fe6f3de478,https://apps.apple.com/us/app/monday-com-work-platform/id1290128888?uo=4
Monefy: Money Tracker,com.monefyapp.monefy,ios,Reflective Technologies ApS,Finance,Finance | Productivity,689ed385507e92fe6f3de527,https://apps.apple.com/us/app/monefy-money-tracker/id1212024409?uo=4
Money converter - Currency,com.olivier.currencyFree,ios,oWorld Software,Travel,Travel | Finance,689ed95d507e92fe6f3df21f,https://apps.apple.com/us/app/money-converter-currency/id380877896?uo=4
Monkey Ropes,com.playsidestudios.monkeyropes,ios,PlaySide,Games,Games | Casual | Adventure,689ed376507e92fe6f3de50d,https://apps.apple.com/us/app/monkey-ropes/id1240674439?uo=4
Monogram Wallpapers & Pattern,com.umag.monogramWallpaper,ios,UmangKumar Gajera,Photo & Video,Photo & Video | Entertainment,689edf18507e92fe6f3dfe31,https://apps.apple.com/us/app/monogram-wallpapers-pattern/id1197285499?uo=4
MONOPOLY Poker - Texas Holdem,com.youdagames.monopolypoker,ios,Playtika LTD,Games,Games | Casino | Card | Entertainment,689ed6f4507e92fe6f3decba,https://apps.apple.com/us/app/monopoly-poker-texas-holdem/id1448884851?uo=4
Monster Math 2: Kids Math Game,com.makkajai.monstermath2free,ios,Makkajai Edu Tech Private Limited,Education,Education | Lifestyle,689ed0ef507e92fe6f3ddfa7,https://apps.apple.com/us/app/monster-math-2-kids-math-game/id1025450732?uo=4
Monster Smart App,com.monster.smart,ios,Monster Inc.,Utilities,Utilities | Lifestyle,689ed09d507e92fe6f3ddeea,https://apps.apple.com/us/app/monster-smart-app/id1447483342?uo=4
"Montessori Preschool, Kids 3-7",com.edokicademy.montessoriacademy,ios,EDOKI ACADEMY,Education,Education,689ed2f7507e92fe6f3de3fc,https://apps.apple.com/us/app/montessori-preschool-kids-3-7/id1138436619?uo=4
Moodnotes - Mood Tracker,com.thriveport.moodnotes,ios,Mosaic S.r.l.,Health & Fitness,Health & Fitness | Lifestyle,689edb20507e92fe6f3df5fa,https://apps.apple.com/us/app/moodnotes-mood-tracker/id1019230398?uo=4
Moon Phases and Lunar Calendar,com.kineticstars.Moon,ios,Kinetic Stars,Weather,Weather | Utilities,689ed356507e92fe6f3de4c7,https://apps.apple.com/us/app/moon-phases-and-lunar-calendar/id1126370589?uo=4
MoonX: Moon Calendar,by.olion.Moon,ios,Vibes LLC,Weather,Weather | Lifestyle,689ed81c507e92fe6f3def64,https://apps.apple.com/us/app/moonx-moon-calendar/id1454249438?uo=4
Moose Math - Duck Duck Moose,com.duckduckmoosedesign.km,ios,Duck Duck Moose LLC,Education,Education | Family | Games,689ed576507e92fe6f3de987,https://apps.apple.com/us/app/moose-math-duck-duck-moose/id660345152?uo=4
MORECAST Weather App,com.morecast.weather,ios,UBIMET,Weather,Weather | Utilities,689ede0a507e92fe6f3dfbc8,https://apps.apple.com/us/app/morecast-weather-app/id942413257?uo=4
Morrisons Crossgar,uk.co.morrisonscrossgar.app,ios,Maoliosa Ross,Food & Drink,Food & Drink | Lifestyle,689edef5507e92fe6f3dfddd,https://apps.apple.com/us/app/morrisons-crossgar/id6474246245?uo=4
Mother Jones,com.magzter.motherjones,ios,Magzter Inc.,News,News | Magazines & Newspapers,689ed22d507e92fe6f3de21f,https://apps.apple.com/us/app/mother-jones/id1116910496?uo=4
Motivation - Daily quotes,com.MonkeyTaps.Motivation,ios,Monkey Taps,Health & Fitness,Health & Fitness | Lifestyle,689ed2a0507e92fe6f3de328,https://apps.apple.com/us/app/motivation-daily-quotes/id876080126?uo=4
Motivation Quotes Widget,com.refero.motivation,ios,Refero S.A.,Utilities,Utilities | Health & Fitness,689edb9a507e92fe6f3df6db,https://apps.apple.com/us/app/motivation-quotes-widget/id1486600978?uo=4
Movie Quotes Trivia Quiz,com.vgcentral.moviequotestriviaquiz,ios,Vinat Gautam,Games,Games | Trivia,689ed12f507e92fe6f3de033,https://apps.apple.com/us/app/movie-quotes-trivia-quiz/id6444184505?uo=4
MP3 Audiobook Player,com.biomsoft.mp3audiobookplayerfree,ios,Oleg Brailean,Book,Books | Entertainment,689edbff507e92fe6f3df7af,https://apps.apple.com/us/app/mp3-audiobook-player/id891797540?uo=4
MP3 Converter -Audio Extractor,com.hemin.mp42mp3,ios,妍 岳,Music,Music,689edfda507e92fe6f3dffc1,https://apps.apple.com/us/app/mp3-converter-audio-extractor/id1305099161?uo=4
mScorecard - Golf Scorecard,com.velocor.mScorecard,ios,Velocor,Sports,Sports | Health & Fitness,689ed49a507e92fe6f3de797,https://apps.apple.com/us/app/mscorecard-golf-scorecard/id636983375?uo=4
MT Health Entitlement,mt.gov.mthealthentitlement,ios,Malta Information Technology Agency,Productivity,Productivity,689edec4507e92fe6f3dfd73,https://apps.apple.com/us/app/mt-health-entitlement/id1484040111?uo=4
Muse's Mystery & Logic Puzzle,com.escape.adventure.muse,ios,ARPAplus,Games,Games | Adventure | Puzzle | Entertainment,689ed5d8507e92fe6f3dea54,https://apps.apple.com/us/app/muses-mystery-logic-puzzle/id1557831262?uo=4
MuseScore: sheet music,com.musescore.player,ios,MuseScore BVBA,Music,Music | Education,689edda6507e92fe6f3dfaea,https://apps.apple.com/us/app/musescore-sheet-music/id835731296?uo=4
Music Downloader / MP3 Player,free.music.downloader,ios,Aktis Inc,Music,Music | Entertainment,689ed92a507e92fe6f3df1b5,https://apps.apple.com/us/app/music-downloader-mp3-player/id1447312762?uo=4
Music Maker JAM,com.magixaudio.ios.mumajam,ios,Loudly GmbH,Music,Music | Entertainment,689ed77f507e92fe6f3dee05,https://apps.apple.com/us/app/music-maker-jam/id880929886?uo=4
Music Player ‣,com.dylancompanjen.musio,ios,Companjen Apps B.V.,Music,Music | Entertainment,689ede83507e92fe6f3dfce9,https://apps.apple.com/us/app/music-player/id1404011371?uo=4
Music X - Best music streaming,com.hungvan.freemusic,ios,Hung Van,Music,Music | Entertainment,689ee047507e92fe6f3e0084,https://apps.apple.com/us/app/music-x-best-music-streaming/id1110273623?uo=4
Musicnotes: Sheet Music Player,com.musicnotes.xamarin.ios,ios,Musicnotes,Music,Music | Education,689eda6d507e92fe6f3df481,https://apps.apple.com/us/app/musicnotes-sheet-music-player/id924050984?uo=4
MusicReader,leone.MusicReader5,ios,Leoné MusicReader B.V.,Music,Music | Education,689ed9a0507e92fe6f3df2b7,https://apps.apple.com/us/app/musicreader/id1462173924?uo=4
MusicToRingtone,com.bostonbanana.MusicToRingtone,ios,Thomas Yoon,Music,Music | Utilities,689edc66507e92fe6f3df888,https://apps.apple.com/us/app/musictoringtone/id1490766352?uo=4
Musixmatch Lyrics Finder,com.musixmatch.lyrics,ios,musiXmatch srl,Music,Music | Education,689ed982507e92fe6f3df27d,https://apps.apple.com/us/app/musixmatch-lyrics-finder/id448278467?uo=4
Muvt,net.pluservice.muvt,ios,Pluservice.net,Utilities,Utilities,689ed112507e92fe6f3ddfff,https://apps.apple.com/us/app/muvt/id1456106022?uo=4
My Altitude: GPS Altimeter,product.gaurav.hikerTravelAltimeter,ios,Gaurav Babbar,Navigation,Navigation | Utilities,689ed88c507e92fe6f3df055,https://apps.apple.com/us/app/my-altitude-gps-altimeter/id1295577015?uo=4
My Aurora Forecast & Alerts,com.jrustonapps.My-Aurora-Forecast,ios,JRustonApps B.V.,Weather,Weather | Travel,68a6209658c742477c128173,https://apps.apple.com/us/app/my-aurora-forecast-alerts/id1073082439?uo=4
My Block Puzzle,com.block.wood.addictive.puzzle,ios,Fastone Games,Games,Games | Puzzle,689ed39a507e92fe6f3de568,https://apps.apple.com/us/app/my-block-puzzle/id1479855810?uo=4
My Book List - Library Manager,com.giacomoballi.MyBookList,ios,BigBalli Consulting llc,Shopping,Shopping | Books,689ed6e6507e92fe6f3deca4,https://apps.apple.com/us/app/my-book-list-library-manager/id443391908?uo=4
My Books – Unlimited Library,com.spreadsong.freebooks.ipad,ios,Digital Press Publishing,Book,Books | Education,689ed7e3507e92fe6f3deeda,https://apps.apple.com/us/app/my-books-unlimited-library/id364612911?uo=4
My Cafe — Restaurant Game,com.Melesta.MyCafe,ios,Melsoft,Games,Games | Simulation | Entertainment | Role Playing,689ed170507e92fe6f3de0c5,https://apps.apple.com/us/app/my-cafe-restaurant-game/id1068204657?uo=4
My Currency Converter & Rates,com.jrustonapps.mycurrencyconverter,ios,JRustonApps B.V.,Travel,Travel | Finance,689edee8507e92fe6f3dfdca,https://apps.apple.com/us/app/my-currency-converter-rates/id549019596?uo=4
My Diet Coach - Weight Loss,com.inspiredapp.mydietcoach,ios,Mosaic S.r.l.,Health & Fitness,Health & Fitness | Lifestyle,689ed9f5507e92fe6f3df36c,https://apps.apple.com/us/app/my-diet-coach-weight-loss/id552341639?uo=4
My Epic: Skiing & Snowboarding,com.vail.EpicMix,ios,The Vail Corporation,Sports,Sports | Social Networking,689ed07c507e92fe6f3dde9e,https://apps.apple.com/us/app/my-epic-skiing-snowboarding/id395375487?uo=4
My Fare,com.justride.calgary,ios,The City of Calgary,Travel,Travel | Utilities,689ed294507e92fe6f3de31b,https://apps.apple.com/us/app/my-fare/id1469349669?uo=4
My Home Makeover: Dream Design,com.holycowstudio.myhomemakeoverdesigndreamsdecorate,ios,Romit Dodhia,Games,Games | Entertainment | Puzzle | Role Playing,689ed317507e92fe6f3de442,https://apps.apple.com/us/app/my-home-makeover-dream-design/id1481534752?uo=4
My Hurricane Tracker & Alerts,com.jrustonapps.My-Hurricane-Tracker,ios,JRustonApps B.V.,Weather,Weather | News,68a6207558c742477c128131,https://apps.apple.com/us/app/my-hurricane-tracker-alerts/id1020486515?uo=4
MY MAPCO,com.mapcoexpress.mymapco,ios,"MAPCO Express, Inc.",Navigation,Navigation | Travel,689ed0fd507e92fe6f3ddfc2,https://apps.apple.com/us/app/my-mapco/id659720475?uo=4
My MGA,com.advancedmobile.mgagolf,ios,Metropolitan Golf Association,Sports,Sports | Entertainment,689ed396507e92fe6f3de550,https://apps.apple.com/us/app/my-mga/id457991465?uo=4
My Movies & TV Shows Watchlist,VKH.My-Movie,ios,Vlad Khodiachiy,Entertainment,Entertainment | Reference,68a6218e58c742477c128349,https://apps.apple.com/us/app/my-movies-tv-shows-watchlist/id1269554291?uo=4
My Oasis: Anxiety Relief Game,com.buffstudio.myoasis,ios,"June Inter Co., Ltd.",Games,Games | Family | Health & Fitness | Simulation,689edf28507e92fe6f3dfe55,https://apps.apple.com/us/app/my-oasis-anxiety-relief-game/id1247889896?uo=4
My Singing Monsters DawnOfFire,com.bigbluebubble.msm2,ios,Big Blue Bubble,Games,Games | Simulation | Music,689ed85f507e92fe6f3deffe,https://apps.apple.com/us/app/my-singing-monsters-dawnoffire/id1010739052?uo=4
My Study Life - School Planner,com.mystudylife.app,ios,"My Study Life, Ltd.",Education,Education | Productivity,689edaf9507e92fe6f3df5b4,https://apps.apple.com/us/app/my-study-life-school-planner/id910639339?uo=4
My Very Hungry Caterpillar,com.storytoys.myveryhungrycaterpillar.free.ios,ios,StoryToys Limited,Education,Education | Entertainment,689ed650507e92fe6f3deb5b,https://apps.apple.com/us/app/my-very-hungry-caterpillar/id978304432?uo=4
My Yoga Planner,com.yogaplanner,ios,rooswelt,Health & Fitness,Health & Fitness | Productivity,689ed73c507e92fe6f3ded6b,https://apps.apple.com/us/app/my-yoga-planner/id1510194727?uo=4
My-EOP,com.gcckc.My-EOP,ios,Guest Communications Corporation,Reference,Reference,68a6209258c742477c12815d,https://apps.apple.com/us/app/my-eop/id818004891?uo=4
myAlerts,com.AlertSense.PublicApp,ios,"Konexus, Inc",News,News | Weather,689ed376507e92fe6f3de50b,https://apps.apple.com/us/app/myalerts/id1102847004?uo=4
myConvert Lite,com.luaye.myconvertlite,ios,Lu A Oo,Reference,Reference | Productivity,689edf47507e92fe6f3dfe97,https://apps.apple.com/us/app/myconvert-lite/id324520054?uo=4
MyDyson™,com.dyson.dysonlink,ios,Dyson Inc.,Lifestyle,Lifestyle | Utilities,689ed47a507e92fe6f3de754,https://apps.apple.com/us/app/mydyson/id993135524?uo=4
MyFitnessPal: Calorie Counter,com.myfitnesspal.mfp,ios,"MyFitnessPal, Inc.",Health & Fitness,Health & Fitness | Food & Drink,689ed111507e92fe6f3ddff9,https://apps.apple.com/us/app/myfitnesspal-calorie-counter/id341232718?uo=4
MyHealth Records,ca.alberta.myhealthrecords,ios,The Government of Alberta,Medical,Medical | Health & Fitness,689edb43507e92fe6f3df622,https://apps.apple.com/us/app/myhealth-records/id1545953662?uo=4
myHomework Student Planner,com.rigoneri.myhomework,ios,Rodrigo Neri,Education,Education | Productivity,689ed46a507e92fe6f3de731,https://apps.apple.com/us/app/myhomework-student-planner/id303490844?uo=4
MyMixtapez: Playlists 24/7,com.mymixtapez.ios,ios,My Mixtapez,Music,Music | Entertainment,689ed1ec507e92fe6f3de187,https://apps.apple.com/us/app/mymixtapez-playlists-24-7/id525781368?uo=4
MyNavy Family,mil.navy.mynavyfamily,ios,"Program Executive Office for Enterprise Information Systems, Sea Warrior Program",Reference,Reference,689ed9a2507e92fe6f3df2c3,https://apps.apple.com/us/app/mynavy-family/id1453442455?uo=4
MyNM by Northwestern Medicine,org.nm.mobile.myNM,ios,Northwestern Medicine,Medical,Medical | Health & Fitness,689ed144507e92fe6f3de06e,https://apps.apple.com/us/app/mynm-by-northwestern-medicine/id1442290209?uo=4
myPhonak,com.sonova.phonak.dsapp,ios,Sonova AG,Medical,Medical | Health & Fitness,689ed184507e92fe6f3de0f8,https://apps.apple.com/us/app/myphonak/id1332662924?uo=4
myQ Garage & Access Control,com.myliftmaster.myq,ios,"The Chamberlain Group, Inc.",Lifestyle,Lifestyle | Utilities,689edbcb507e92fe6f3df737,https://apps.apple.com/us/app/myq-garage-access-control/id456282559?uo=4
MyRadar Accurate Weather Radar,com.fboweb.MyRadar,ios,"Aviation Data Systems, Inc",Weather,Weather | Navigation,689ed86e507e92fe6f3df01b,https://apps.apple.com/us/app/myradar-accurate-weather-radar/id322439990?uo=4
"MySchoolManager, Schoolplanner",com.luca.MySchoolManager,ios,Luca Blume,Education,Education | Productivity,689ed202507e92fe6f3de1cc,https://apps.apple.com/us/app/myschoolmanager-schoolplanner/id1545121672?uo=4
mySugr - Diabetes Tracker Log,com.mysugr.companion.mySugr,ios,mySugr GmbH,Medical,Medical | Health & Fitness,689ee016507e92fe6f3e0019,https://apps.apple.com/us/app/mysugr-diabetes-tracker-log/id516509211?uo=4
MyTax Toolkit,mt.gov.mytaxtoolkit,ios,Malta Information Technology Agency,Finance,Finance,689ed349507e92fe6f3de4b4,https://apps.apple.com/us/app/mytax-toolkit/id1171365852?uo=4
MyTSA,com.sapientgs.TSA,ios,Transportation Security Administration,Travel,Travel | Reference,689edef7507e92fe6f3dfde9,https://apps.apple.com/us/app/mytsa/id380200364?uo=4
myWeather - Live Local Weather,com.doapps.myWeather,ios,"doapp, inc",Weather,Weather | News,689ed171507e92fe6f3de0c7,https://apps.apple.com/us/app/myweather-live-local-weather/id624566209?uo=4
n+otes,com.rieu.mininote,ios,RIEU Limited,Productivity,Productivity | Education,689edc98507e92fe6f3df8ee,https://apps.apple.com/us/app/n-otes/id596895960?uo=4
Nail Salon 3D,com.tintash.nailsalon,ios,Lion Studios,Games,Games | Casual | Family,689ed6af507e92fe6f3dec1e,https://apps.apple.com/us/app/nail-salon-3d/id1523081624?uo=4
NALC Member App,com.mobomo.nalc,ios,National Association of Letter Carriers,Reference,Reference | News,689ede3a507e92fe6f3dfc31,https://apps.apple.com/us/app/nalc-member-app/id1096503301?uo=4
Namaz App: Learn Salah Prayer,com.nurios.namazapp,ios,Nursultan Askarbekuly,Reference,Reference | Education,689edb67507e92fe6f3df671,https://apps.apple.com/us/app/namaz-app-learn-salah-prayer/id1447056625?uo=4
Nation of Islam,com.goodbarber.thenation,ios,"Final Call, Inc",Reference,Reference,689ed25f507e92fe6f3de290,https://apps.apple.com/us/app/nation-of-islam/id1082701263?uo=4
National Geographic DE,com.audiencemedia.app2999,ios,Selbermachen Media GmbH,Education,Education | Magazines & Newspapers,689ed0db507e92fe6f3ddf71,https://apps.apple.com/us/app/national-geographic-de/id1149267895?uo=4
National Park Trail Guide,com.adventureprojects.npproject,ios,Adventure Projects Inc.,Travel,Travel | Sports,689ed52e507e92fe6f3de8de,https://apps.apple.com/us/app/national-park-trail-guide/id1031987936?uo=4
National Weather,com.liteweather.usweatherinfo,ios,Mende App Inc.,Weather,Weather | Utilities,689edc01507e92fe6f3df7bb,https://apps.apple.com/us/app/national-weather/id436760574?uo=4
Native Land,ca.native-land.NativeLand,ios,Victor Gerard Temprano,Education,Education | Reference,68a6207758c742477c128139,https://apps.apple.com/us/app/native-land/id1194356597?uo=4
NaturalReader - Text To Speech,com.naturalsoft.personalweb,ios,NaturalSoft Limited,Productivity,Productivity | Education,689ed3ab507e92fe6f3de591,https://apps.apple.com/us/app/naturalreader-text-to-speech/id1487572960?uo=4
"Nautide: Tides, Wind, Waves +",com.nautide.app,ios,Igoox,Weather,Weather | Sports,689ed96d507e92fe6f3df23d,https://apps.apple.com/us/app/nautide-tides-wind-waves/id1413108902?uo=4
NAVER Dictionary,com.nhncorp.naverdicapp,ios,NAVER Corp.,Education,Education | Reference,689ed76a507e92fe6f3dedc9,https://apps.apple.com/us/app/naver-dictionary/id673085116?uo=4
"NAVER Map, Navigation",com.nhncorp.NaverMap,ios,NAVER Corp.,Navigation,Navigation | Travel,689ed561507e92fe6f3de94b,https://apps.apple.com/us/app/naver-map-navigation/id311867728?uo=4
Naver Papago - AI Translator,com.naver.papago,ios,NAVER Corp.,Reference,Reference,689ed6b1507e92fe6f3dec24,https://apps.apple.com/us/app/naver-papago-ai-translator/id1147874819?uo=4
NavLink HD,com.electricpocket.seanav.zz.dy,ios,DigitalYacht Ltd.,Navigation,Navigation | Sports,689edf9b507e92fe6f3dff5a,https://apps.apple.com/us/app/navlink-hd/id1183848518?uo=4
Navy COOL,com.tracen.navycool,ios,"Program Executive Office for Enterprise Information Systems, Sea Warrior Program",Reference,Reference | Education,689edf6a507e92fe6f3dfeef,https://apps.apple.com/us/app/navy-cool/id1053982994?uo=4
Nayomi | نعومي,prototype.nayomi.app,ios,Jamjoom Fashion Trading LLC,Lifestyle,Lifestyle | Shopping,689ed66b507e92fe6f3deba2,https://apps.apple.com/us/app/nayomi-%D9%86%D8%B9%D9%88%D9%85%D9%8A/id965168348?uo=4
NDRoads,gov.nd.dot.travelmap,ios,North Dakota Dept. of Transportation,Travel,Travel | Weather,689edd7a507e92fe6f3dfac0,https://apps.apple.com/us/app/ndroads/id691414078?uo=4
Nearpod,com.panareadigital.NearpodTeacher,ios,Nearpod,Education,Education | Productivity,689ed1fd507e92fe6f3de1b1,https://apps.apple.com/us/app/nearpod/id523540409?uo=4
Nespresso,com.nespresso.nespresso,ios,Nestle Nespresso SA,Food & Drink,Food & Drink | Lifestyle,689ede19507e92fe6f3dfbe8,https://apps.apple.com/us/app/nespresso/id342879434?uo=4
Netflix,com.netflix.Netflix,ios,"Netflix, Inc.",Entertainment,Entertainment | Lifestyle,68affec858bdd35153848ff4,https://apps.apple.com/us/app/netflix/id363590051?uo=4
Netipc,com.SZYXZUSA.iOS,ios,Jianhua Zou,Developer Tools,Developer Tools,689ed0fd507e92fe6f3ddfc0,https://apps.apple.com/us/app/netipc/id1526605680?uo=4
NeuroNation - Brain Training,nn.mobile.app.main,ios,Synaptikon GmbH,Education,Education | Health & Fitness,689ed353507e92fe6f3de4b6,https://apps.apple.com/us/app/neuronation-brain-training/id821549680?uo=4
New International Version,com.softtechno.nivbibleipadiphone,ios,RAVINDHIRAN SUMITHRA,Book,Books | Reference,689edb36507e92fe6f3df613,https://apps.apple.com/us/app/new-international-version/id988481891?uo=4
New Internationalist,au.com.newint.New-Internationalist-Magazine-Australia,ios,New Internationalist Australia,Magazines & Newspapers,Magazines & Newspapers | News,68a620e358c742477c128201,https://apps.apple.com/us/app/new-internationalist/id711254931?uo=4
New York Public Library (NYPL),com.capiratech.nypl,ios,The New York Public Library,Book,Books | Education,689ed4ca507e92fe6f3de7fd,https://apps.apple.com/us/app/new-york-public-library-nypl/id1474533999?uo=4
News 12 Mobile,com.news12.News12ToGo,ios,"NEWS 12 INTERACTIVE, INC.",News,News | Weather,689ed679507e92fe6f3debb2,https://apps.apple.com/us/app/news-12-mobile/id444268184?uo=4
News 8000 First Warn Weather,com.wkbt.WKBT-Weather,ios,Evening Telegram Company,Weather,Weather | News,68a6216158c742477c1282f8,https://apps.apple.com/us/app/news-8000-first-warn-weather/id1253607492?uo=4
News On 6,com.mobdub.kotv.reader,ios,"Griffin Communications, L.L.C.",News,News | Weather,689ed8f6507e92fe6f3df14d,https://apps.apple.com/us/app/news-on-6/id405727120?uo=4
NewsBreak: Local News & Alerts,com.particlenews.newsbreak,ios,Particle Media Inc.,News,News | Weather,6920e03dc5f70f592061cd8c,https://apps.apple.com/us/app/newsbreak-local-news-alerts/id1132762804?uo=4
NewsBreak: Local News & Alerts,com.particlenews.newsbreak,android,Particle Media Inc.,News & Magazines,,670afc4987478f2c8b780b62,
Newsday,com.newsday.NewsdayApp,ios,Newsday LLC,News,News | Magazines & Newspapers,689edc9c507e92fe6f3df906,https://apps.apple.com/us/app/newsday/id358571317?uo=4
NewsNation: Unbiased News,com.nexstar.newsnation,ios,Nexstar Broadcasting,News,News,689ed04a507e92fe6f3dde25,https://apps.apple.com/us/app/newsnation-unbiased-news/id1512252180?uo=4
NextChord: Chord Suggestions,com.boringrobot.chordcomplete,ios,Boring Robot LLC,Music,Music | Utilities,689edb34507e92fe6f3df60b,https://apps.apple.com/us/app/nextchord-chord-suggestions/id1492756938?uo=4
NFL Blitz - Trading Card Games,com.paninidigitalinc.blitz,ios,"Panini Digital, Incorporated",Sports,Sports | Entertainment,689ed0df507e92fe6f3ddf87,https://apps.apple.com/us/app/nfl-blitz-trading-card-games/id1270189416?uo=4
NFL Fantasy Football,com.nfl.fantasy.core,ios,NFL Enterprises LLC,Sports,Sports | Strategy | Games | Sports,689ed550507e92fe6f3de923,https://apps.apple.com/us/app/nfl-fantasy-football/id876054082?uo=4
NFL OnePass,com.nfl.fanmobilepass,ios,NFL Enterprises LLC,Sports,Sports,689ed166507e92fe6f3de0c1,https://apps.apple.com/us/app/nfl-onepass/id1456010454?uo=4
Night Owl HD,com.nightowl.nightowlpad,ios,"Night Owl SP, LLC",Business,Business | Utilities,689ed446507e92fe6f3de6db,https://apps.apple.com/us/app/night-owl-hd/id945919542?uo=4
Nike Run Club: Running Coach,com.nike.nikeplus-gps,ios,"Nike, Inc",Health & Fitness,Health & Fitness | Sports,68a6212458c742477c128287,https://apps.apple.com/us/app/nike-run-club-running-coach/id387771637?uo=4
Nike SNKRS: Sneakers & Apparel,com.nike.onenikecommerce,ios,"Nike, Inc",Shopping,Shopping | Lifestyle,689ed0ff507e92fe6f3ddfcc,https://apps.apple.com/us/app/nike-snkrs-sneakers-apparel/id911130812?uo=4
Nike Training Club: Wellness,com.nike.niketrainingclub,ios,"Nike, Inc",Health & Fitness,Health & Fitness | Lifestyle,689edd32507e92fe6f3dfa49,https://apps.apple.com/us/app/nike-training-club-wellness/id301521403?uo=4
"Nike: Shoes, Apparel, Stories",com.nike.omega,ios,"Nike, Inc",Shopping,Shopping | Sports,689ed459507e92fe6f3de70d,https://apps.apple.com/us/app/nike-shoes-apparel-stories/id1095459556?uo=4
Ninetales: Reels Templates,com.ninetales.app,ios,Ekaterina Butko,Photo & Video,Photo & Video | Graphics & Design,689ed8f5507e92fe6f3df144,https://apps.apple.com/us/app/ninetales-reels-templates/id1482631095?uo=4
Nintendo Today!,com.nintendo.znsa,ios,"Nintendo Co., Ltd.",Lifestyle,Lifestyle | Entertainment,689ed290507e92fe6f3de300,https://apps.apple.com/us/app/nintendo-today/id6736725704?uo=4
NIV Bible App +,NIV-BR,ios,Gospel Technologies LLC,Reference,Reference | Books,68a6219d58c742477c128364,https://apps.apple.com/us/app/niv-bible-app/id291270748?uo=4
Noa: Listen to audio articles,com.newsoveraudio,ios,NOA News Ltd,News,News | Magazines & Newspapers,689ed669507e92fe6f3deb9a,https://apps.apple.com/us/app/noa-listen-to-audio-articles/id1135037186?uo=4
NOAA Aviation Live Sky Weather,com.aviationliveweather.com,ios,Andrea Bisegna,Weather,Weather | Navigation,689edbf0507e92fe6f3df792,https://apps.apple.com/us/app/noaa-aviation-live-sky-weather/id1069784955?uo=4
NoesisGUI Controls Gallery,com.noesisengine.Samples-Gallery,ios,Noesis Technologies,Developer Tools,Developer Tools,68a6208458c742477c128147,https://apps.apple.com/us/app/noesisgui-controls-gallery/id1513066996?uo=4
Noggin,com.buzido.StupidTest,ios,Leigh Be,Education,Education | Entertainment,689ed6f7507e92fe6f3decca,https://apps.apple.com/us/app/noggin/id625985591?uo=4
"Noom Weight Loss, Food Tracker",com.noom.wlc,ios,"Noom, Inc.",Health & Fitness,Health & Fitness | Lifestyle,689ed0bc507e92fe6f3ddf2f,https://apps.apple.com/us/app/noom-weight-loss-food-tracker/id634598719?uo=4
NORAD Tracks Santa Claus,org.noradsanta.tracker,ios,NORAD,Entertainment,Entertainment | Education,689ed0fe507e92fe6f3ddfc8,https://apps.apple.com/us/app/norad-tracks-santa-claus/id1181633163?uo=4
Northern Light Aurora Forecast,com.letovaltsev.AuroraAlerts,ios,Letovaltsev Maxim,Weather,Weather | Travel,689eddb8507e92fe6f3dfb1a,https://apps.apple.com/us/app/northern-light-aurora-forecast/id1092949787?uo=4
Northlands Golf Course,com.gallusgolf.c45.ios.northlandsgc,ios,Gallus Golf,Sports,Sports | Games,689eda0a507e92fe6f3df3a3,https://apps.apple.com/us/app/northlands-golf-course/id517437190?uo=4
Norton 360 Security & VPN,com.symantec.mobilesecurity,ios,Gen Digital Inc.,Utilities,Utilities | Productivity,689ed9f9507e92fe6f3df379,https://apps.apple.com/us/app/norton-360-security-vpn/id1278474169?uo=4
Norton VPN – Fast & Secure,com.symantec.securewifi,ios,Gen Digital Inc.,Productivity,Productivity | Travel,689ed307507e92fe6f3de421,https://apps.apple.com/us/app/norton-vpn-fast-secure/id1095519285?uo=4
Notebook - Take notes with AI,com.zoho.notebook,ios,Zoho Corporation,Productivity,Productivity | Utilities,689edc58507e92fe6f3df871,https://apps.apple.com/us/app/notebook-take-notes-with-ai/id973801089?uo=4
Notes,com.apple.mobilenotes,ios,Apple,Productivity,Productivity,68afbbb332d86d9a40680b37,https://apps.apple.com/us/app/notes/id1110145109?uo=4
Novel Effect: Read Aloud Books,com.novel-effect.NovelEffect,ios,Novel Effect Inc,Book,Books | Education,68a620f458c742477c128229,https://apps.apple.com/us/app/novel-effect-read-aloud-books/id1057374139?uo=4
Novel Man - Novel Reader,com.novelreader.lovestory,ios,Mo Nguyen,Book,Books | Entertainment,689ede91507e92fe6f3dfd05,https://apps.apple.com/us/app/novel-man-novel-reader/id1550447873?uo=4
Novella: Story eBooks Historia,com.changduhk.minireaderes,ios,成都凤鸣轩网络科技有限公司,Book,Books | Magazines & Newspapers,689ed654507e92fe6f3deb6e,https://apps.apple.com/us/app/novella-story-ebooks-historia/id1471259009?uo=4
NovelReader - World of Novels,bhv.ios.free.Novel-Online,ios,Bui Vu,Book,Books | Entertainment,68a6217158c742477c128316,https://apps.apple.com/us/app/novelreader-world-of-novels/id1437708163?uo=4
Now Mobile,com.servicenow.requestor,ios,ServiceNow,Business,Business | Productivity,689ed2c2507e92fe6f3de376,https://apps.apple.com/us/app/now-mobile/id1469616608?uo=4
NOX – Escape Games,com.everbytestudio.escape.room.puzzle.games,ios,Everbyte GmbH,Games,Games | Adventure | Trivia,689ed2a0507e92fe6f3de326,https://apps.apple.com/us/app/nox-escape-games/id1476086732?uo=4
NTU Omnibus,sg.edu.ntu.apps.ntuomnibus,ios,Nanyang Technological University,Navigation,Navigation,689ed22f507e92fe6f3de22a,https://apps.apple.com/us/app/ntu-omnibus/id1636457987?uo=4
Nursing e-library,com.bookdose.cra,ios,BOOKDOSE COMPANY LIMITED,Book,Books,689edd42507e92fe6f3dfa68,https://apps.apple.com/us/app/nursing-e-library/id6443502656?uo=4
Nurture Pregnancy Week by Week,com.upwlabs.kaylee,ios,Glow,Medical,Medical | Health & Fitness,689ed707507e92fe6f3deceb,https://apps.apple.com/us/app/nurture-pregnancy-week-by-week/id882398397?uo=4
Nurx: Birth Control Delivered,co.nurx.app,ios,Thirty Madison,Medical,Medical | Health & Fitness,689ed154507e92fe6f3de093,https://apps.apple.com/us/app/nurx-birth-control-delivered/id1213141301?uo=4
Nutritionix Track,com.nutritionix.nixtrack,ios,Syndigo,Health & Fitness,Health & Fitness | Food & Drink,689ed5da507e92fe6f3dea60,https://apps.apple.com/us/app/nutritionix-track/id1061691342?uo=4
NYC Transit: MTA Subway & Bus,com.busexpertapp.useast.newyork,ios,Adamton Apps ltd,Navigation,Navigation | Travel,689ed3a9507e92fe6f3de588,https://apps.apple.com/us/app/nyc-transit-mta-subway-bus/id1146998152?uo=4
NYMF: Art Nude Female Beauty,com.nymf.app,ios,Dmytro Dubnytskyi,Photo & Video,Photo & Video | Entertainment,689edabf507e92fe6f3df529,https://apps.apple.com/us/app/nymf-art-nude-female-beauty/id1495951015?uo=4
NYT Cooking: Recipes & Tips,com.nytimes.cooking,ios,The New York Times Company,Food & Drink,Food & Drink | Reference,689ed5a6507e92fe6f3de9eb,https://apps.apple.com/us/app/nyt-cooking-recipes-tips/id911422904?uo=4
NYT Games: Wordle & Crossword,com.magmic.NYTCrosswords09,ios,The New York Times Company,Games,Games | Entertainment | Word | Puzzle,689ed0ee507e92fe6f3ddfa3,https://apps.apple.com/us/app/nyt-games-wordle-crossword/id307569751?uo=4
NYTimes: US and Global News,com.nytimes.NYTimes,ios,The New York Times Company,News,News | Magazines & Newspapers,689eddd9507e92fe6f3dfb69,https://apps.apple.com/us/app/nytimes-us-and-global-news/id284862083?uo=4
Oak Dex Team Builder Guides,com.kentwang.pokedex-team,ios,Kent Wang,Reference,Reference | Entertainment,68a6210358c742477c128242,https://apps.apple.com/us/app/oak-dex-team-builder-guides/id1097232463?uo=4
OASE Switch,com.oase.start,ios,OASE GmbH,Lifestyle,Lifestyle | Utilities,689ed2e2507e92fe6f3de3bd,https://apps.apple.com/us/app/oase-switch/id1472478409?uo=4
OCEARCH Shark Tracker™,org.ocearch.Shark-Tracker-iOS,ios,OCEARCH,Education,Education | Reference,68a621bc58c742477c1283a1,https://apps.apple.com/us/app/ocearch-shark-tracker/id570772231?uo=4
OCO,com.Company.OCO11,ios,SPECTRUM48 LIMITED,Games,Games | Music | Music | Puzzle,689ed5cd507e92fe6f3dea4f,https://apps.apple.com/us/app/oco/id1030437345?uo=4
Odometer+ Lite,com.zedsaid.odometerfree,ios,Zed Said Studio LLC,Navigation,Navigation | Finance,689ed0ad507e92fe6f3ddf0f,https://apps.apple.com/us/app/odometer-lite/id660890858?uo=4
Off The Record: Ticket Lawyer,com.offtherecord.DriverApp,ios,"Off the Record, Inc.",Productivity,Productivity | Utilities,689ed4ee507e92fe6f3de859,https://apps.apple.com/us/app/off-the-record-ticket-lawyer/id1032930471?uo=4
Offline Music Player »,com.luc.audiocloud,ios,Rounding Squares BV,Music,Music | Entertainment,689ed08c507e92fe6f3ddec0,https://apps.apple.com/us/app/offline-music-player/id1116648839?uo=4
Oil Painting Color by Numbers,com.veraxen.colorbynumber.oilpainting,ios,Veraxen Ltd,Lifestyle,Lifestyle | Board | Games | Puzzle,689ed89f507e92fe6f3df086,https://apps.apple.com/us/app/oil-painting-color-by-numbers/id1439776386?uo=4
OilPrice: Energy News,com.OilPrice,ios,James Stafford16830967914,News,News | Finance,689ed802507e92fe6f3def1b,https://apps.apple.com/us/app/oilprice-energy-news/id1389772617?uo=4
OkaySo - Expert Life Advice,com.okayso.app,ios,OkaySo,Health & Fitness,Health & Fitness | Education,689ed8d5507e92fe6f3df104,https://apps.apple.com/us/app/okayso-expert-life-advice/id1365667393?uo=4
OLX Pakistan – Online Shopping,com.empg.olxpk,ios,ONLINE CLASSIFIEDS PAKISTAN (SMC-PRIVATE) LIMITED,Shopping,Shopping | Lifestyle,68e4ad7499df19a42ee3adf2,https://apps.apple.com/us/app/olx-pakistan-online-shopping/id1551315538?uo=4
Omaha Poker: Pokerist,com.iphonesoft3g.omahapoker,ios,KamaGames,Games,Games | Card | Casino,689ed585507e92fe6f3de9a2,https://apps.apple.com/us/app/omaha-poker-pokerist/id1178002719?uo=4
Omer Counter & Assistant,org.chabad.OmerCounter,ios,Chabad.org Jewish Apps,Utilities,Utilities | Lifestyle,689ed3d8507e92fe6f3de5e5,https://apps.apple.com/us/app/omer-counter-assistant/id977793369?uo=4
"Omio: Book Train, Bus & Flight",com.goeuro.ios.ronald,ios,Omio Corp.,Travel,Travel | Navigation,689ed2a2507e92fe6f3de330,https://apps.apple.com/us/app/omio-book-train-bus-flight/id885372509?uo=4
OMRON connect US/CAN/EMEA,com.omronhealthcare.omronconnect,ios,"Omron Healthcare, Inc.",Health & Fitness,Health & Fitness,689ed8f4507e92fe6f3df140,https://apps.apple.com/us/app/omron-connect-us-can-emea/id1166317885?uo=4
One Bite by Barstool Sports,com.barstoolsports.One-Bite,ios,Barstool Sports,Food & Drink,Food & Drink | Entertainment,68a6208558c742477c12814f,https://apps.apple.com/us/app/one-bite-by-barstool-sports/id1356660515?uo=4
One line only : dot to dot,net.playtouch.onelineonlydtd,ios,PLAYTOUCH,Games,Games | Puzzle | Entertainment | Card,689ed52f507e92fe6f3de8e2,https://apps.apple.com/us/app/one-line-only-dot-to-dot/id1517784799?uo=4
ONE SMARTWATCH,com.One.Smart,ios,Laser Worldwide Limited,Health & Fitness,Health & Fitness,689edcd0507e92fe6f3df97c,https://apps.apple.com/us/app/one-smartwatch/id1628525280?uo=4
OneMap SG,sg.onemap.ios.om2,ios,Singapore Land Authority,Travel,Travel | Navigation,689ed202507e92fe6f3de1d0,https://apps.apple.com/us/app/onemap-sg/id1244720012?uo=4
oneOBI,de.obi.oneOBI,ios,OBI GmbH & Co. Deutschland KG,Social Networking,Social Networking | News,689ed132507e92fe6f3de046,https://apps.apple.com/us/app/oneobi/id6444522350?uo=4
Online Hangman Word Game,com.Hangman-Multiplayer,ios,Emozo Mimarlik ve Yazilim Hizmetleri,Games,Games | Trivia | Word,68a621bf58c742477c1283ae,https://apps.apple.com/us/app/online-hangman-word-game/id1372654425?uo=4
OnlinePianist: Piano Songs,com.onlinepianist.onlinepianist,ios,Online Pianist,Music,Music | Education,689edbac507e92fe6f3df703,https://apps.apple.com/us/app/onlinepianist-piano-songs/id642104967?uo=4
onX Backcountry: Trail GPS App,com.mtmapping.onxbackcountry,ios,"onXmaps, Inc.",Navigation,Navigation | Sports,689ed3b6507e92fe6f3de597,https://apps.apple.com/us/app/onx-backcountry-trail-gps-app/id1529165366?uo=4
OpenEMIS: Survey,org.openemis.survey,ios,KORD IT Pte Ltd,Education,Education | Productivity,689edc65507e92fe6f3df87f,https://apps.apple.com/us/app/openemis-survey/id995865736?uo=4
OpenSnow: Weather Forecast,com.opensnow.ios,ios,Cloudnine Weather LLC,Weather,Weather | Travel,689edc89507e92fe6f3df8d2,https://apps.apple.com/us/app/opensnow-weather-forecast/id780890907?uo=4
OpenTable,com.contextoptional.OpenTable,ios,"OpenTable, Inc.",Food & Drink,Food & Drink | Travel,689ed727507e92fe6f3ded30,https://apps.apple.com/us/app/opentable/id296581815?uo=4
Optum Perks,com.optum.mobile.perks,ios,Optum Inc.,Medical,Medical | Health & Fitness,689ed221507e92fe6f3de213,https://apps.apple.com/us/app/optum-perks/id1531504490?uo=4
Opwekking 2025,com.transvision.opwekking,ios,Stichting Opwekkingslectuur,News,News | Entertainment,689ed89f507e92fe6f3df088,https://apps.apple.com/us/app/opwekking-2025/id817728991?uo=4
Oral-B,com.pg.oralb.1314.im.0046,ios,P&G Health Care,Health & Fitness,Health & Fitness | Medical,689ed87b507e92fe6f3df02d,https://apps.apple.com/us/app/oral-b/id698092608?uo=4
Orangetheory Fitness,com.orangetheoryfitness.orangetheory,ios,Orangetheory Fitness,Health & Fitness,Health & Fitness | Lifestyle,689ed2a4507e92fe6f3de33e,https://apps.apple.com/us/app/orangetheory-fitness/id1424351827?uo=4
OregonAir,com.Envitech.Oregon,ios,Envitech LTD,Weather,Weather,689ed2a4507e92fe6f3de33c,https://apps.apple.com/us/app/oregonair/id1330462330?uo=4
OSHA-NIOSH Heat Safety Tool,gov.cdc.heatapp,ios,Centers For Disease Control and Prevention,Weather,Weather | Health & Fitness,689ed88d507e92fe6f3df058,https://apps.apple.com/us/app/osha-niosh-heat-safety-tool/id1239425102?uo=4
osu!stream,sh.ppy.osu,ios,Dean Herbert,Games,Games | Casual | Music,689ed20d507e92fe6f3de1d4,https://apps.apple.com/us/app/osu-stream/id436952197?uo=4
Oticon Companion,com.oticon.app,ios,Oticon A/S,Medical,Medical | Health & Fitness,689ed1a3507e92fe6f3de138,https://apps.apple.com/us/app/oticon-companion/id1597064213?uo=4
Ottawa Bluesfest,com.lixar.bluesfest,ios,Ottawa Bluesfest,Music,Music | Entertainment,689ed7f6507e92fe6f3def11,https://apps.apple.com/us/app/ottawa-bluesfest/id534308754?uo=4
Otter Transcribe Voice Notes,com.aisense.otter,ios,"Otter.ai, Inc.",Productivity,Productivity | Business,689ed75e507e92fe6f3dedbb,https://apps.apple.com/us/app/otter-transcribe-voice-notes/id1276437113?uo=4
Our Daily Bread,org.odb.reader,ios,RBC Ministries,Reference,Reference | Lifestyle,689edabf507e92fe6f3df52b,https://apps.apple.com/us/app/our-daily-bread/id437496538?uo=4
Ovia Cycle & Pregnancy Tracker,com.ovuline,ios,"Ovuline, Inc.",Medical,Medical | Health & Fitness,689ed0bc507e92fe6f3ddf2d,https://apps.apple.com/us/app/ovia-cycle-pregnancy-tracker/id570244389?uo=4
Ovia Parenting & Baby Tracker,com.ovuline.Parenting,ios,"Ovuline, Inc.",Medical,Medical | Health & Fitness,689ed09b507e92fe6f3ddee1,https://apps.apple.com/us/app/ovia-parenting-baby-tracker/id1106614359?uo=4
Oxford Dictionary,com.mobisystems.OxfordDictionaryOfEnglishFree,ios,"MobiSystems, Inc.",Reference,Reference | Education,689ed7b1507e92fe6f3dee6d,https://apps.apple.com/us/app/oxford-dictionary/id978674211?uo=4
Pacer Pedometer: Step Tracker,com.pacer.pacerapp,ios,"Pacer Health, Inc",Health & Fitness,Health & Fitness | Lifestyle,689ed379507e92fe6f3de51b,https://apps.apple.com/us/app/pacer-pedometer-step-tracker/id600446812?uo=4
Packages - Track Your Parcels,com.brightstripe.Parcels,ios,ParcelsApp.com,Shopping,Shopping | Lifestyle,68d6e1037190aa1df44a1103,https://apps.apple.com/us/app/packages-track-your-parcels/id1229071393?uo=4
PacSun,com.pacsun.pacsun,ios,Pacific Sunwear,Shopping,Shopping | Lifestyle,689eda38507e92fe6f3df3fb,https://apps.apple.com/us/app/pacsun/id437373394?uo=4
Pacwyn 20 - Draft and Packs,com.pacwyn20.packopener,ios,PACWYN GAMES SP Z O O,Sports,Sports | Card | Sports | Games,689ed173507e92fe6f3de0d5,https://apps.apple.com/us/app/pacwyn-20-draft-and-packs/id1485113367?uo=4
Pacwyn 21 - Draft and Packs,com.pacwyn21.packopener,ios,PACWYN GAMES SP Z O O,Sports,Sports | Sports | Card | Games,689ed739507e92fe6f3ded5e,https://apps.apple.com/us/app/pacwyn-21-draft-and-packs/id1535969346?uo=4
Pacwyn 22 Draft & Pack Opener,com.pacwyn22.draftpackopener,ios,PACWYN GAMES SP Z O O,Games,Games | Sports | Card | Sports,689ed3b8507e92fe6f3de59f,https://apps.apple.com/us/app/pacwyn-22-draft-pack-opener/id1601072941?uo=4
Padlet,com.wallwisher.Padlet,ios,"Wallwisher, Inc.",Productivity,Productivity | Education,689edae3507e92fe6f3df573,https://apps.apple.com/us/app/padlet/id834618886?uo=4
Pages,com.apple.Pages,ios,Apple,Productivity,Productivity | Business,689edd43507e92fe6f3dfa70,https://apps.apple.com/us/app/pages/id361309726?uo=4
Paint by Number Coloring Game,com.paint.bynumber,ios,Oakever Games,Games,Games | Puzzle | Board | Lifestyle,689ed271507e92fe6f3de2c0,https://apps.apple.com/us/app/paint-by-number-coloring-game/id1420058690?uo=4
Paint by Number Oil: Hey Color,com.zephyrmobile.colorbynumber,ios,Tripledot Studios,Games,Games | Entertainment | Trivia | Board,689ed304507e92fe6f3de40b,https://apps.apple.com/us/app/paint-by-number-oil-hey-color/id1445135380?uo=4
Paintwork - Infinite Notebook,com.s132.app.SuPaint,ios,伟典 苏,Productivity,Productivity | Graphics & Design,689edde4507e92fe6f3dfb6c,https://apps.apple.com/us/app/paintwork-infinite-notebook/id1052957498?uo=4
Panera Bread,com.panerabread.mobile.minneapolis,ios,Panera Bread,Food & Drink,Food & Drink | Lifestyle,689ed4de507e92fe6f3de836,https://apps.apple.com/us/app/panera-bread/id692365393?uo=4
PANTONE Studio,com.xrite.mypantone,ios,Pantone,Reference,Reference | Productivity,689ed0de507e92fe6f3ddf7f,https://apps.apple.com/us/app/pantone-studio/id329515634?uo=4
"Paper: Sketch, Draw & Create",com.fiftythree.paper,ios,Evernote Corporation,Productivity,Productivity | Graphics & Design,689ed7b4507e92fe6f3dee7d,https://apps.apple.com/us/app/paper-sketch-draw-create/id506003812?uo=4
Papri - Read Bengali Stories,io.papri.prelaunchtesting,ios,Arthi Rabbane,Book,Books | Entertainment,689eda90507e92fe6f3df4d8,https://apps.apple.com/us/app/papri-read-bengali-stories/id6476581670?uo=4
Papumba: Kids Learning Games,com.papumba.academy.for.kids,ios,Papumba LLC,Education,Education | Games | Family,689ed253507e92fe6f3de286,https://apps.apple.com/us/app/papumba-kids-learning-games/id1267322870?uo=4
ParcelTrack - Package Tracker,com.uberblic.ParcelTrack,ios,ParcelTrack Technologies,Shopping,Shopping,689ed6d4507e92fe6f3dec72,https://apps.apple.com/us/app/parceltrack-package-tracker/id840216376?uo=4
Parental Control App - OurPact,com.parentsware.ourpact,ios,Eturi Corp.,Lifestyle,Lifestyle | Utilities,689edc2f507e92fe6f3df815,https://apps.apple.com/us/app/parental-control-app-ourpact/id954029412?uo=4
Parenting Choices,com.bartoogamecompany.ParentingChoices,ios,Lion Studios,Games,Games | Casual | Trivia,689ed5dd507e92fe6f3dea72,https://apps.apple.com/us/app/parenting-choices/id1523366362?uo=4
Paris Luxury - Shopping guide,com.webcitric.Parisluxurybrands,ios,AR Code Pte. Ltd.,Travel,Travel | Shopping,689ed644507e92fe6f3deb4f,https://apps.apple.com/us/app/paris-luxury-shopping-guide/id572284091?uo=4
Paris Metro Map and Routes,uk.co.mxdata.parismetro,ios,Mapway Limited,Navigation,Navigation | Travel,689ed594507e92fe6f3de9be,https://apps.apple.com/us/app/paris-metro-map-and-routes/id527534137?uo=4
Park Escape - Room Escape Game,com.papabox.parkworldwide.app1,ios,"Chengdu Pinyou Technology Co ., Ltd.",Games,Games | Puzzle | Word,689ed553507e92fe6f3de937,https://apps.apple.com/us/app/park-escape-room-escape-game/id1523443438?uo=4
Parkour Masters,com.hypnocatstudio.parkourmasters,ios,Konstantin Boronenkov,Games,Games | Sports | Simulation,689ed3c8507e92fe6f3de5c3,https://apps.apple.com/us/app/parkour-masters/id1485248622?uo=4
Party Game - Melo,com.partygee.melo.partygame,ios,Gamegee Sp. z o.o.,Games,Games | Entertainment | Trivia | Board,689ed66a507e92fe6f3deb9c,https://apps.apple.com/us/app/party-game-melo/id6451415571?uo=4
Paste Keyboard,com.tmsaeapp.copypastekeyboard,ios,Techin Park,Utilities,Utilities | Productivity,689ed435507e92fe6f3de6b5,https://apps.apple.com/us/app/paste-keyboard/id1066723174?uo=4
Pastel,com.highcaffeinecontent.pastel,ios,Steven Troughton-Smith,Developer Tools,Developer Tools | Graphics & Design,689ed8d1507e92fe6f3df0ed,https://apps.apple.com/us/app/pastel/id413897608?uo=4
Pastel Sisters Dress Up Games,com.dressup.pastel,ios,ARPAplus,Games,Games | Role Playing | Casual | Lifestyle,689ed0b0507e92fe6f3ddf20,https://apps.apple.com/us/app/pastel-sisters-dress-up-games/id1659355941?uo=4
Pauli Universal,com.pauliph.PauliUniversalApp,ios,PAULI Fachbuchverlag AG,Food & Drink,Food & Drink | Books,689edba5507e92fe6f3df6e3,https://apps.apple.com/us/app/pauli-universal/id1457543831?uo=4
PawBook- Pet Diary,com.onedegree.pet-comm,ios,OneDegree,Health & Fitness,Health & Fitness | Medical,68a6210458c742477c128247,https://apps.apple.com/us/app/pawbook-pet-diary/id6739098454?uo=4
"PayPal - Pay, Send, Save",com.yourcompany.PPClient,ios,"PayPal, Inc.",Finance,Finance | Utilities,689ed8d2507e92fe6f3df0f1,https://apps.apple.com/us/app/paypal-pay-send-save/id283646709?uo=4
PayRange,com.payrange.payrange,ios,PayRange Inc.,Utilities,Utilities | Productivity,689ed4cb507e92fe6f3de801,https://apps.apple.com/us/app/payrange/id845555232?uo=4
PBS KIDS Games,org.pbskids.gamesapp,ios,PBS KIDS,Education,Education | Games | Family | Casual,689ed0cd507e92fe6f3ddf56,https://apps.apple.com/us/app/pbs-kids-games/id1050773989?uo=4
PCGS CoinFacts Coin Collecting,com.collectors.pcgs.coinfacts,ios,PCGS,Reference,Reference | Lifestyle,689ed75d507e92fe6f3dedb9,https://apps.apple.com/us/app/pcgs-coinfacts-coin-collecting/id469265590?uo=4
PDF Editor ®,com.smmservice.pdfeditor,ios,"SMM service, s.r.o.",Business,Business | Utilities,689edcbd507e92fe6f3df94c,https://apps.apple.com/us/app/pdf-editor/id1532638515?uo=4
PDF it All Document Converter,com.digiset.pdfit,ios,DIGISET LLC,Productivity,Productivity | Utilities,689eddd8507e92fe6f3dfb63,https://apps.apple.com/us/app/pdf-it-all-document-converter/id627640657?uo=4
PDF Library eBook Reader,com.verbia.PDFLibrary,ios,Verbia Systems,Book,Books | Productivity,689ed7e1507e92fe6f3deed0,https://apps.apple.com/us/app/pdf-library-ebook-reader/id6503659712?uo=4
PDF Scanner App: Scanner+ Docs,com.codeway.scannerplus,ios,Codeway Dijital Hizmetler Anonim Sirketi,Business,Business | Utilities,689ed377507e92fe6f3de50f,https://apps.apple.com/us/app/pdf-scanner-app-scanner-docs/id1504202283?uo=4
PDF Voice Reader - Docs Aloud,com.goltappzz.VoiceReader,ios,Storch,Productivity,Productivity | Books,689edf47507e92fe6f3dfe93,https://apps.apple.com/us/app/pdf-voice-reader-docs-aloud/id1129900267?uo=4
Peak - Brain Training,com.brainbow.peakprod,ios,Synaptic Labs,Education,Education | Health & Fitness,689ed78c507e92fe6f3dee12,https://apps.apple.com/us/app/peak-brain-training/id806223188?uo=4
Pebblebee Tracking,PB.Stoney,ios,PebbleBee LLC,Productivity,Productivity | Lifestyle,689edc11507e92fe6f3df7e1,https://apps.apple.com/us/app/pebblebee-tracking/id1052309602?uo=4
PebblePocket,com.pebblepad.PebblePocket,ios,Pebble Learning,Education,Education,689ed389507e92fe6f3de542,https://apps.apple.com/us/app/pebblepocket/id953515889?uo=4
PepTalkHer,com.peptalkher.app,ios,Sliding Door Media LLC,Productivity,Productivity | Health & Fitness,689ed4bb507e92fe6f3de7df,https://apps.apple.com/us/app/peptalkher/id1463760914?uo=4
Perfect Beauty Salon: Glam Up!,com.toonmetal.beautysaloon,ios,J Meta Oyun Metaverse ve Teknoloji Anonim Sirketi,Games,Games | Casual | Lifestyle | Strategy,689ed6a1507e92fe6f3dec13,https://apps.apple.com/us/app/perfect-beauty-salon-glam-up/id6451108585?uo=4
Perfect Logic,pixa.perfect.logic,ios,Payal Lakhani,Games,Games | Trivia,689ed7c4507e92fe6f3deea1,https://apps.apple.com/us/app/perfect-logic/id1483730450?uo=4
Period Tracker and Calendar,com.lbrc.PeriodCalendar,ios,SimpleInnovation LLC,Health & Fitness,Health & Fitness | Utilities,689ede93507e92fe6f3dfd0b,https://apps.apple.com/us/app/period-tracker-and-calendar/id1032267351?uo=4
Period Tracker by GP Apps,com.gpapps.ptrackerlite,ios,GP Apps,Health & Fitness,Health & Fitness | Lifestyle,689ed359507e92fe6f3de4d7,https://apps.apple.com/us/app/period-tracker-by-gp-apps/id330376830?uo=4
Pet Doctor - Games for Kids,dev.kids.games.animal.hospital,ios,PLAY AND LEARN EDUCATIONAL GAMES FOR KIDS,Games,Games | Education | Role Playing | Family,689eda3d507e92fe6f3df41b,https://apps.apple.com/us/app/pet-doctor-games-for-kids/id6504662214?uo=4
PetDesk,com.locai.petpartner,ios,"PetDesk, LLC",Lifestyle,Lifestyle | Utilities,689ed0d1507e92fe6f3ddf6e,https://apps.apple.com/us/app/petdesk/id631377773?uo=4
PetFinder.my,com.andykoh.PetFinder,ios,Andy Koh,Lifestyle,Lifestyle | Social Networking,689ed134507e92fe6f3de051,https://apps.apple.com/us/app/petfinder-my/id381962829?uo=4
Philips Hue,com.philips.lighting.hue2,ios,Signify Netherlands B.V.,Lifestyle,Lifestyle | Health & Fitness,689edeb4507e92fe6f3dfd54,https://apps.apple.com/us/app/philips-hue/id1055281310?uo=4
Phone,com.apple.mobilephone,ios,Apple,Utilities,Utilities,68b8627ed5495838c8f53601,https://apps.apple.com/us/app/phone/id1146562108?uo=4
Phone Cleaner・AI Clean Storage,super.cleaner,ios,Smart Tool Studio,Utilities,Utilities | Productivity,689ed6a2507e92fe6f3dec15,https://apps.apple.com/us/app/phone-cleaner-ai-clean-storage/id1463756032?uo=4
Phone Conversation Recorder,Cuspy.Call-Recorder,ios,Roger Grey Brown Jr,Utilities,Utilities | Business,68a6219e58c742477c12836a,https://apps.apple.com/us/app/phone-conversation-recorder/id1400040339?uo=4
Phone Dice,com.siliconmalta.phonedicegame,ios,Bad Boys Games Ltd,Games,Games | Casino | Board,689ed176507e92fe6f3de0e4,https://apps.apple.com/us/app/phone-dice/id1297173910?uo=4
Phone Guardian Safe Mobile VPN,com.phoneguardianapp.ios,ios,Distimo,Utilities,Utilities | Productivity,689ed99d507e92fe6f3df2a9,https://apps.apple.com/us/app/phone-guardian-safe-mobile-vpn/id1016814119?uo=4
Phone Tracker By Number,Mg.FamilyLocator.PhoneTracker2,ios,Family Locator,Social Networking,Social Networking,689edf7d507e92fe6f3dff20,https://apps.apple.com/us/app/phone-tracker-by-number/id1470943827?uo=4
Phonto - Text on Photos,com.youthhr.Phonto,ios,youthhr,Photo & Video,Photo & Video | Entertainment,689edf8d507e92fe6f3dff42,https://apps.apple.com/us/app/phonto-text-on-photos/id438429273?uo=4
Photo Editor Ⓞ,com.TapMediaLtd.PhotoEditor,ios,TapMedia Ltd,Graphics & Design,Graphics & Design | Photo & Video,689ed8ae507e92fe6f3df099,https://apps.apple.com/us/app/photo-editor/id1459740510?uo=4
Photo Enhancer - EnhanceFox AI,com.risingcabbage.enhancefox,ios,Pixl Concerto Technology Limited,Graphics & Design,Graphics & Design,689ed176507e92fe6f3de0e2,https://apps.apple.com/us/app/photo-enhancer-enhancefox-ai/id1544212575?uo=4
Photo Widget.,com.impalastudios.photowidget,ios,Impala Studios,Photo & Video,Photo & Video | Lifestyle,689edb06507e92fe6f3df5c1,https://apps.apple.com/us/app/photo-widget/id1074246199?uo=4
PhotoGrid: Video Collage Maker,com.YunFang.PhotoGrid,ios,JUPITER PALACE PTE. LTD.,Photo & Video,Photo & Video | Graphics & Design,689ed85b507e92fe6f3defe7,https://apps.apple.com/us/app/photogrid-video-collage-maker/id543577420?uo=4
Photomath,com.microblink.PhotoMath,ios,Google,Education,Education | Productivity,689ed7e6507e92fe6f3deef0,https://apps.apple.com/us/app/photomath/id919087726?uo=4
PhotoPuzzle with your photos,com.games4mind.photopuzzle,ios,Massimiliano Negro,Games,Games | Photo & Video | Puzzle | Board,689edf8d507e92fe6f3dff44,https://apps.apple.com/us/app/photopuzzle-with-your-photos/id1202290186?uo=4
Photos,com.apple.mobileslideshow,ios,Apple,Photo & Video,Photo & Video,68b860ad575fc82eae524062,https://apps.apple.com/us/app/photos/id1584215428?uo=4
phpwin,porizm.phpwin,ios,Firas Moussa,Developer Tools,Developer Tools | Reference,689eda29507e92fe6f3df3de,https://apps.apple.com/us/app/phpwin/id1157634089?uo=4
Pi Network,com.socialchain.blockchainvault,ios,SocialChain,Social Networking,Social Networking | Finance,689ed322507e92fe6f3de44a,https://apps.apple.com/us/app/pi-network/id1445472541?uo=4
Piano Academy by Yokee Music,com.yokee.pianoeducational,ios,Yokee Music,Education,Education | Music,689ed447507e92fe6f3de6e0,https://apps.apple.com/us/app/piano-academy-by-yokee-music/id1390574671?uo=4
Piano for iPhone,com.yuxuankeji.com.yuxuankeji.iPhonePiano,ios,宗明 杨,Music,Music | Entertainment,689ed89d507e92fe6f3df07e,https://apps.apple.com/us/app/piano-for-iphone/id531263194?uo=4
Piano Tiles ™,com.umonistudio.tapTile,ios,Kooapps,Games,Games | Entertainment | Casual | Music,689ed85c507e92fe6f3defed,https://apps.apple.com/us/app/piano-tiles/id848160327?uo=4
Pick Me Up™,com.custom.pickmeup,ios,AI Games FZ,Games,Games | Racing | Simulation,689ed690507e92fe6f3debef,https://apps.apple.com/us/app/pick-me-up/id1449612799?uo=4
"Picsart AI Photo Editor, Video",com.picsart.studio,ios,"PicsArt, Inc.",Photo & Video,Photo & Video | Graphics & Design,68b13cc12455f866f96c0559,https://apps.apple.com/us/app/picsart-ai-photo-editor-video/id587366035?uo=4
Picsew - Scrollshot & Collage,com.sugarmo.ScrollClip,ios,"Yojio, Ltd.",Productivity,Productivity | Photo & Video,689ed69e507e92fe6f3dec01,https://apps.apple.com/us/app/picsew-scrollshot-collage/id1208145167?uo=4
PictureThis - Plant Identifier,cn.danatech.xingseus,ios,Glority Global Group Ltd.,Education,Education | Lifestyle,689ed68d507e92fe6f3debdd,https://apps.apple.com/us/app/picturethis-plant-identifier/id1252497129?uo=4
Pier 1 Imports,com.tapcart.9ISFu3OXKy,ios,Pier 1 Imports,Shopping,Shopping | Lifestyle,689ed9e9507e92fe6f3df362,https://apps.apple.com/us/app/pier-1-imports/id1554558912?uo=4
Piggy Bank Kids - Bomad,app.bomad2,ios,Graeme Pyle,Finance,Finance | Education,689ed487507e92fe6f3de764,https://apps.apple.com/us/app/piggy-bank-kids-bomad/id6446114229?uo=4
Pillscan - Pill Counting App,com.med.counter,ios,songmin ham,Medical,Medical,689ed60d507e92fe6f3dead7,https://apps.apple.com/us/app/pillscan-pill-counting-app/id6476859707?uo=4
Ping Pong Fury: Table Tennis,uk.co.yakuto.PingPongKing,ios,Yakuto,Games,Games | Sports | Simulation,689ed142507e92fe6f3de063,https://apps.apple.com/us/app/ping-pong-fury-table-tennis/id1484641433?uo=4
Pinna: Audio stories for kids,fm.pinna.app,ios,Pinna LLC,Education,Education | Entertainment,689ed478507e92fe6f3de74b,https://apps.apple.com/us/app/pinna-audio-stories-for-kids/id1218953380?uo=4
Pinpoint Weather - KDVR & KWGN,com.wdtinc.StormForce,ios,Tribune Broadcasting Company,Weather,Weather | News,689eda06507e92fe6f3df38b,https://apps.apple.com/us/app/pinpoint-weather-kdvr-kwgn/id366796676?uo=4
Pinterest,pinterest,ios,Pinterest,Lifestyle,Lifestyle | Photo & Video,68a6219d58c742477c128366,https://apps.apple.com/us/app/pinterest/id429047995?uo=4
Piping Bags - Makeup Slime Mix,com.makeup.slime.squishy.pipingbags,ios,sheila martinez,Games,Games | Simulation | Family | Lifestyle,689ed578507e92fe6f3de992,https://apps.apple.com/us/app/piping-bags-makeup-slime-mix/id1634398808?uo=4
Pirates of Everseas,com.moonmana.piratesevermac,ios,MUNMANA TOV,Games,Games | Adventure | Strategy,689ed0bc507e92fe6f3ddf31,https://apps.apple.com/us/app/pirates-of-everseas/id1199817147?mt=12&uo=4
Pitch Pro Tuner & Metronome,com.danielkuntz.pitchtuner,ios,Coda Labs Incorporated,Music,Music | Utilities,689ed914507e92fe6f3df182,https://apps.apple.com/us/app/pitch-pro-tuner-metronome/id1169667039?uo=4
Pixelcut AI Photo Editor,com.circular.pixels,ios,Pixelcut Inc.,Graphics & Design,Graphics & Design | Photo & Video,689ed401507e92fe6f3de64a,https://apps.apple.com/us/app/pixelcut-ai-photo-editor/id1534785237?uo=4
PiyoLog Baby Feeding Tracker,jp.co.sakabou.piyolog,ios,PiyoLog Inc.,Medical,Medical | Health & Fitness,689ed630507e92fe6f3deb2a,https://apps.apple.com/us/app/piyolog-baby-feeding-tracker/id1252857347?uo=4
Pizza Chef: Fun Cooking Games,pizza.cooking.games,ios,Maker Labs,Entertainment,Entertainment,689ed3d8507e92fe6f3de5e7,https://apps.apple.com/us/app/pizza-chef-fun-cooking-games/id1507722981?uo=4
Pizza Hut - Delivery & Takeout,com.imc2.iHut,ios,"Pizza Hut, Inc.",Food & Drink,Food & Drink | Lifestyle,689ed220507e92fe6f3de20b,https://apps.apple.com/us/app/pizza-hut-delivery-takeout/id321560858?uo=4
Plan Buy Cook meal planner,au.com.planbuycook,ios,Simon Crone,Food & Drink,Food & Drink | Health & Fitness,689edc0e507e92fe6f3df7ce,https://apps.apple.com/us/app/plan-buy-cook-meal-planner/id913834496?uo=4
Plant Identification ++,com.touchberry.plantidentification,ios,Plant Identification Inc,Education,Education | Reference,689edb0b507e92fe6f3df5d9,https://apps.apple.com/us/app/plant-identification/id1488376022?uo=4
Planta: Plant & Garden Care,com.stromming.Plants,ios,Planta AB,Lifestyle,Lifestyle | Reference,689ed0dd507e92fe6f3ddf7b,https://apps.apple.com/us/app/planta-plant-garden-care/id1410126781?uo=4
PlantIn: Tree・Plant Identifier,xyz.plantin.app,ios,Vortemol Limited,Education,Education | Lifestyle,689ed27e507e92fe6f3de2d6,https://apps.apple.com/us/app/plantin-tree-plant-identifier/id1527399597?uo=4
PlantNet,org.plantnetproject.PlantNet,ios,Cirad-France,Education,Education | Reference,689ed486507e92fe6f3de760,https://apps.apple.com/us/app/plantnet/id600547573?uo=4
PlantSnap - Plant Identifier,net.plantsnap.freemium,ios,"PlantSnap, Inc.",Education,Education | Lifestyle,689ed155507e92fe6f3de097,https://apps.apple.com/us/app/plantsnap-plant-identifier/id1451054346?uo=4
Play and Learn Science,org.pbskids.playandlearnscience,ios,PBS KIDS,Education,Education | Lifestyle,689ed1e1507e92fe6f3de181,https://apps.apple.com/us/app/play-and-learn-science/id1300256105?uo=4
Play and Win -Win Cash Prizes!,app.playandwinapp.com,ios,Numbase,Games,Games | Trivia,689ed1a5507e92fe6f3de140,https://apps.apple.com/us/app/play-and-win-win-cash-prizes/id1367436392?uo=4
PlayKids+ Kids Learning Games,com.movile.playkids,ios,SandBox Group,Education,Education | Entertainment,689eda5f507e92fe6f3df46a,https://apps.apple.com/us/app/playkids-kids-learning-games/id613398383?uo=4
Playtomic - Padel & pickleball,com.playtomic,ios,Playtomic S.L.,Sports,Sports | Health & Fitness,689ed7a2507e92fe6f3dee52,https://apps.apple.com/us/app/playtomic-padel-pickleball/id1242321076?uo=4
PLNDR,com.plndr,ios,Karmaloop,Shopping,Shopping | Lifestyle,689ed1eb507e92fe6f3de183,https://apps.apple.com/us/app/plndr/id547974560?uo=4
Pluckers Club,com.pluckers.wingbar,ios,Pluckers Wing Bar,Food & Drink,Food & Drink,689eda0a507e92fe6f3df39f,https://apps.apple.com/us/app/pluckers-club/id1202821453?uo=4
Pluto TV: Stream Movies/Shows,tv.pluto.ios,ios,Pluto.tv,Entertainment,Entertainment | News,689ed67c507e92fe6f3debbe,https://apps.apple.com/us/app/pluto-tv-stream-movies-shows/id751712884?uo=4
Pocket Casts: Podcast Player,au.com.shiftyjelly.podcasts,ios,Automattic,News,News | Utilities,689edcba507e92fe6f3df938,https://apps.apple.com/us/app/pocket-casts-podcast-player/id414834813?uo=4
PocketBook Reader,com.obreey.reader,ios,Pocketbook International SA,Book,Books | Education,689ed271507e92fe6f3de2c2,https://apps.apple.com/us/app/pocketbook-reader/id805488884?uo=4
Podcast App,com.evolve.podcast,ios,"Evolve Global, Inc.",News,News,689ed2e5507e92fe6f3de3cb,https://apps.apple.com/us/app/podcast-app/id1199070742?uo=4
Podio,com.podio.Podio,ios,Progress Software Corporation,Business,Business | Productivity,689ed5e9507e92fe6f3dea7e,https://apps.apple.com/us/app/podio/id404183617?uo=4
Poke Genie -Remote Raid IV PvP,com.can-jin.pokegenie,ios,Poke Genie Inc.,Utilities,Utilities | Reference,68a620a558c742477c128190,https://apps.apple.com/us/app/poke-genie-remote-raid-iv-pvp/id1143920524?uo=4
Polaris®,com.polarisindustries.ORVTrails,ios,Polaris Industries,Navigation,Navigation | Sports,689ed82c507e92fe6f3def87,https://apps.apple.com/us/app/polaris/id493558794?uo=4
Police Scanner +,com.regoapps.CopRadioLite,ios,Rego Apps,News,News | Utilities,689ed397507e92fe6f3de558,https://apps.apple.com/us/app/police-scanner/id498408628?uo=4
"Police Scanner App, live radio",com.policescanner.app,ios,Dazz Cam,News,News | Utilities,689edfac507e92fe6f3dff82,https://apps.apple.com/us/app/police-scanner-app-live-radio/id1511494535?uo=4
Police Scanner Fire Radio,com.sepiasoftware.policescanner,ios,Sepia Software LLC,News,News | Utilities,689ed9b2507e92fe6f3df2e6,https://apps.apple.com/us/app/police-scanner-fire-radio/id1075599309?uo=4
Police Scanner: Fire Radio,com.radio.police.scanner.Scanner,ios,Guru Network Limited Inc.,News,News | Entertainment,689eda5d507e92fe6f3df461,https://apps.apple.com/us/app/police-scanner-fire-radio/id1477440076?uo=4
Poll Pay: Earn Money & Cash,net.bitburst.pollpay,ios,BitBurst GmbH,Lifestyle,Lifestyle | Productivity,689ed2c5507e92fe6f3de388,https://apps.apple.com/us/app/poll-pay-earn-money-cash/id1462032423?uo=4
PONS Translate & Dictionary,eu.pons.dictionary,ios,PONS Langenscheidt GmbH,Reference,Reference | Education,689ed06b507e92fe6f3dde73,https://apps.apple.com/us/app/pons-translate-dictionary/id577741918?uo=4
Pool,com.byterun.pool,ios,Vintolo Ltd,Games,Games | Entertainment | Casual | Sports,689ed4bd507e92fe6f3de7eb,https://apps.apple.com/us/app/pool/id332184886?uo=4
Pop In A Box,com.thehutgroup.ecommerce.piab,ios,The Hut.com Ltd,Shopping,Shopping,689ed04f507e92fe6f3dde42,https://apps.apple.com/us/app/pop-in-a-box/id1449977820?uo=4
Pop It Phone Case DIY Games,pop.it.fidgets,ios,Double Purple,Entertainment,Entertainment | Health & Fitness,689ed6c6507e92fe6f3dec61,https://apps.apple.com/us/app/pop-it-phone-case-diy-games/id1610516579?uo=4
Portals of Prayer,org.cph.Portals,ios,Concordia Publishing House,Magazines & Newspapers,Magazines & Newspapers | Reference,689ed195507e92fe6f3de11e,https://apps.apple.com/us/app/portals-of-prayer/id1139206276?uo=4
Portuguese/English Dictionary,Dictportuguese,ios,FB PUBLISHING LLC,Reference,Reference | Education,68a6214358c742477c1282c3,https://apps.apple.com/us/app/portuguese-english-dictionary/id1332573412?uo=4
Poster & Flyer Maker by Pinso,com.pinsotech.phototext,ios,"Pinso, Inc.",Graphics & Design,Graphics & Design | Photo & Video,689ee017507e92fe6f3e001b,https://apps.apple.com/us/app/poster-flyer-maker-by-pinso/id1386620073?uo=4
Power Lens,cam.lens.math.ocr.translator.Identify.plant,ios,Sengle Tech,Lifestyle,Lifestyle | Utilities,689ed759507e92fe6f3ded9f,https://apps.apple.com/us/app/power-lens/id1516779807?uo=4
PQ-365–Provider/Clinician App,com.quantumrehab.live,ios,Quantum Rehab,Medical,Medical,689edccd507e92fe6f3df96a,https://apps.apple.com/us/app/pq-365-provider-clinician-app/id1519782433?uo=4
Prank App: Fake video call,com.prankcall.chat.fake.video,ios,ANH TUAN PHAM,Entertainment,Entertainment | Simulation | Casual | Games,689ed3ea507e92fe6f3de617,https://apps.apple.com/us/app/prank-app-fake-video-call/id6476551409?uo=4
Prank sounds: haircut & fart,com.rofi.bz.prank.sounds.haircut,ios,ANH TUAN PHAM,Games,Games | Simulation | Casual,689ed312507e92fe6f3de425,https://apps.apple.com/us/app/prank-sounds-haircut-fart/id6458099442?uo=4
Predator Pro,com.bigshothunting.predator,ios,"Big Shot, LLC",Sports,Sports | Utilities,689ede62507e92fe6f3dfc9e,https://apps.apple.com/us/app/predator-pro/id950359262?uo=4
Pregnancy & Baby Tracker - WTE,com.ryanbond.PregnancyTracker,ios,"Everyday Health, Inc.",Medical,Medical | Health & Fitness,689edc1c507e92fe6f3df7e8,https://apps.apple.com/us/app/pregnancy-baby-tracker-wte/id289560144?uo=4
Pregnancy Tracker by Moms,com.wachanga.pregnancy,ios,Wachanga LTD,Medical,Medical | Health & Fitness,689edde4507e92fe6f3dfb6e,https://apps.apple.com/us/app/pregnancy-tracker-by-moms/id1144871267?uo=4
Pregnant Mom Care Games,doctor.simulator.games,ios,Pocket Princess,Entertainment,Entertainment | Lifestyle,689ed305507e92fe6f3de415,https://apps.apple.com/us/app/pregnant-mom-care-games/id1540236887?uo=4
Prêt à Template,com.robertaweiand.pretatemplate,ios,Prêt-à-Template,Graphics & Design,Graphics & Design | Productivity,689ed0cc507e92fe6f3ddf50,https://apps.apple.com/us/app/pr%C3%AAt-%C3%A0-template/id839537579?uo=4
Price Scanner Barcode,com.buyvia.blackfriday,ios,"BuyVia, LLC",Utilities,Utilities | Productivity,689ed090507e92fe6f3ddedd,https://apps.apple.com/us/app/price-scanner-barcode/id728175625?uo=4
"Priceline - Hotel, Car, Flight",com.priceline.negotiator,ios,priceline.com,Travel,Travel | Shopping,689ed0a0507e92fe6f3ddefd,https://apps.apple.com/us/app/priceline-hotel-car-flight/id336381998?uo=4
Pricena - Price Comparison,com.Pricena.UAE,ios,Pricena,Shopping,Shopping | Lifestyle,689ed6c2507e92fe6f3dec49,https://apps.apple.com/us/app/pricena-price-comparison/id804021137?uo=4
Prime Time Shuttle,com.primetime.consumer,ios,"Ride Share Pro, Inc",Travel,Travel | Business,689eda6a507e92fe6f3df470,https://apps.apple.com/us/app/prime-time-shuttle/id1140549792?uo=4
Primera Hora,pr.apex.primerahora,ios,APEX Technologies Inc.,News,News | Entertainment,689ed3fd507e92fe6f3de638,https://apps.apple.com/us/app/primera-hora/id389571743?uo=4
PRISM: Live Streaming App,com.navercorp.prism,ios,NAVER Corp.,Social Networking,Social Networking | Photo & Video,689ed69c507e92fe6f3debf7,https://apps.apple.com/us/app/prism-live-streaming-app/id1319056339?uo=4
Private Photo Vault - Pic Safe,com.enchantedcloud.photovault,ios,Legendary Software Labs LLC,Photo & Video,Photo & Video | Utilities,689edc21507e92fe6f3df801,https://apps.apple.com/us/app/private-photo-vault-pic-safe/id417571834?uo=4
Privault - Private Photo Vault,com.binspir.PrivacyGuardY,ios,"Binspir Technologies Co., Ltd.",Shopping,Shopping | Productivity,689ed8c1507e92fe6f3df0c7,https://apps.apple.com/us/app/privault-private-photo-vault/id1186436980?uo=4
Pro Angler - Fishing App,com.proanglerfl.pranglerfl,ios,Open Ocean Apps Inc.,Sports,Sports,689ed1a4507e92fe6f3de13c,https://apps.apple.com/us/app/pro-angler-fishing-app/id572778910?uo=4
Pro Metronome - Tempo & Tuner,com.xiaoyixiang.prometronome,ios,元 周,Music,Music | Education,689ed07e507e92fe6f3ddeab,https://apps.apple.com/us/app/pro-metronome-tempo-tuner/id477960671?uo=4
Productive - Habit Tracker,com.beHappy.Productive,ios,Mosaic S.r.l.,Productivity,Productivity | Health & Fitness,689edb35507e92fe6f3df60f,https://apps.apple.com/us/app/productive-habit-tracker/id983826477?uo=4
Productivity - Daily Planner,com.bifortis.ProductivityWizard,ios,"Success Wizard, Inc.",Productivity,Productivity | Business,689edfeb507e92fe6f3dffcc,https://apps.apple.com/us/app/productivity-daily-planner/id670870972?uo=4
ProFit: Workout Planner,com.maxty.gofitness,ios,VGFIT LLC,Health & Fitness,Health & Fitness | Sports,689edf2b507e92fe6f3dfe62,https://apps.apple.com/us/app/profit-workout-planner/id907081984?uo=4
Prognosis: Your Diagnosis,com.medicaljoyworks.prognosis,ios,Medical Joyworks LLC,Medical,Medical | Health & Fitness,689ed645507e92fe6f3deb57,https://apps.apple.com/us/app/prognosis-your-diagnosis/id392489854?uo=4
Project Drag Racing,com.rusya.game,ios,Ruslan Kudriavtsev,Games,Games | Racing,689ed185507e92fe6f3de0ff,https://apps.apple.com/us/app/project-drag-racing/id6479203969?uo=4
"Propel: EBT, SNAP, WIC, & more",com.propel.ebenefits,ios,Propel Inc,Finance,Finance | Shopping,689ed142507e92fe6f3de067,https://apps.apple.com/us/app/propel-ebt-snap-wic-more/id1112719759?uo=4
PS Deals,com.valeriichernov.PSDeals,ios,IRONPAW,News,News | Entertainment,689ed112507e92fe6f3de001,https://apps.apple.com/us/app/ps-deals/id1076314983?uo=4
PSEG Long Island,com.psegli.pseglimobileapp,ios,Public Service Enterprise Group Incorporated,Business,Business,689ed197507e92fe6f3de12b,https://apps.apple.com/us/app/pseg-long-island/id1491997914?uo=4
Psiphon VPN: Freedom Online,ca.psiphon.Psiphon,ios,Psiphon Inc,Utilities,Utilities | Productivity,689ed891507e92fe6f3df071,https://apps.apple.com/us/app/psiphon-vpn-freedom-online/id1276263909?uo=4
Psych! Outwit Your Friends,com.wb.psych,ios,Warner Bros.,Games,Games | Family | Word | Entertainment,689ed111507e92fe6f3ddffb,https://apps.apple.com/us/app/psych-outwit-your-friends/id1005765746?uo=4
Publix,com.publix.main,ios,"Publix Super Markets, Inc.",Shopping,Shopping | Lifestyle,689eddc6507e92fe6f3dfb32,https://apps.apple.com/us/app/publix/id562794249?uo=4
Puff Count: Quit Vaping Now,com.Cravotta.Puff-Count,ios,Nelson Azhar,Lifestyle,Lifestyle | Health & Fitness,68a6207458c742477c128129,https://apps.apple.com/us/app/puff-count-quit-vaping-now/id1488580640?uo=4
PULL&BEAR,com.inditex.pullbear,ios,"Industria de Diseno Textil, S.A.",Shopping,Shopping | Lifestyle,689ed0e1507e92fe6f3ddf93,https://apps.apple.com/us/app/pull-bear/id388614277?uo=4
PulsePoint Respond,org.pulsepoint.pulsepoint,ios,PulsePoint Foundation,Medical,Medical | News,689ee03a507e92fe6f3e0074,https://apps.apple.com/us/app/pulsepoint-respond/id500772134?uo=4
Purenista M: Dress-up & Chat,jp.coconev.purenista,ios,cocone v corp.,Social Networking,Social Networking | Games | Family | Casual,689ed306507e92fe6f3de419,https://apps.apple.com/us/app/purenista-m-dress-up-chat/id1629399488?uo=4
Pureple Outfit Planner,com.pureple.wardrobe,ios,Iceclip,Lifestyle,Lifestyle | Shopping,689eda4a507e92fe6f3df428,https://apps.apple.com/us/app/pureple-outfit-planner/id628106373?uo=4
Puzzle Page - Daily Games!,com.appynation.ppge,ios,AppyNation Ltd.,Games,Games | Puzzle | Word | Entertainment,689ed641507e92fe6f3deb45,https://apps.apple.com/us/app/puzzle-page-daily-games/id1308181322?uo=4
PV Master - Solar Panel System,com.giacomoballi.mySun,ios,BigBalli Consulting llc,Weather,Weather | Utilities,689ed7e1507e92fe6f3deece,https://apps.apple.com/us/app/pv-master-solar-panel-system/id396636193?uo=4
Qblock: Wood Block Puzzle Game,puzzle.blockpuzzle.cube.relax,ios,Oakever Games,Games,Games | Board | Puzzle | Entertainment,689ed1f1507e92fe6f3de1a1,https://apps.apple.com/us/app/qblock-wood-block-puzzle-game/id1466197423?uo=4
Qpaws: Track Dog Sports & Care,io.cordova.litt.no.themusher,ios,Qpaws AS,Health & Fitness,Health & Fitness | Social Networking,689ed534507e92fe6f3de8fc,https://apps.apple.com/us/app/qpaws-track-dog-sports-care/id1553911346?uo=4
QR Code Reader & Code Scanner,com.biggu.qrcodereader,ios,"ShopSavvy, Inc.",Utilities,Utilities | Productivity,689ed906507e92fe6f3df16e,https://apps.apple.com/us/app/qr-code-reader-code-scanner/id388175979?uo=4
QR Code Reader，Barcode Scanner,com.internet-rocks.codescanner,ios,Air Apps Systems,Utilities,Utilities | Business,68a620c358c742477c1281c3,https://apps.apple.com/us/app/qr-code-reader-barcode-scanner/id1226650677?uo=4
QR Code Reader/QR Scanner App,com.mixerbox.QR,ios,MixerBox Inc.,Utilities,Utilities | Productivity,689ed346507e92fe6f3de4a4,https://apps.apple.com/us/app/qr-code-reader-qr-scanner-app/id903799541?uo=4
QR Reader for iPhone,com.TapMediaLtd.QRReader,ios,TapMedia Ltd,Utilities,Utilities | Productivity,689edec2507e92fe6f3dfd69,https://apps.apple.com/us/app/qr-reader-for-iphone/id368494609?uo=4
Quack: Communities & Creators,com.quack.app,ios,Quack Marketing Ltd,Social Networking,Social Networking | Lifestyle,689ed438507e92fe6f3de6c7,https://apps.apple.com/us/app/quack-communities-creators/id1437397847?uo=4
Quiz Up Trivia 360,com.vgcentral.dumbtriviaquiz,ios,Vinat Gautam,Games,Games | Trivia | Word,689edfbb507e92fe6f3dff9c,https://apps.apple.com/us/app/quiz-up-trivia-360/id6443959684?uo=4
Quiz: Guess the Celeb 2021,com.kingim.celebquiz,ios,Kingim,Games,Games | Trivia | Word,689ed597507e92fe6f3de9cf,https://apps.apple.com/us/app/quiz-guess-the-celeb-2021/id1552211878?uo=4
QuizDuel! Trivia & Quiz game,se.maginteractive.quizduel2,ios,MAG Interactive,Games,Games | Trivia | Casual | Entertainment,689ed990507e92fe6f3df297,https://apps.apple.com/us/app/quizduel-trivia-quiz-game/id1484354626?uo=4
Quizlet: Study with Flashcards,com.quizlet.quizlet,ios,Quizlet Inc,Education,Education,689edbf1507e92fe6f3df79b,https://apps.apple.com/us/app/quizlet-study-with-flashcards/id546473125?uo=4
QuizzLand. Quiz & Trivia game,com.xmonetize.quizland,ios,MNO GO APPS LTD,Games,Games | Family | Trivia | Education,689ed438507e92fe6f3de6c5,https://apps.apple.com/us/app/quizzland-quiz-trivia-game/id1275023828?uo=4
Quotes and Proverbs,com.webcitric.Topcitations,ios,AR Code Pte. Ltd.,Reference,Reference | Education,689ed98d507e92fe6f3df283,https://apps.apple.com/us/app/quotes-and-proverbs/id592086960?uo=4
Quran - by Quran.com - قرآن,com.quran.ios,ios,"Quran Foundation, Inc",Book,Books | Reference,689eddf9507e92fe6f3dfba2,https://apps.apple.com/us/app/quran-by-quran-com-%D9%82%D8%B1%D8%A2%D9%86/id1118663303?uo=4
Quran Al Kareem القرآن الكريم,com.qurankarim.quran,ios,Best Web Mobile,Reference,Reference | Books,689ed556507e92fe6f3de943,https://apps.apple.com/us/app/quran-al-kareem-%D8%A7%D9%84%D9%82%D8%B1%D8%A2%D9%86-%D8%A7%D9%84%D9%83%D8%B1%D9%8A%D9%85/id639651082?uo=4
Qwant Private Search,com.qwant.mobile,ios,Qwant,Utilities,Utilities | Productivity,689edde7507e92fe6f3dfb7c,https://apps.apple.com/us/app/qwant-private-search/id924470452?uo=4
Race Widgets for F1,f1.widgets.app,ios,Stage Arcade LTD,Sports,Sports | Lifestyle,689edf69507e92fe6f3dfee7,https://apps.apple.com/us/app/race-widgets-for-f1/id6563139297?uo=4
RaceJoy,com.racejoy.racejoy,ios,TriPerta LLC,Health & Fitness,Health & Fitness | Sports,689edd1f507e92fe6f3dfa1b,https://apps.apple.com/us/app/racejoy/id596132953?uo=4
Radio Algeria : algerian radios FM,RadioAlgerie,ios,Sebastien Rousseau,Music,Music,68a6209258c742477c12815b,https://apps.apple.com/us/app/radio-algeria-algerian-radios-fm/id1253415347?uo=4
"Radio FM: Music, News & Sports",com.radiofm.radiofm,ios,RadioFM,Music,Music | Entertainment,689ed424507e92fe6f3de691,https://apps.apple.com/us/app/radio-fm-music-news-sports/id951362406?uo=4
Radio Spain : spanish radios,RadioEspagne,ios,Sebastien Rousseau,Music,Music | Utilities,68a6206858c742477c128121,https://apps.apple.com/us/app/radio-spain-spanish-radios/id1123463518?uo=4
Radio Vaticana,va.spc.vaticanaudio,ios,Segreteria per la Comunicazione,News,News | Reference,689ed4fc507e92fe6f3de86f,https://apps.apple.com/us/app/radio-vaticana/id1391716040?uo=4
radio.net - AM FM Radio Tuner,io.radio,ios,radio.de GmbH,Music,Music | Entertainment,689ed1fe507e92fe6f3de1b7,https://apps.apple.com/us/app/radio-net-am-fm-radio-tuner/id402206359?uo=4
Radish Fiction,com.radishfiction.app,ios,Radish Media,Book,Books | Entertainment,689ed76a507e92fe6f3dedc7,https://apps.apple.com/us/app/radish-fiction/id1076491465?uo=4
Rain Alarm Live Weather Radar,com.avilessoftware.RainAlarm,ios,Carlos Aviles Software,Weather,Weather | Travel,689ed48d507e92fe6f3de784,https://apps.apple.com/us/app/rain-alarm-live-weather-radar/id397676100?uo=4
RAIN RADAR - Live Weather Maps,deluxeware.RainRadarFree,ios,DeluxeWare,Weather,Weather | Travel,689ee03c507e92fe6f3e007e,https://apps.apple.com/us/app/rain-radar-live-weather-maps/id1436271939?uo=4
Ramen Craze - Fun Cooking Game,com.sanopy.ra,ios,Sanopy Limited,Games,Games | Family | Food & Drink | Simulation,689ed1f1507e92fe6f3de1a3,https://apps.apple.com/us/app/ramen-craze-fun-cooking-game/id1320779591?uo=4
Random Generator - Spin Wheel,com.APProfi.zufall,ios,Bennett Bock,Utilities,Utilities | Entertainment,689edbfd507e92fe6f3df7a7,https://apps.apple.com/us/app/random-generator-spin-wheel/id548006118?uo=4
Rap Fame - Rap Music Studio,co.raptech.studios.rap.fame,ios,Rap Tech Studios,Music,Music | Entertainment,689eddea507e92fe6f3dfb88,https://apps.apple.com/us/app/rap-fame-rap-music-studio/id1476399789?uo=4
Rapchat: Music Maker Studio,me.rapchat.RapChat,ios,"Rapchat, Inc.",Music,Music | Social Networking,689ed431507e92fe6f3de6a1,https://apps.apple.com/us/app/rapchat-music-maker-studio/id804913240?uo=4
Rate.am,com.sflpro.Rate-am,ios,Rate.am LLC,Finance,Finance | Business,68a6215158c742477c1282d8,https://apps.apple.com/us/app/rate-am/id523423414?uo=4
Ravin Jeanswear,com.tapcart.2JazfJEVtQ,ios,RAVIN,Shopping,Shopping | Lifestyle,689ed8e0507e92fe6f3df108,https://apps.apple.com/us/app/ravin-jeanswear/id1435456336?uo=4
Read Scripture,org.crazylove.ReadScripture,ios,Crazy Love Ministries,Book,Books | Lifestyle,689ed904507e92fe6f3df160,https://apps.apple.com/us/app/read-scripture/id1067865974?uo=4
Reader's Digest,com.rd.readersdigest,ios,"Trusted Media Brands, Inc.",Lifestyle,Lifestyle | Magazines & Newspapers,689ed294507e92fe6f3de317,https://apps.apple.com/us/app/readers-digest/id411524298?uo=4
Readict - novels and more,ios.novel.reader.story,ios,"VitalTek, Inc.",Book,Books,689ed901507e92fe6f3df153,https://apps.apple.com/us/app/readict-novels-and-more/id1499605819?uo=4
Reading List: Book Tracker,com.andrewbennet.books,ios,Andrew Bennet Ltd,Book,Books | Utilities,689ed550507e92fe6f3de927,https://apps.apple.com/us/app/reading-list-book-tracker/id1217139955?uo=4
Readly - Unlimited Magazines,com.readly.Readly,ios,Readly,Magazines & Newspapers,Magazines & Newspapers | News,689edc67507e92fe6f3df88a,https://apps.apple.com/us/app/readly-unlimited-magazines/id599256899?uo=4
ReadNow: Romance Books Library,com.changduhk.minireaderen,ios,成都凤鸣轩网络科技有限公司,Book,Books | Magazines & Newspapers,689ede5e507e92fe6f3dfc89,https://apps.apple.com/us/app/readnow-romance-books-library/id1471258643?uo=4
Real Boxing 2,com.vividgames.realboxing2,ios,Vivid Games S.A.,Games,Games | Sports | Entertainment | Simulation,689ed447507e92fe6f3de6e2,https://apps.apple.com/us/app/real-boxing-2/id932779605?uo=4
Real Diamond Tester: Gemstone,stones.com,ios,Nguyen Thuy Duong,Reference,Reference | Utilities,689edce0507e92fe6f3df99c,https://apps.apple.com/us/app/real-diamond-tester-gemstone/id6476104287?uo=4
Real Drum: electronic drum set,br.com.rodrigokolb.RealDrum,ios,KOLB SISTEMAS - EIRELI,Music,Music | Simulation | Games | Music,689edc56507e92fe6f3df869,https://apps.apple.com/us/app/real-drum-electronic-drum-set/id550920929?uo=4
Real Razor (Prank),com.imapps.irazor,ios,Inigo Mato,Entertainment,Entertainment | Games | Simulation | Role Playing,689eda2b507e92fe6f3df3ec,https://apps.apple.com/us/app/real-razor-prank/id909904428?uo=4
Rebellious Fashion,com.rebellious.rebellious,ios,Rebellious Fashion,Shopping,Shopping | Lifestyle,689ed4fd507e92fe6f3de877,https://apps.apple.com/us/app/rebellious-fashion/id1476240610?uo=4
Recipe Keeper,com.tudorspan.recipekeeper,ios,Tudorspan Limited,Food & Drink,Food & Drink,689ed230507e92fe6f3de22d,https://apps.apple.com/us/app/recipe-keeper/id974683711?uo=4
RecipeBox - Save Your Recipes!,com.7thfrequency.Recipe,ios,"RecipeBox, LLC",Food & Drink,Food & Drink | Health & Fitness,689ed400507e92fe6f3de646,https://apps.apple.com/us/app/recipebox-save-your-recipes/id1433840494?uo=4
Redbubble - Shop original art,com.redbubble.rb,ios,"Redbubble, Inc.",Shopping,Shopping | Lifestyle,689ed2c1507e92fe6f3de36d,https://apps.apple.com/us/app/redbubble-shop-original-art/id1145737091?uo=4
"redBus: Bus, Train Booking App",in.redbus.redBus,ios,Pilani Soft Labs Pvt. Ltd,Travel,Travel | Business,689ed465507e92fe6f3de718,https://apps.apple.com/us/app/redbus-bus-train-booking-app/id733712604?uo=4
Reddit,com.reddit.Reddit,ios,reddit,News,News | Social Networking,689ed653507e92fe6f3deb6c,https://apps.apple.com/us/app/reddit/id1064216828?uo=4
Reface: Face Swap AI Photo App,com.neocortext.doublicatapp,ios,"NEOCORTEXT, INC.",Graphics & Design,Graphics & Design | Photo & Video,689ed8b2507e92fe6f3df0ad,https://apps.apple.com/us/app/reface-face-swap-ai-photo-app/id1488782587?uo=4
REI Co-op – Shop Outdoor Gear,com.rei.eCommerce,ios,"Recreational Equipment, Inc",Shopping,Shopping | Lifestyle,689edfbe507e92fe6f3dffa4,https://apps.apple.com/us/app/rei-co-op-shop-outdoor-gear/id404849387?uo=4
Reigns: Three Kingdoms,com.netflix.NGP.ReignsThreeKingdoms,ios,"Netflix, Inc.",Games,Games | Simulation | Strategy,689ed550507e92fe6f3de925,https://apps.apple.com/us/app/reigns-three-kingdoms/id1636948693?uo=4
Reincubate Lookup,com.reincubate.ios.lookup,ios,Reincubate,Reference,Reference | Utilities,689ed552507e92fe6f3de931,https://apps.apple.com/us/app/reincubate-lookup/id1483923951?uo=4
Relax-Age Magic & Meditation,com.relaxteam.relax,ios,MISSU LIMITED,Health & Fitness,Health & Fitness,689ed658507e92fe6f3deb7c,https://apps.apple.com/us/app/relax-age-magic-meditation/id1447595867?uo=4
Remember Vocabulary Flashcards,io.rmmbr.remember,ios,Remember Limited,Education,Education | Productivity,689edaf8507e92fe6f3df5b0,https://apps.apple.com/us/app/remember-vocabulary-flashcards/id1165996492?uo=4
Remind Me: ToDo reminder,net.returntrue.RemindMe,ios,Yuma Ikeda,Productivity,Productivity | Utilities,689ed748507e92fe6f3ded7a,https://apps.apple.com/us/app/remind-me-todo-reminder/id1232651315?uo=4
Remind: School Communication,com.remind101.Remind101,ios,ParentSquare,Education,Education | Social Networking,689ed913507e92fe6f3df180,https://apps.apple.com/us/app/remind-school-communication/id522826277?uo=4
Reminders,com.apple.reminders,ios,Apple,Productivity,Productivity,688c9d40c5f5365afd3ac974,https://apps.apple.com/us/app/reminders/id1108187841?uo=4
Remitly: Send Money & Transfer,com.remitly.remitly,ios,Remitly Inc,Finance,Finance | Lifestyle,689ed1ee507e92fe6f3de18f,https://apps.apple.com/us/app/remitly-send-money-transfer/id674258465?uo=4
RemoteMaster,com.yaokantv.remotemaster,ios,"Shenzhen Yaokan Technology Co., Ltd.",Lifestyle,Lifestyle | Utilities,689edde6507e92fe6f3dfb7a,https://apps.apple.com/us/app/remotemaster/id947775284?uo=4
Replika - AI Friend,ai.replika.app,ios,"Luka, Inc.",Health & Fitness,Health & Fitness | Entertainment,689ed1d7507e92fe6f3de168,https://apps.apple.com/us/app/replika-ai-friend/id1158555867?uo=4
ResortPass,com.resortpass.app,ios,"ResortPass, Inc.",Travel,Travel | Lifestyle,689ed5b9507e92fe6f3dea1c,https://apps.apple.com/us/app/resortpass/id1557539492?uo=4
Respinomics,com.ceva.respinomicsv2,ios,Ceva Sante Animale S.A.,Business,Business,689edc56507e92fe6f3df867,https://apps.apple.com/us/app/respinomics/id1643527543?uo=4
Resume Builder - PDF Templates,com.AirBirds.Resume.ResumeBuilderApp,ios,Gaurav Singla,Business,Business | Productivity,689edb0a507e92fe6f3df5d3,https://apps.apple.com/us/app/resume-builder-pdf-templates/id1457796755?uo=4
Resume Builder Pro with AI,app.uncaught.resume-builder,ios,Uncaught Exception Inc,Business,Business | Education,68a621bb58c742477c12839f,https://apps.apple.com/us/app/resume-builder-pro-with-ai/id1457411537?uo=4
Retro Fitness.,com.netpulse.retrofitness,ios,"Retrofitness, LLC",Health & Fitness,Health & Fitness | Sports,689ed432507e92fe6f3de6a5,https://apps.apple.com/us/app/retro-fitness/id924464892?uo=4
Retrofête,com.vennapps.retrofete,ios,Retrofete Inc.,Shopping,Shopping | Lifestyle,689ed5fd507e92fe6f3deaba,https://apps.apple.com/us/app/retrof%C3%AAte/id6450855400?uo=4
Reuters News,com.thomsonreuters.Reuters,ios,Thomson Reuters Enterprise Centre GmbH,News,News | Photo & Video,689ed337507e92fe6f3de48a,https://apps.apple.com/us/app/reuters-news/id602660809?uo=4
Reverse Image Search & AI Lens,com.ipopapp.imagesearchfree,ios,Yajing Qian,Utilities,Utilities | Productivity,689ed4df507e92fe6f3de83e,https://apps.apple.com/us/app/reverse-image-search-ai-lens/id1003144513?uo=4
Reverso translate and learn,com.softissimo.ReversoContext,ios,Theo Hoffenberg,Reference,Reference | Education,689edbed507e92fe6f3df786,https://apps.apple.com/us/app/reverso-translate-and-learn/id919979642?uo=4
Rinco Ringtones - Alarm Clock,free.ringtone.alarm.songs.music.maker,ios,Sengle Tech,Lifestyle,Lifestyle | Entertainment,689eddb6507e92fe6f3dfb0d,https://apps.apple.com/us/app/rinco-ringtones-alarm-clock/id1528706227?uo=4
Ringtone Downloader Pro,com.mobgen.ringtonedownloader,ios,Mobgen Apps Inc,Music,Music | Entertainment,689edcdb507e92fe6f3df984,https://apps.apple.com/us/app/ringtone-downloader-pro/id1005856022?uo=4
Ringtones Maker - the ring app,com.csj.ling,ios,苏娟 陈,Productivity,Productivity | Utilities,689ede3a507e92fe6f3dfc33,https://apps.apple.com/us/app/ringtones-maker-the-ring-app/id1358107315?uo=4
Ringtones: for iPhone,com.ringtonemaker.app,ios,Ringtones LLC,Music,Music | Productivity,689ed12e507e92fe6f3de02f,https://apps.apple.com/us/app/ringtones-for-iphone/id1470100930?uo=4
RingTune - Ringtone Maker,com.ringtonesapp,ios,Ringtones LP,Music,Music | Entertainment,689ed7d1507e92fe6f3deeaf,https://apps.apple.com/us/app/ringtune-ringtone-maker/id1036141497?uo=4
RoadReady,com.SafeRoadsAlliance.RoadReady,ios,"Safe Roads Alliance, Inc.",Education,Education | Utilities,689edbad507e92fe6f3df707,https://apps.apple.com/us/app/roadready/id699534935?uo=4
RoastMate,com.mla.lambroast,ios,Meat & Livestock Australia Limited,Food & Drink,Food & Drink | Utilities,689eda8a507e92fe6f3df4b8,https://apps.apple.com/us/app/roastmate/id848819352?uo=4
Rock vs Guitar Legends HD,com.HGames.RGHero,ios,HGames-ArtWorks s.r.o.,Games,Games | Simulation | Music | Music,689ed596507e92fe6f3de9cb,https://apps.apple.com/us/app/rock-vs-guitar-legends-hd/id967255341?uo=4
Rocket Soccer Derby,com.destructioncrew.soccerleague,ios,Rabbit Mountain,Games,Games | Racing | Entertainment | Sports,689ed5ab507e92fe6f3dea04,https://apps.apple.com/us/app/rocket-soccer-derby/id1347858697?uo=4
Rocket Star: Idle Tycoon Game,com.pixodust.games.rocket.star.inc.idle.space.factory.tycoon,ios,Pixo Games,Games,Games | Strategy | Entertainment | Simulation,689ed4a9507e92fe6f3de7b1,https://apps.apple.com/us/app/rocket-star-idle-tycoon-game/id1435697033?uo=4
Roller Coaster VR Theme Park,com.actbyte.roller.coaster.vr,ios,Vipera Games sp. z o.o.,Games,Games | Simulation | Family | Entertainment,689ed0be507e92fe6f3ddf3a,https://apps.apple.com/us/app/roller-coaster-vr-theme-park/id1029391378?uo=4
Romanian-English Dictionary,Dictromanian,ios,FB PUBLISHING LLC,Reference,Reference | Education,68a6213158c742477c128295,https://apps.apple.com/us/app/romanian-english-dictionary/id1502527308?uo=4
Rome2Rio: Trip Planner,com.rome2rio.Rome2Rio,ios,Rome2rio Pty Ltd,Travel,Travel | Navigation,689ed53f507e92fe6f3de900,https://apps.apple.com/us/app/rome2rio-trip-planner/id569793256?uo=4
ROSEGAL-1/2 vintage+1/2 gothic,cn.ekey.rosegal,ios,DAIMA E-COMMERCE (HONG KONG)LIMITED,Shopping,Shopping | Lifestyle,689ed95e507e92fe6f3df223,https://apps.apple.com/us/app/rosegal-1-2-vintage-1-2-gothic/id1159274056?uo=4
Rosetta Stone: Learn Languages,com.rosettastone.totale.companionhd,ios,"Rosetta Stone, Ltd.",Education,Education | Travel,689ed376507e92fe6f3de507,https://apps.apple.com/us/app/rosetta-stone-learn-languages/id435588892?uo=4
Round Health,com.circadiandesign.Nudge,ios,Circadian Design,Medical,Medical | Health & Fitness,689ed0b1507e92fe6f3ddf26,https://apps.apple.com/us/app/round-health/id1059591124?uo=4
Route4Me Route Planner,com.route4me.route4me,ios,Route4Me Inc,Navigation,Navigation | Productivity,689ed165507e92fe6f3de0bf,https://apps.apple.com/us/app/route4me-route-planner/id349853799?uo=4
Rover—Dog Sitters & Walkers,com.rover.Rover-com,ios,Rover.com,Travel,Travel | Lifestyle,68a6205658c742477c1280f3,https://apps.apple.com/us/app/rover-dog-sitters-walkers/id547320928?uo=4
RSVP Live,com.reach.rsvplive,ios,Trinity Mirror Digital Media Limited,News,News | Entertainment,689ed4aa507e92fe6f3de7b9,https://apps.apple.com/us/app/rsvp-live/id1441970120?uo=4
RTD MyRide,com.justride.rtddenver,ios,Regional Transportation District,Travel,Travel | Utilities,689ed25e507e92fe6f3de28a,https://apps.apple.com/us/app/rtd-myride/id1302195466?uo=4
RU Maps,com.SmartsPrograms.RUMaps,ios,Smart's Apps LLC,Navigation,Navigation | Travel,689edbab507e92fe6f3df6ff,https://apps.apple.com/us/app/ru-maps/id514231057?uo=4
RUClosed - Snow Day,com.falconsw.ruclosed,ios,Falcon Software LLC,Weather,Weather | News,689ed7e6507e92fe6f3deeec,https://apps.apple.com/us/app/ruclosed-snow-day/id1448050225?uo=4
Rumble,com.rumble.battles,ios,Rumble Inc.,Photo & Video,Photo & Video | Social Networking,689edd04507e92fe6f3df9f0,https://apps.apple.com/us/app/rumble/id1518427877?uo=4
Rumble Stars,com.frogmindgames.rumblestars,ios,HypeHype Oy,Games,Games | Entertainment | Sports | Action,689ed1ff507e92fe6f3de1ba,https://apps.apple.com/us/app/rumble-stars/id1348299880?uo=4
Running Trainer: Tracker&Coach,com.heavydutyapps.Running,ios,FITNESS22 LTD,Health & Fitness,Health & Fitness | Lifestyle,689ed903507e92fe6f3df15c,https://apps.apple.com/us/app/running-trainer-tracker-coach/id1205237896?uo=4
Russian Car Crash Simulator 3D,com.russian.car.crash.simulator,ios,Yevhen Isayev,Games,Games | Racing | Simulation,689ed6c2507e92fe6f3dec4c,https://apps.apple.com/us/app/russian-car-crash-simulator-3d/id6462903177?uo=4
Ruzzle,se.maginteractive.Rumble,ios,MAG Interactive,Games,Games | Board | Word,689ed6d2507e92fe6f3dec6a,https://apps.apple.com/us/app/ruzzle/id504265646?uo=4
Ryanair,com.ryanair.cheapflights,ios,Ryanair Ltd.,Travel,Travel,689ed23d507e92fe6f3de243,https://apps.apple.com/us/app/ryanair/id504270602?uo=4
RYR: Ryanair Air Tracker,com.ryanair-bolat,ios,fikret urgan,Travel,Travel | Navigation,68a621af58c742477c128391,https://apps.apple.com/us/app/ryr-ryanair-air-tracker/id1101757958?uo=4
S'moresUp - Best Chores App,com.rotation5.smoresup,ios,"Rotation 5, LLC",Productivity,Productivity | Lifestyle,689edc5a507e92fe6f3df879,https://apps.apple.com/us/app/smoresup-best-chores-app/id1287367596?uo=4
Sacred Music,org.lds.ldsmusic,ios,The Church of Jesus Christ of Latter-day Saints,Music,Music | Reference,689edc97507e92fe6f3df8ea,https://apps.apple.com/us/app/sacred-music/id463553380?uo=4
Safari,com.apple.mobilesafari,ios,Apple,Utilities,Utilities,68a76db818dea0d08a30d36a,https://apps.apple.com/us/app/safari/id1146562112?uo=4
SailFlow: Marine Forecasts,com.weatherflow.sailflow,ios,WeatherFlow,Weather,Weather | Sports,689ed4eb507e92fe6f3de847,https://apps.apple.com/us/app/sailflow-marine-forecasts/id555309964?uo=4
Salon Bliss!,com.phorest.training.demo,ios,Phorest,Lifestyle,Lifestyle | Health & Fitness,689edb41507e92fe6f3df61c,https://apps.apple.com/us/app/salon-bliss/id1476426688?uo=4
Samsung Health,com.samsung.health,ios,"Samsung Electronics Co., Ltd.",Health & Fitness,Health & Fitness | Lifestyle,689ed85c507e92fe6f3defeb,https://apps.apple.com/us/app/samsung-health/id1224541484?uo=4
San Antonio News from KENS 5,tegna.kens.news,ios,Tegna Inc.,News,News | Weather,689eda8c507e92fe6f3df4c0,https://apps.apple.com/us/app/san-antonio-news-from-kens-5/id1453203808?uo=4
San Marino Takeaway,ie.brightlight.sanmarino,ios,CheckoutNgo,Food & Drink,Food & Drink,689ed2f2507e92fe6f3de3e0,https://apps.apple.com/us/app/san-marino-takeaway/id1050101110?uo=4
Sanctuary Psychic Reading,sanctuaryworld.co,ios,Sanctuary Ventures Inc,Lifestyle,Lifestyle | Reference,689ed05b507e92fe6f3dde50,https://apps.apple.com/us/app/sanctuary-psychic-reading/id1417411962?uo=4
Sandbox - Pixel Art Coloring,art.sandbox.app,ios,Alexey Grigorkin,Entertainment,Entertainment | Games | Family | Puzzle,689edacf507e92fe6f3df549,https://apps.apple.com/us/app/sandbox-pixel-art-coloring/id1237405816?uo=4
Sasa HK - 香港莎莎,hk.com.nineyi.shop.s000017,ios,Sa Sa Dot Com Limited,Shopping,Shopping,689ed8d2507e92fe6f3df0f3,https://apps.apple.com/us/app/sasa-hk-%E9%A6%99%E6%B8%AF%E8%8E%8E%E8%8E%8E/id1551748743?uo=4
"SAT®: Practice,Prep,Flashcards",com.varsitytutors.LT-SAT,ios,Varsity Tutors,Education,Education | Reference,68a621c058c742477c1283b4,https://apps.apple.com/us/app/sat-practice-prep-flashcards/id931558522?uo=4
Say Something SHP,com.p3tips.saysomething,ios,"Navigate360, LLC",Education,Education,689ed0b0507e92fe6f3ddf24,https://apps.apple.com/us/app/say-something-shp/id1216883910?uo=4
SC Emergency Manager,org.scemd.app,ios,South Carolina Emergency Management Division,Reference,Reference | Utilities,689ede81507e92fe6f3dfce2,https://apps.apple.com/us/app/sc-emergency-manager/id1378105431?uo=4
Scala 40 Più - Card Games,it.spaghettiinteractive.scala40piu,ios,Spaghetti Interactive,Games,Games | Casino | Card | Social Networking,689eda08507e92fe6f3df395,https://apps.apple.com/us/app/scala-40-pi%C3%B9-card-games/id1488633030?uo=4
Scan Shot・Document Scanner PDF,scanner.shot.app,ios,Scanner App PDF Tool,Business,Business | Productivity,689ed0a0507e92fe6f3ddeff,https://apps.apple.com/us/app/scan-shot-document-scanner-pdf/id1575194801?uo=4
Scan to PDF: Converter Scanner,com.musthaveapps.easy.scanner,ios,Must Have Apps,Business,Business | Productivity,689ed160507e92fe6f3de0a1,https://apps.apple.com/us/app/scan-to-pdf-converter-scanner/id1180773759?uo=4
ScanGuru: Document PDF Scanner,com.sergey-gerasimenko.EasyDocScan,ios,GM UniverseApps Limited,Business,Business | Productivity,68a621c058c742477c1283b6,https://apps.apple.com/us/app/scanguru-document-pdf-scanner/id1040149161?uo=4
ScanLife PowerShopper,com.scanbuy.ScanLife,ios,Becausal,Shopping,Shopping | Utilities,689ed960507e92fe6f3df22d,https://apps.apple.com/us/app/scanlife-powershopper/id285324287?uo=4
"Scanner App. JPG, Photo to PDF",app.scanz,ios,Municorn,Business,Business | Productivity,689ede4f507e92fe6f3dfc75,https://apps.apple.com/us/app/scanner-app-jpg-photo-to-pdf/id1425891150?uo=4
Scanner Vault: PDF & OCR Scan,com.appsverse.scanner,ios,Appsverse Inc.,Business,Business | Productivity,689edbfc507e92fe6f3df7a1,https://apps.apple.com/us/app/scanner-vault-pdf-ocr-scan/id1402847779?uo=4
Scary Sprankie Beats,com.funny.scary.sprunkie.beats,ios,ANH TUAN PHAM,Games,Games | Casual | Music | Puzzle,689edb62507e92fe6f3df658,https://apps.apple.com/us/app/scary-sprankie-beats/id6738603743?uo=4
Schedulista Appointments,com.schedulista.mobile,ios,Hello World LLC,Business,Business | Productivity,689ede71507e92fe6f3dfcbf,https://apps.apple.com/us/app/schedulista-appointments/id579198489?uo=4
Science News & Discoveries,com.briox.riversip.tech.science,ios,"Loyal Foundry, Inc.",News,News | Productivity,689eda5d507e92fe6f3df45d,https://apps.apple.com/us/app/science-news-discoveries/id881467558?uo=4
"Scoopz: Real Life, Real Video",com.localaiapp.bloom,ios,"Local AI, Inc.",Entertainment,Entertainment | Social Networking,689ed20f507e92fe6f3de1dd,https://apps.apple.com/us/app/scoopz-real-life-real-video/id6449206831?uo=4
Scopa Più - Card Games,it.spaghettiinteractive.scopapiu,ios,Spaghetti Interactive,Games,Games | Casino | Social Networking | Card,689ed110507e92fe6f3ddff4,https://apps.apple.com/us/app/scopa-pi%C3%B9-card-games/id718081110?uo=4
Scoreboard | Score keeper,com.sportsearchuk.scoreboard,ios,SportHub Technologies Ltd,Sports,Sports | Utilities,689ed95e507e92fe6f3df221,https://apps.apple.com/us/app/scoreboard-score-keeper/id413882394?uo=4
Scotch Whisky Auctions,ScotchWhiskyAuctions,ios,fuzzylime,Food & Drink,Food & Drink,68a620e558c742477c12820d,https://apps.apple.com/us/app/scotch-whisky-auctions/id662851101?uo=4
Scouting Magazine (BSA),com.magappzine.cubscouts,ios,Boy Scouts of America,Magazines & Newspapers,Magazines & Newspapers | Lifestyle,689ed0cf507e92fe6f3ddf62,https://apps.apple.com/us/app/scouting-magazine-bsa/id1075767434?uo=4
ScreenKit - App Icons & Widget,xyz.screenkit.screenkit,ios,Twinstar Creatives,Graphics & Design,Graphics & Design | Utilities,689ed7d5507e92fe6f3deec6,https://apps.apple.com/us/app/screenkit-app-icons-widget/id1533393982?uo=4
Scriptable,dk.simonbs.Scriptable,ios,Simon B. Støvring,Developer Tools,Developer Tools,689ed97c507e92fe6f3df25a,https://apps.apple.com/us/app/scriptable/id1405459188?uo=4
ScriptSave WellRx Rx Discounts,com.WellRx,ios,"Medical Security Card Company, LLC.",Medical,Medical | Health & Fitness,689edcac507e92fe6f3df924,https://apps.apple.com/us/app/scriptsave-wellrx-rx-discounts/id1016290130?uo=4
ScripturePlus,com.nuvek.scriptures-plus-ios,ios,"Nuvek, LLC",Reference,Reference | Education,68a621a058c742477c128378,https://apps.apple.com/us/app/scriptureplus/id1459546023?uo=4
ScriptWidget,com.everettjf.scriptwidget,ios,峰 朱,Developer Tools,Developer Tools | Utilities,689ed9e3507e92fe6f3df345,https://apps.apple.com/us/app/scriptwidget/id1555600758?uo=4
Scrolling Words,com.rolling.crossword.puzzle.game,ios,ASTER PLAY,Games,Games | Education | Casual | Word,689ed0af507e92fe6f3ddf1a,https://apps.apple.com/us/app/scrolling-words/id1498296992?uo=4
SD Emergency,org.CountyofSanDiego.SDEmergency,ios,County of San Diego,Reference,Reference | News,689ed101507e92fe6f3ddfd6,https://apps.apple.com/us/app/sd-emergency/id561733287?uo=4
Seabook Maritime,com.ozgurdogangunes.seabook,ios,Ozgur GUNES,Education,Education | Books,689ed8bf507e92fe6f3df0be,https://apps.apple.com/us/app/seabook-maritime/id708215141?uo=4
SeaKey,org.localcosmos.seatax,ios,Code for Nature,Book,Books | Education,689ed97d507e92fe6f3df261,https://apps.apple.com/us/app/seakey/id6448617545?uo=4
Seam Reader,com.SeamReaders.iOS.SeamReader,ios,Jared Tiefenthaler,Sports,Sports | Games | Trivia,689ed80a507e92fe6f3def3a,https://apps.apple.com/us/app/seam-reader/id1502833772?uo=4
SeatGeek - Buy Event Tickets,com.seatgeek.SeatGeek,ios,"SeatGeek, Inc.",Entertainment,Entertainment | Sports,689ed337507e92fe6f3de488,https://apps.apple.com/us/app/seatgeek-buy-event-tickets/id582790430?uo=4
Secret Diary With Passcode,com.brc.SecretDiaryWithPasscode,ios,Berce Alin,Lifestyle,Lifestyle | Utilities,689ed8e1507e92fe6f3df10c,https://apps.apple.com/us/app/secret-diary-with-passcode/id1122964200?uo=4
Secret Menu for Starbucks!,com.sepiasoftware.secretmenufree,ios,Sepia Software LLC,Food & Drink,Food & Drink | Lifestyle,689edf16507e92fe6f3dfe23,https://apps.apple.com/us/app/secret-menu-for-starbucks/id839914467?uo=4
Security Alarm - AntiTheft,com.niliosdeveloper.phonesecurity,ios,NileshKumar Rathod,Utilities,Utilities | Lifestyle,689edd21507e92fe6f3dfa23,https://apps.apple.com/us/app/security-alarm-antitheft/id1447621494?uo=4
Seek by iNaturalist,org.inaturalist.iNatLite,ios,iNaturalist,Education,Education | Photo & Video,689ed271507e92fe6f3de2c4,https://apps.apple.com/us/app/seek-by-inaturalist/id1353224144?uo=4
Seesaw,me.see-saw.classroom,ios,"Seesaw Learning, Inc.",Education,Education | Photo & Video,68a621ab58c742477c128380,https://apps.apple.com/us/app/seesaw/id930565184?uo=4
Segtho,com.alexander.segtho,ios,Roshan Alexander,Reference,Reference,689ed61a507e92fe6f3deaeb,https://apps.apple.com/us/app/segtho/id1502186295?uo=4
Self Help for Trauma,se.hlweb.selfhelpfortrauma,ios,Peaceful Heart Network,Medical,Medical | Education,689ee02b507e92fe6f3e0057,https://apps.apple.com/us/app/self-help-for-trauma/id1394291317?uo=4
Selfridges,com.selfridges.iphone,ios,Selfridges Retail Ltd,Shopping,Shopping | Lifestyle,689ed5c8507e92fe6f3dea34,https://apps.apple.com/us/app/selfridges/id1104960350?uo=4
Selin: Your Period Tracker,com.techbritinc.selin,ios,"Tech Brit, Inc",Health & Fitness,Health & Fitness | Lifestyle,689edf8b507e92fe6f3dff34,https://apps.apple.com/us/app/selin-your-period-tracker/id1669125246?uo=4
Sensory Fidget Toys No Anxiety,com.surprisinggames.fidgettoys,ios,Shanze Shafique,Health & Fitness,Health & Fitness | Simulation | Games | Casual,689ed81a507e92fe6f3def56,https://apps.apple.com/us/app/sensory-fidget-toys-no-anxiety/id1546701662?uo=4
Serial Reader: Daily Book Bits,org.mschmitt.Breakfast-Serial,ios,Michael Schmitt,Book,Books | Education,68a620d658c742477c1281f1,https://apps.apple.com/us/app/serial-reader-daily-book-bits/id1077180804?uo=4
sermon.net,net.sermon.sermon.net,ios,Sermon Network,Reference,Reference | Lifestyle,689eda9f507e92fe6f3df4ef,https://apps.apple.com/us/app/sermon-net/id385060535?uo=4
Sesame Street,com.sesameworkshop.sesamegoapp,ios,Sesame Workshop (Apps),Education,Education | Entertainment,689ed200507e92fe6f3de1c2,https://apps.apple.com/us/app/sesame-street/id912435108?uo=4
Settings,com.apple.Preferences,ios,Apple,Utilities,,68afb3b9a29bcf39aa9b05e0,https://support.apple.com/guide/iphone/find-settings-iph079e1fe9d/ios
Shape Your Crêpe,ie.flipdish.fd19394,ios,Shape Your Crêpe,Food & Drink,Food & Drink | Lifestyle,689ed07f507e92fe6f3ddeaf,https://apps.apple.com/us/app/shape-your-cr%C3%AApe/id1613361466?uo=4
Shapes and Colors for Toddler!,com.idzdigital.dino.kids.colors.shapes.toddler.games,ios,IDZ Digital Private Limited,Education,Education | Games | Family | Puzzle,689ed150507e92fe6f3de07e,https://apps.apple.com/us/app/shapes-and-colors-for-toddler/id1599079864?uo=4
Sharecare: Health & Well-being,com.sharecare.ios,ios,"Sharecare, Inc.",Health & Fitness,Health & Fitness | Medical,689ed75c507e92fe6f3dedb1,https://apps.apple.com/us/app/sharecare-health-well-being/id964313779?uo=4
Sharper Image Smart,btweight.taiza.com.sharperEn,ios,"MerchSource, LLC",Health & Fitness,Health & Fitness | Utilities,689ed78f507e92fe6f3dee20,https://apps.apple.com/us/app/sharper-image-smart/id1360087532?uo=4
Shazam: Find Music & Concerts,com.shazam.Shazam,ios,Apple,Music,Music | Entertainment,68bfc4983e3637f1d9f9efce,https://apps.apple.com/us/app/shazam-find-music-concerts/id284993459?uo=4
She Reads Truth,com.shereadstruth.shereadstruth,ios,She Reads Truth,Reference,Reference | Lifestyle,689ed84e507e92fe6f3defd8,https://apps.apple.com/us/app/she-reads-truth/id892128363?uo=4
Sheet Music Scanner,ie.xemsoft.ScorePlayer,ios,David Zemsky,Music,Music | Education,689ed565507e92fe6f3de960,https://apps.apple.com/us/app/sheet-music-scanner/id884984324?uo=4
SHEIN - Shopping Online,zzkko.com.ZZKKO,ios,ROADGET BUSINESS PTE. LTD.,Shopping,Shopping,689ed07d507e92fe6f3ddea4,https://apps.apple.com/us/app/shein-shopping-online/id878577184?uo=4
"Shell: Fuel, Charge & More",com.shell.sitibv.motorist.america,ios,Shell Information Technology International B.V.,Navigation,Navigation,689ed211507e92fe6f3de1ea,https://apps.apple.com/us/app/shell-fuel-charge-more/id1410234033?uo=4
Sherwin-Williams PRO+,com.sherwin.ProBuyPlus,ios,The Sherwin-Williams Company,Business,Business | Productivity,689ed513507e92fe6f3de8b6,https://apps.apple.com/us/app/sherwin-williams-pro/id1189158431?uo=4
Shgardi | شقردي,com.mnasat.nashmi,ios,Nashmi,Food & Drink,Food & Drink | Lifestyle,689ed74b507e92fe6f3ded87,https://apps.apple.com/us/app/shgardi-%D8%B4%D9%82%D8%B1%D8%AF%D9%8A/id1452817340?uo=4
Shift Work Calendar,jp.ebisusoft.shiftworkcallite,ios,Ebisu Soft Inc.,Productivity,Productivity | Lifestyle,689edf05507e92fe6f3dfdfc,https://apps.apple.com/us/app/shift-work-calendar/id381672587?uo=4
Shopping Taxi Simulator,com.shopping.mall.taxi.drivingsim,ios,NGUYEN TRONG XUAN,Games,Games | Entertainment | Sports | Family,689edaf6507e92fe6f3df5a6,https://apps.apple.com/us/app/shopping-taxi-simulator/id1439881724?uo=4
Shortcuts,is.workflow.my.app,ios,Apple,Productivity,Productivity | Utilities,68bfbc93c1015da2c60c01aa,https://apps.apple.com/us/app/shortcuts/id915249334?uo=4
Shortcuts (Quick Open),com.andrewbfang.ShortcutsFree,ios,Andrew Fang,Productivity,Productivity | Utilities,689ed06c507e92fe6f3dde7a,https://apps.apple.com/us/app/shortcuts-quick-open/id1071033222?uo=4
Show Caller ID & Spam Blocker,metasol.show.real.caller.id,ios,Metasol Technologies,Utilities,Utilities | Social Networking,689ed182507e92fe6f3de0ee,https://apps.apple.com/us/app/show-caller-id-spam-blocker/id6450506574?uo=4
SHRED: Gym & Home Workouts,com.shred.shredlabs,ios,"Shred Labs, LLC",Health & Fitness,Health & Fitness | Lifestyle,689ed102507e92fe6f3ddfdc,https://apps.apple.com/us/app/shred-gym-home-workouts/id1439828095?uo=4
"ShutEye®: Sleep Tracker, Sound",health.sleep.sounds.tracker.alarm.calm,ios,Enerjoy Pte. Ltd.,Health & Fitness,Health & Fitness,689ed4da507e92fe6f3de81e,https://apps.apple.com/us/app/shuteye-sleep-tracker-sound/id1490078804?uo=4
Shutterfly: Prints Cards Gifts,com.shutterfly.ShutterflyUploader,ios,Shutterfly,Photo & Video,Photo & Video | Shopping,689edc78507e92fe6f3df8af,https://apps.apple.com/us/app/shutterfly-prints-cards-gifts/id309465525?uo=4
Signal - Private Messenger,org.whispersystems.signal,ios,"Signal Messenger, LLC",Social Networking,Social Networking | Utilities,689edbcc507e92fe6f3df73d,https://apps.apple.com/us/app/signal-private-messenger/id874139669?uo=4
SignNow: e-Signature app,com.signnow.signnow,ios,"airSlate, Inc.",Productivity,Productivity | Utilities,689edf7e507e92fe6f3dff24,https://apps.apple.com/us/app/signnow-e-signature-app/id489262811?uo=4
Silhouette Go,com.silhouettesoftware.silhouettego,ios,SILHOUETTE RESEARCH & TECHNOLOGY LIMITED,Graphics & Design,Graphics & Design | Productivity,689ed544507e92fe6f3de91b,https://apps.apple.com/us/app/silhouette-go/id1501803589?uo=4
Silly Wisher,com.sketchi.sillywisher,ios,Sun Li Lily,Entertainment,Entertainment | Utilities,689ed223507e92fe6f3de21d,https://apps.apple.com/us/app/silly-wisher/id6444465724?uo=4
Silver Hallmarks - Maker Marks,com.giacomoballi.silverMarks,ios,BigBalli Consulting llc,Reference,Reference | Shopping,689ede6f507e92fe6f3dfcb0,https://apps.apple.com/us/app/silver-hallmarks-maker-marks/id514531677?uo=4
Simple GPS logger,co.mikemeyers.Simple-GPS,ios,Michael Meyers,Travel,Travel | Health & Fitness,68a6219158c742477c128358,https://apps.apple.com/us/app/simple-gps-logger/id852832526?uo=4
Simple Interval Timer,dk.0ff.ios.SimpleIntervalTimer,ios,0FF,Sports,Sports | Utilities,689edf19507e92fe6f3dfe37,https://apps.apple.com/us/app/simple-interval-timer/id458334253?uo=4
Simple Radio - FM AM Stations,com.simpleradio.SimpleRadioFree,ios,"Streema, Inc.",Music,Music | News,689ee008507e92fe6f3dfffe,https://apps.apple.com/us/app/simple-radio-fm-am-stations/id891132290?uo=4
Simple: Weight Loss Coach,com.amapps.simple,ios,AM APPS,Health & Fitness,Health & Fitness | Lifestyle,689ed2b0507e92fe6f3de34a,https://apps.apple.com/us/app/simple-weight-loss-coach/id1467720176?uo=4
SimpleWeather - A weather app,com.thewizrd.simpleweather,ios,DAVE ANTOINE,Weather,Weather,689ed902507e92fe6f3df155,https://apps.apple.com/us/app/simpleweather-a-weather-app/id6447495788?uo=4
Simply Piano: Learn Piano Fast,com.joytunes.asla,ios,Simply Ltd,Education,Education | Music,689ed291507e92fe6f3de30a,https://apps.apple.com/us/app/simply-piano-learn-piano-fast/id1019442026?uo=4
Sing（Vsing）: Karaoke Apps,com.michong.haochangpro,ios,Chongqing Michong Technology Co.Ltd.,Music,Music | Entertainment,689ed9c6507e92fe6f3df316,https://apps.apple.com/us/app/sing-vsing-karaoke-apps/id1062523396?uo=4
Sinric Pro,pro.sinric,ios,Aruna Tennakoon,Developer Tools,Developer Tools | Utilities,689ed08b507e92fe6f3ddeba,https://apps.apple.com/us/app/sinric-pro/id1513086098?uo=4
Sketch Master - Cartoon Filter,com.iosfunny01.MySketchFree,ios,立明 张,Shopping,Shopping | Business,689ed68c507e92fe6f3debd9,https://apps.apple.com/us/app/sketch-master-cartoon-filter/id547157012?uo=4
SketchAndCalc Area Calculator,com.devfarm.SketchAndCalc,ios,"Icalc, Inc.",Utilities,Utilities | Productivity,689ed4ce507e92fe6f3de810,https://apps.apple.com/us/app/sketchandcalc-area-calculator/id449506634?uo=4
Sketchbook®,com.autodesk.ios.SketchBookPro3,ios,"Sketchbook, Inc",Graphics & Design,Graphics & Design | Productivity,689edf6b507e92fe6f3dfef3,https://apps.apple.com/us/app/sketchbook/id883738213?uo=4
Ski Tracks Lite,com.corecoders.SkiTracksLite,ios,Core Coders Ltd,Navigation,Navigation | Sports,689ed3b8507e92fe6f3de5a1,https://apps.apple.com/us/app/ski-tracks-lite/id368024976?uo=4
Skiplagged - Travel Hacks,com.skiplagged,ios,Skiplagged LLC,Travel,Travel,689ed328507e92fe6f3de46c,https://apps.apple.com/us/app/skiplagged-travel-hacks/id823443083?uo=4
SkyCharts XC EFB,net.skycharts.scxp,ios,SkyCharts LLC,Navigation,Navigation | Weather,689ed598507e92fe6f3de9d3,https://apps.apple.com/us/app/skycharts-xc-efb/id598750261?uo=4
SkyGolf 360,com.skygolf.skygolf360,ios,SkyGolf,Sports,Sports,689ed280507e92fe6f3de2dd,https://apps.apple.com/us/app/skygolf-360/id871421548?uo=4
SkyView® Lite,com.t11.celestefree,ios,Terminal Eleven LLC,Education,Education | Entertainment,689ed090507e92fe6f3dded9,https://apps.apple.com/us/app/skyview-lite/id413936865?uo=4
Sleep Recorder Plus,com.apirox.stopsnoring4.free,ios,"Apirox, s.r.o.",Medical,Medical | Health & Fitness,689edda6507e92fe6f3dfaec,https://apps.apple.com/us/app/sleep-recorder-plus/id1112473413?uo=4
"Sleep Sounds White Noise, Rain",com.calm.meditation.mindfulness,ios,Healive Ltd.,Health & Fitness,Health & Fitness,689ed577507e92fe6f3de98e,https://apps.apple.com/us/app/sleep-sounds-white-noise-rain/id1453508270?uo=4
Sleep Tracker & Recorder Prime,com.apirox.sleeprecorder.free,ios,"Apirox, s.r.o.",Medical,Medical | Health & Fitness,689ed08f507e92fe6f3dded3,https://apps.apple.com/us/app/sleep-tracker-recorder-prime/id968720724?uo=4
Sleep With Me: Fall Asleep App,meditation.smile,ios,Aliaksandr Haranovich,Medical,Medical | Health & Fitness,689ed120507e92fe6f3de018,https://apps.apple.com/us/app/sleep-with-me-fall-asleep-app/id1476958588?uo=4
SleepWatch - Top Sleep Tracker,io.bodymatter.SleepWatch,ios,"Bodymatter, Inc.",Health & Fitness,Health & Fitness | Lifestyle,689ed641507e92fe6f3deb43,https://apps.apple.com/us/app/sleepwatch-top-sleep-tracker/id1138066420?uo=4
Sleepzy - Sleep Cycle Tracker,com.apalonapps.smartalarmfree,ios,Mosaic S.r.l.,Health & Fitness,Health & Fitness | Lifestyle,689eda8f507e92fe6f3df4d2,https://apps.apple.com/us/app/sleepzy-sleep-cycle-tracker/id1064910141?uo=4
Slendertone Connect,com.bmr.slendertone,ios,Slendertone,Health & Fitness,Health & Fitness,689ed486507e92fe6f3de762,https://apps.apple.com/us/app/slendertone-connect/id980641515?uo=4
Slide Color Block: 3D Puzzle,slide.color.block.puzzle,ios,Bravestars Technology JSC,Games,Games | Puzzle,689ed588507e92fe6f3de9b4,https://apps.apple.com/us/app/slide-color-block-3d-puzzle/id6742187405?uo=4
Slim & Skinny -Thin Face Photo,com.lotus.Slim,ios,立明 张,Shopping,Shopping | Productivity,689ed576507e92fe6f3de989,https://apps.apple.com/us/app/slim-skinny-thin-face-photo/id928747806?uo=4
Slime Mixing ASMR Simulator,slime.girl.games,ios,Dress Up Media,Entertainment,Entertainment,689ed353507e92fe6f3de4b8,https://apps.apple.com/us/app/slime-mixing-asmr-simulator/id1566270550?uo=4
Slime Simulator: Stress Relief,girls.asmr.simulator.games,ios,ASMR AI Games,Games,Games | Simulation | Entertainment | Role Playing,689ed716507e92fe6f3ded05,https://apps.apple.com/us/app/slime-simulator-stress-relief/id6737818329?uo=4
Sling: Employee Scheduling App,is.gangverk.sling,ios,Sling Incorporated,Business,Business | Social Networking,689ed917507e92fe6f3df196,https://apps.apple.com/us/app/sling-employee-scheduling-app/id922995624?uo=4
Slowly: Make Global Friends,com.whyinteractive.slowly,ios,Slowly Communications Ltd.,Social Networking,Social Networking | Lifestyle,689ed8e3507e92fe6f3df118,https://apps.apple.com/us/app/slowly-make-global-friends/id1199811908?uo=4
Slumber: Calm Stories & Sleep,com.summermedia.slumber,ios,"Slumber Studios, LLC",Health & Fitness,Health & Fitness | Medical,689ed2d2507e92fe6f3de397,https://apps.apple.com/us/app/slumber-calm-stories-sleep/id1109543953?uo=4
Smalltalk.fm Podcasts for kids,com.kidslisten.pastime,ios,"Proto Venture Technology, Inc",Education,Education | Entertainment,689ed80a507e92fe6f3def38,https://apps.apple.com/us/app/smalltalk-fm-podcasts-for-kids/id1257223270?uo=4
Smart Bird ID,com.sobremesa.SmartBirdID,ios,Yellow Cardinal Inc.,Reference,Reference | Education,689ed0ad507e92fe6f3ddf0d,https://apps.apple.com/us/app/smart-bird-id/id1271449623?uo=4
SmartHome (MSmartHome),com.midea.ai.appliances.oversea.appstore,ios,"ShenZhen Shuzhi Scene Positioning Technology Co., Ltd.",Lifestyle,Lifestyle | Utilities,689edb17507e92fe6f3df5e3,https://apps.apple.com/us/app/smarthome-msmarthome/id1254346490?uo=4
Smartify: Arts and Culture,com.mobgen.smartify,ios,Smartify CIC,Education,Education | Reference,689eda9b507e92fe6f3df4db,https://apps.apple.com/us/app/smartify-arts-and-culture/id1102736524?uo=4
SmartNews: News That Matters,jp.gocro.SmartNews,ios,"SmartNews, Inc.",News,News | Lifestyle,689ed87e507e92fe6f3df03e,https://apps.apple.com/us/app/smartnews-news-that-matters/id579581125?uo=4
Smule: Sing Songs & Make Music,com.smule.sing,ios,Smule,Music,Music | Entertainment,689ed221507e92fe6f3de20f,https://apps.apple.com/us/app/smule-sing-songs-make-music/id509993510?uo=4
Snake and ladders classic !,net.playtouch.snakeandladdersclassic,ios,PLAYTOUCH,Games,Games | Family | Entertainment | Board,689ed0e2507e92fe6f3ddf97,https://apps.apple.com/us/app/snake-and-ladders-classic/id6447558743?uo=4
Snapchat,com.toyopagroup.picaboo,ios,"Snap, Inc.",Photo & Video,Photo & Video | Social Networking,689edbe0507e92fe6f3df770,https://apps.apple.com/us/app/snapchat/id447188370?uo=4
Snapfish: Photos Cards & Books,com.hp.Snapfish,ios,Snapfish,Photo & Video,Photo & Video | Shopping,689ed1bf507e92fe6f3de160,https://apps.apple.com/us/app/snapfish-photos-cards-books/id330035194?uo=4
SnappyShopper Grocery Delivery,com.mtcmobile.My-Mini-Mart,ios,mtc.mobile,Food & Drink,Food & Drink | Shopping,68a6212058c742477c12826c,https://apps.apple.com/us/app/snappyshopper-grocery-delivery/id1089652370?uo=4
Snapseed: Photo Editor,com.niksoftware.snapseedforipad,ios,Google,Photo & Video,Photo & Video | Lifestyle,689ed1ef507e92fe6f3de199,https://apps.apple.com/us/app/snapseed-photo-editor/id439438619?uo=4
Sneakers Drops: Release＋Raffle,com.AllDrops.prod,ios,David Eritsyan,Shopping,Shopping | Lifestyle,6902846aa154c256beb3f2b3,https://apps.apple.com/us/app/sneakers-drops-release-raffle/id1538187530?uo=4
SnoreLab : Record Your Snoring,com.revivasoftworks.Snore-Lab,ios,Reviva Softworks Ltd,Medical,Medical | Health & Fitness,68a6212058c742477c128270,https://apps.apple.com/us/app/snorelab-record-your-snoring/id529443604?uo=4
SNOW - AI Profile,com.campmobile.snow,ios,SNOW Corporation,Photo & Video,Photo & Video,689ed21e507e92fe6f3de1ff,https://apps.apple.com/us/app/snow-ai-profile/id1022267439?uo=4
Soccer Spirits,com.com2us.soccerspirits.normal.freefull.apple.global.ios.universal,ios,Com2uS Corp.,Games,Games | Card | Entertainment | Role Playing,689ed5ed507e92fe6f3dea97,https://apps.apple.com/us/app/soccer-spirits/id808137814?uo=4
SODA - Natural Beauty Camera,com.snowcorp.soda,ios,SNOW Corporation,Photo & Video,Photo & Video | Lifestyle,689ed252507e92fe6f3de282,https://apps.apple.com/us/app/soda-natural-beauty-camera/id1437880869?uo=4
Solid Starts: Baby First Foods,com.digitas.solidstarts,ios,SolidStarts LLC,Education,Education | Lifestyle,689ed94f507e92fe6f3df207,https://apps.apple.com/us/app/solid-starts-baby-first-foods/id1564189151?uo=4
Solitaire - Brain Puzzle Game,beetles.puzzle.solitaire.apple,ios,Oakever Games,Games,Games | Puzzle | Card,689ed313507e92fe6f3de42b,https://apps.apple.com/us/app/solitaire-brain-puzzle-game/id1471592644?uo=4
Solitaire : Brain puzzle Game,solitaire.puzzle.barain.hongkongsanyou,ios,HONGKONG SANYOU INDUSTRY LIMITED,Games,Games | Card | Puzzle,691f7e00ad8c94bd9a532d0b,https://apps.apple.com/us/app/solitaire-brain-puzzle-game/id1597698322?uo=4
Solitaire Deluxe® 2: Card Game,com.gosub60.sol5,ios,Murka Contracting Limited,Games,Games | Family | Entertainment | Card,689ed6c1507e92fe6f3dec45,https://apps.apple.com/us/app/solitaire-deluxe-2-card-game/id645704840?uo=4
SOLO DEX,org.reactjs.native.example.SologenicWallet,ios,Sologenic Development Foundation,Finance,Finance | Utilities,689ed335507e92fe6f3de47e,https://apps.apple.com/us/app/solo-dex/id1497396455?uo=4
Sometime,com.guavamole.sometime-ios,ios,Irisation Lab,Productivity,Productivity | Lifestyle,68a6217f58c742477c12832f,https://apps.apple.com/us/app/sometime/id1478678326?uo=4
SongbookDB,com.songbookdb.songbookdb,ios,SBDB Software Pty Ltd,Music,Music | Utilities,689ed232507e92fe6f3de23f,https://apps.apple.com/us/app/songbookdb/id922398533?uo=4
Songkick Concerts,com.songkick.iphone,ios,Songkick,Music,Music | Entertainment,689ed0bf507e92fe6f3ddf43,https://apps.apple.com/us/app/songkick-concerts/id438690886?uo=4
Soothe: Wellness On Demand,com.soothe.soothe,ios,Soothe LLC,Health & Fitness,Health & Fitness | Lifestyle,689ed400507e92fe6f3de648,https://apps.apple.com/us/app/soothe-wellness-on-demand/id811054908?uo=4
Soothing Sleep Sounds,com.phase4mobile.sleepsoundsfree,ios,Phase4 Mobile,Health & Fitness,Health & Fitness | Lifestyle,689edb98507e92fe6f3df6d1,https://apps.apple.com/us/app/soothing-sleep-sounds/id880195209?uo=4
"Sound Sky — Keep Calm, Drum On",com.highkeygames.audiosky,ios,HIGHKEY Games,Games,Games | Music | Casual,689ed2b4507e92fe6f3de360,https://apps.apple.com/us/app/sound-sky-keep-calm-drum-on/id1170680370?uo=4
SoundCloud: The Music You Love,com.soundcloud.TouchApp,ios,SoundCloud Global Limited & Co KG,Music,Music | Social Networking,689ed1de507e92fe6f3de173,https://apps.apple.com/us/app/soundcloud-the-music-you-love/id336353151?uo=4
SoundHound - Music Discovery,com.melodis.soundhound.free,ios,"SoundHound, Inc.",Music,Music | Entertainment,689ed395507e92fe6f3de54c,https://apps.apple.com/us/app/soundhound-music-discovery/id355554941?uo=4
SoundLink 3,com.sonici.soundlink3,ios,"Sonic Innovations, Inc.",Medical,Medical | Health & Fitness,689ee02a507e92fe6f3e0051,https://apps.apple.com/us/app/soundlink-3/id1597063068?uo=4
South China Morning Post: News,com.scmp.newspulse,ios,South China Morning Post Publishers Limited,News,News | Magazines & Newspapers,689ed588507e92fe6f3de9b8,https://apps.apple.com/us/app/south-china-morning-post-news/id623201967?uo=4
SOXWORLD,my.com.nineyi.shop.s200113,ios,May-bird socks shop Sdn Bhd,Shopping,Shopping,689ed9b0507e92fe6f3df2da,https://apps.apple.com/us/app/soxworld/id6444716107?uo=4
Spaces: Follow Businesses,com.wix.ios,ios,Wix.com Inc.,Productivity,Productivity,689ede2e507e92fe6f3dfc25,https://apps.apple.com/us/app/spaces-follow-businesses/id1099748482?uo=4
Spades by Pokerist,com.iphonesoft3g.spades,ios,KamaGames,Games,Games | Card,689ed313507e92fe6f3de429,https://apps.apple.com/us/app/spades-by-pokerist/id1596117028?uo=4
Spanish City,uk.co.spanishcity.spanishcity,ios,Spanish City,Food & Drink,Food & Drink | Lifestyle,689ed130507e92fe6f3de03a,https://apps.apple.com/us/app/spanish-city/id6450105339?uo=4
Spanish Dictionary - Dict Box,com.gnux.dictboxensp,ios,Xung Le,Reference,Reference | Education,689edf7a507e92fe6f3dff0c,https://apps.apple.com/us/app/spanish-dictionary-dict-box/id425093522?uo=4
SpanishDictionary.com Learning,com.curiositymedia.SpanishDict,ios,Curiosity Media,Education,Education | Reference,689edf07507e92fe6f3dfe07,https://apps.apple.com/us/app/spanishdictionary-com-learning/id332510494?uo=4
SpareRoom,com.spareroom.spareroomuk,ios,Flatshare Ltd,Lifestyle,Lifestyle | Finance,689edf26507e92fe6f3dfe4b,https://apps.apple.com/us/app/spareroom/id400181250?uo=4
Spark Reading for Kids,com.peekaboo.freeReading,ios,Peekaboo Studios LLC,Education,Education | Books,689edc57507e92fe6f3df86b,https://apps.apple.com/us/app/spark-reading-for-kids/id739985631?uo=4
Spck Editor,io.spck.SpckEditor,ios,Zeb Zhao,Developer Tools,Developer Tools | Productivity,689ed231507e92fe6f3de239,https://apps.apple.com/us/app/spck-editor/id1507309511?uo=4
Speak & Translate - Translator,com.appicfun.translatorfree,ios,Mosaic S.r.l.,Productivity,Productivity | Reference,689ed94d507e92fe6f3df201,https://apps.apple.com/us/app/speak-translate-translator/id804641004?uo=4
Speech Blubs: Language Therapy,org.blubblub.app.speechblubs,ios,Blub Blub Inc.,Education,Education | Medical,689ed0f2507e92fe6f3ddfb7,https://apps.apple.com/us/app/speech-blubs-language-therapy/id1239522573?uo=4
Speechify – Text to Speech,com.cliffweitzman.speechifyMobile2,ios,Speechify Inc.,Productivity,Productivity | Books,689eda5b507e92fe6f3df450,https://apps.apple.com/us/app/speechify-text-to-speech/id1209815023?uo=4
Speed the Card Game Spit Slam,com.jimmyinteractive.speed,ios,JD SOFTWARE LLC,Games,Games | Card | Family | Entertainment,689ed338507e92fe6f3de48e,https://apps.apple.com/us/app/speed-the-card-game-spit-slam/id914247866?uo=4
Speed Typer: WPM Typing Tests,com.justncode.Touch-Texter,ios,justncode LLC,Games,Games | Word,68a6213f58c742477c1282af,https://apps.apple.com/us/app/speed-typer-wpm-typing-tests/id1420711017?uo=4
Speedometer 55 GPS Speed & HUD,com.blocoware.speedometerfree,ios,Stanislav Dvoychenko,Navigation,Navigation | Utilities,689edd12507e92fe6f3dfa08,https://apps.apple.com/us/app/speedometer-55-gps-speed-hud/id557871911?uo=4
Speedometer Simple,mikrasya.Speedometer,ios,WATT APPS,Navigation,Navigation | Utilities,689ed2e4507e92fe6f3de3c5,https://apps.apple.com/us/app/speedometer-simple/id939507215?uo=4
Speedtest by Ookla,com.ookla.speedtest,ios,Ookla,Utilities,Utilities | Reference,689edced507e92fe6f3df9ae,https://apps.apple.com/us/app/speedtest-by-ookla/id300704847?uo=4
SpeedyAudit,com.handymetrics.speedyaudit,ios,HandyMetrics Corporation,Medical,Medical,689ed436507e92fe6f3de6b9,https://apps.apple.com/us/app/speedyaudit/id1011983256?uo=4
Spelling Bee Lists 1000+ Spelling Tests Grade 1-12,com.grasshopperapps.bitsboard.spelling,ios,Innovative Investments Limited,Education,Education | Family | Games,689ed89c507e92fe6f3df075,https://apps.apple.com/us/app/spelling-bee-lists-1000-spelling-tests-grade-1-12/id885695499?uo=4
Spending Tracker and Manager,app.ExpenseManagerSpendingTracker,ios,Livia Berce,Finance,Finance | Utilities,689ed3ed507e92fe6f3de627,https://apps.apple.com/us/app/spending-tracker-and-manager/id6449623079?uo=4
Spider Solitaire Card Games ·,com.spider.solitaire.free.card.games,ios,Solitaire Games Free,Games,Games | Board | Card,690d6c2346c8b4be1b79b5f7,https://apps.apple.com/us/app/spider-solitaire-card-games/id1447178516?uo=4
SPIN RADIO,cz.anywhere.radioSpin,ios,Media club s.r.o.,Music,Music,68f30cb0b56adeb59858c62a,https://apps.apple.com/us/app/spin-radio/id967919477?uo=4
SPIN Radio App,com.jacobsmedia.spin1038,ios,Bauer Audio Ireland Limited,Music,Music | Lifestyle,689ed498507e92fe6f3de78e,https://apps.apple.com/us/app/spin-radio-app/id338116479?uo=4
Spin The Wheel - Random Picker,com.trsgames.spinthewheelapp,ios,Taurius Petraitis,Entertainment,Entertainment | Games | Family | Casual,689ed541507e92fe6f3de90b,https://apps.apple.com/us/app/spin-the-wheel-random-picker/id1467343690?uo=4
"Spin The Wheel, Random Picker",com.myappcatalog.spinthewheel,ios,My App Catalog LLC,Entertainment,Entertainment | Utilities,689ed0ee507e92fe6f3ddfa1,https://apps.apple.com/us/app/spin-the-wheel-random-picker/id6708227309?uo=4
Spire: Music Recorder & Studio,com.izotope.Spire,ios,"iZotope, Inc.",Music,Music | Utilities,689ede1b507e92fe6f3dfbf2,https://apps.apple.com/us/app/spire-music-recorder-studio/id1013021109?uo=4
Spirograph Maker,com.kawayasu.spirograph,ios,KawaYasu,Entertainment,Entertainment | Utilities,689eda5a507e92fe6f3df44c,https://apps.apple.com/us/app/spirograph-maker/id1192996801?uo=4
Splash Math: K-5 Learning,com.studypadinc.splashmath.ipad.grade2.lite,ios,"StudyPad, Inc.",Education,Education | Games | Puzzle | Family,689eda49507e92fe6f3df424,https://apps.apple.com/us/app/splash-math-k-5-learning/id463471155?uo=4
Split Pic Collage Maker Layout,com.aaronray.splitcamera,ios,Mosaic S.r.l.,Graphics & Design,Graphics & Design | Photo & Video,689ed599507e92fe6f3de9d9,https://apps.apple.com/us/app/split-pic-collage-maker-layout/id570748340?uo=4
Spond,com.spond,ios,SPOND AS,Sports,Sports | Social Networking,689ed08b507e92fe6f3ddebe,https://apps.apple.com/us/app/spond/id755596884?uo=4
Sportsbook by Pokerist,com.iphonesoft3g.sportsbetting,ios,KamaGames,Games,Games | Card | Entertainment | Casino,689ed3ee507e92fe6f3de629,https://apps.apple.com/us/app/sportsbook-by-pokerist/id1660737425?uo=4
SPOT IT GO!,com.amuzo.dobble.spot.it.go.official,ios,Amuzo Games Ltd,Games,Games | Family | Card,689ed69b507e92fe6f3debf1,https://apps.apple.com/us/app/spot-it-go/id6642701382?uo=4
Spot On Period Tracker,com.ppfa.spotonapp,ios,"Planned Parenthood Direct, Inc.",Health & Fitness,Health & Fitness,689ed890507e92fe6f3df06b,https://apps.apple.com/us/app/spot-on-period-tracker/id1039914781?uo=4
Spotify: Music and Podcasts,com.spotify.client,ios,Spotify,Music,Music | Entertainment,689edf6c507e92fe6f3dfefb,https://apps.apple.com/us/app/spotify-music-and-podcasts/id324684580?uo=4
Spotlight: Choose Your Romance,com.crazymaplestudio.spotlight,ios,"Crazy Maple Studio, Inc.",Games,Games | Books | Role Playing | Simulation,689edd22507e92fe6f3dfa2c,https://apps.apple.com/us/app/spotlight-choose-your-romance/id1511550641?uo=4
Sprinkle of Jesus Daily Quotes,ca.novix.sprinkledailybible,ios,Novix Technology Inc.,Reference,Reference | Books,689edcf3507e92fe6f3df9cd,https://apps.apple.com/us/app/sprinkle-of-jesus-daily-quotes/id1435987567?uo=4
Sprint Start & Sprint Watch,com.hukusuke1007.gmail.sprintwatch1,ios,Never Inc,Sports,Sports | Health & Fitness,689ed4dc507e92fe6f3de82a,https://apps.apple.com/us/app/sprint-start-sprint-watch/id1254746611?uo=4
Spy Ninja Network - Chad & Vy,com.bbtv.cwc,ios,RHEI Creations Corp,Games,Games | Entertainment | Puzzle | Family,689ed120507e92fe6f3de014,https://apps.apple.com/us/app/spy-ninja-network-chad-vy/id1439980599?uo=4
SQL Recipes,ru.obraztsov.codeSamplesSQL,ios,Fedor Obraztsov,Education,Education,689ed164507e92fe6f3de0b7,https://apps.apple.com/us/app/sql-recipes/id1442737262?uo=4
Square Fit Photo Video Editor,com.cushwayapps.SquareAspect,ios,Alan Cushway,Photo & Video,Photo & Video | Productivity,689ed818507e92fe6f3def4e,https://apps.apple.com/us/app/square-fit-photo-video-editor/id692998669?uo=4
Square Invoices: Invoice Maker,com.squareup.invoices,ios,"Block, Inc.",Business,Business | Finance,689ed68b507e92fe6f3debd4,https://apps.apple.com/us/app/square-invoices-invoice-maker/id1405254630?uo=4
Square Point of Sale (POS),com.squareup.square,ios,"Block, Inc.",Business,Business | Finance,689ed96d507e92fe6f3df23f,https://apps.apple.com/us/app/square-point-of-sale-pos/id335393788?uo=4
SSH Files – Secure ShellFish,com.appliedphasor.secure-shellfish,ios,Anders Borum,Developer Tools,Developer Tools | Productivity,68a6217d58c742477c128326,https://apps.apple.com/us/app/ssh-files-secure-shellfish/id1336634154?uo=4
St. Louis News from KSDK,com.gannett.news.local.KSDKNews,ios,Tegna Inc.,News,News | Weather,689eda9c507e92fe6f3df4e1,https://apps.apple.com/us/app/st-louis-news-from-ksdk/id568136681?uo=4
Stadium Goods - Buy Sneakers,com.stadiumgoods.app,ios,Stadium Goods,Shopping,Shopping | Lifestyle,689ed07b507e92fe6f3dde96,https://apps.apple.com/us/app/stadium-goods-buy-sneakers/id1288719040?uo=4
Stadium Live - Predict Sports,com.stadiumliveapp.release,ios,Stadium Live Inc.,Sports,Sports | Games | Sports,689ed667507e92fe6f3deb94,https://apps.apple.com/us/app/stadium-live-predict-sports/id1485936601?uo=4
Star Girl - Fashion Celebrity,com.orientedgames.itunes.starGirl,ios,Oriented Games,Games,Games | Role Playing | Music | Lifestyle,689edaf8507e92fe6f3df5ae,https://apps.apple.com/us/app/star-girl-fashion-celebrity/id541835159?uo=4
Starfall,com.starfall.more,ios,Starfall Education Foundation,Education,Education | Music,689ed0a0507e92fe6f3ddefb,https://apps.apple.com/us/app/starfall/id707189889?uo=4
Starfall ABCs,com.starfall.StarfallABCs,ios,Starfall Education Foundation,Education,Education | Music,689ed164507e92fe6f3de0b5,https://apps.apple.com/us/app/starfall-abcs/id395623983?uo=4
Starfall Learn to Read,com.starfall.ltr,ios,Starfall Education Foundation,Education,Education | Books,689edd43507e92fe6f3dfa72,https://apps.apple.com/us/app/starfall-learn-to-read/id551817261?uo=4
StarHub App,com.starhub.ins.mystarhub.selfhelp,ios,StarHub Ltd,Utilities,Utilities | Lifestyle,689ed1ee507e92fe6f3de193,https://apps.apple.com/us/app/starhub-app/id470460379?uo=4
StarMaker-Sing Karaoke Songs,com.starmakerapp.starmaker,ios,SKYWORK AI PTE LTD,Music,Music | Social Networking,689ed8e6507e92fe6f3df129,https://apps.apple.com/us/app/starmaker-sing-karaoke-songs/id342138881?uo=4
Starting Solids: Baby Food,baby.starts.solid.food.blw.meals.tracker,ios,Palina Baltsevich,Education,Education | Lifestyle,689edb53507e92fe6f3df63e,https://apps.apple.com/us/app/starting-solids-baby-food/id6482291314?uo=4
Startpage - Private Browser,com.startpage.app,ios,Startpage BV,Utilities,Utilities,689ed201507e92fe6f3de1ca,https://apps.apple.com/us/app/startpage-private-browser/id6478921430?uo=4
SteakMate,com.mla.steakmate,ios,Meat & Livestock Australia Limited,Food & Drink,Food & Drink | Utilities,689eded3507e92fe6f3dfd90,https://apps.apple.com/us/app/steakmate/id742888059?uo=4
Steam Mobile,com.valvesoftware.Steam,ios,Valve,Entertainment,Entertainment | Social Networking,68c269ee4cd355c12526d557,https://apps.apple.com/us/app/steam-mobile/id495369748?uo=4
Steps - Activity Tracker,com.yoc.Steps,ios,"Year of Code, LLC",Health & Fitness,Health & Fitness | Lifestyle,689edf9e507e92fe6f3dff67,https://apps.apple.com/us/app/steps-activity-tracker/id708359518?uo=4
Stepz - Step Counter & Tracker,com.visualhype.pedometer,ios,Mosaic S.r.l.,Health & Fitness,Health & Fitness | Lifestyle,689ed8d5507e92fe6f3df100,https://apps.apple.com/us/app/stepz-step-counter-tracker/id839671656?uo=4
Stitch - The Community for 50+,net.stitch,ios,Stitch Holdings Pty Ltd,Social Networking,Social Networking | Lifestyle,689ed707507e92fe6f3dece7,https://apps.apple.com/us/app/stitch-the-community-for-50/id961684150?uo=4
Stocks,com.apple.stocks,ios,Apple,Finance,Finance | Utilities,689f84b7d630925712d773c3,https://apps.apple.com/us/app/stocks/id1069512882?uo=4
Stocks+ app,com.postindustria.stockinvestor,ios,"Maple Media Apps, LLC",Finance,Finance | News,689ede7f507e92fe6f3dfcd8,https://apps.apple.com/us/app/stocks-app/id1265086241?uo=4
Stoke-on-Trent Live,com.mirror.StokeSentinel,ios,Trinity Mirror Digital Media Limited,News,News,689ed87b507e92fe6f3df02f,https://apps.apple.com/us/app/stoke-on-trent-live/id1323006910?uo=4
Stone Identifier: Rock Scanner,aistones.com,ios,AI DEV,Education,Education | Utilities,689eda2a507e92fe6f3df3e4,https://apps.apple.com/us/app/stone-identifier-rock-scanner/id6450456282?uo=4
Stop Motion Studio,com.cateater.funapps.stopmotion,ios,"CATEATER, LLC",Photo & Video,Photo & Video | Utilities,689ed433507e92fe6f3de6ab,https://apps.apple.com/us/app/stop-motion-studio/id441651297?uo=4
Storm Tracker°,com.itwcalculator.fullscreenradarusafree,ios,Impala Studios,Weather,Weather | Travel,689edf8c507e92fe6f3dff3a,https://apps.apple.com/us/app/storm-tracker/id945662980?uo=4
StormTeam2,com.wsi.WSIWeatherStormTeam2,ios,Tegna Inc.,Weather,Weather,689ed080507e92fe6f3ddeb4,https://apps.apple.com/us/app/stormteam2/id378105869?uo=4
StormTrack 13,com.newssynergy.wmbbweather,ios,Nexstar Broadcasting,Weather,Weather | News,689ed0cd507e92fe6f3ddf58,https://apps.apple.com/us/app/stormtrack-13/id918668410?uo=4
StormTrack 5,com.wcyb.StormTrack-5,ios,"Sinclair Broadcast Group, Inc",Weather,Weather | News,68a6216058c742477c1282f5,https://apps.apple.com/us/app/stormtrack-5/id720246274?uo=4
Storyluxe: Templates & Filters,bad.digital.storyluxe,ios,Luxe Studio Apps LLC,Graphics & Design,Graphics & Design | Photo & Video,689edb87507e92fe6f3df6b0,https://apps.apple.com/us/app/storyluxe-templates-filters/id1324447436?uo=4
Storytel - Audiobooks Library,com.storytel.iphone,ios,Storytel Sweden AB,Book,Books | Entertainment,689edeb1507e92fe6f3dfd43,https://apps.apple.com/us/app/storytel-audiobooks-library/id348177651?uo=4
strategy+business magazine,com.strategybusiness.strategybusinesshd,ios,PwC Strategy& LLC,Business,Business | News,689ed2b0507e92fe6f3de348,https://apps.apple.com/us/app/strategy-business-magazine/id499952753?uo=4
"Strava: Run, Bike, Walk",com.strava.stravaride,ios,"Strava, Inc.",Health & Fitness,Health & Fitness | Sports,689edc7c507e92fe6f3df8c3,https://apps.apple.com/us/app/strava-run-bike-walk/id426826309?uo=4
Strawberry Shortcake Bake Shop,com.budgestudios.StrawberryShortcakeBakeShare,ios,Budge Studios,Entertainment,Entertainment | Education,689ed93b507e92fe6f3df1d8,https://apps.apple.com/us/app/strawberry-shortcake-bake-shop/id658439903?uo=4
Stridekick Activity Challenges,com.stridekick.Stridekick,ios,Stridekick Inc,Health & Fitness,Health & Fitness | Lifestyle,689edae4507e92fe6f3df579,https://apps.apple.com/us/app/stridekick-activity-challenges/id1484402218?uo=4
Strides: Habit Tracker + Goals,com.puresignal.strides,ios,Goals LLC,Productivity,Productivity | Lifestyle,689ed13f507e92fe6f3de055,https://apps.apple.com/us/app/strides-habit-tracker-goals/id672401817?uo=4
StrongHer - Workout For Women,com.strongherapp.StrongHer,ios,The Vibe Fitness Limited,Health & Fitness,Health & Fitness | Lifestyle,689eddc5507e92fe6f3dfb2c,https://apps.apple.com/us/app/strongher-workout-for-women/id1449792084?uo=4
Stumble cars: Multiplayer Race,com.tarkinstudios.stumble.cars.multiplayer.race,ios,Tarkin Games,Games,Games | Simulation | Racing | Entertainment,689ed62e507e92fe6f3deb22,https://apps.apple.com/us/app/stumble-cars-multiplayer-race/id6476768877?uo=4
Stunt Car Crash Simulator 3D,com.stunt.car.crash,ios,Yevhen Isayev,Games,Games | Simulation | Racing,689ed87e507e92fe6f3df042,https://apps.apple.com/us/app/stunt-car-crash-simulator-3d/id1660557826?uo=4
"Stylist: Fashion, Beauty, News",co.uk.stylist.newstylistmagazine,ios,The Stylist Group Ltd,Lifestyle,Lifestyle | Magazines & Newspapers,689ede3b507e92fe6f3dfc37,https://apps.apple.com/us/app/stylist-fashion-beauty-news/id1506153915?uo=4
Subway®,com.subway.mobile.subwayapp03,ios,SUBWAY Restaurants,Food & Drink,Food & Drink,689ed8d0507e92fe6f3df0e7,https://apps.apple.com/us/app/subway/id901941015?uo=4
Sudoku Master！,com.mathbrain.sudoku,ios,Hungry Studio,Games,Games | Board | Puzzle,689eda2d507e92fe6f3df3f9,https://apps.apple.com/us/app/sudoku-master/id1618041797?uo=4
Sudoku.com - Number Games,com.easybrain.sudoku,ios,Easybrain Ltd,Games,Games | Entertainment | Board | Puzzle,689edde6507e92fe6f3dfb78,https://apps.apple.com/us/app/sudoku-com-number-games/id1193508329?uo=4
Sueñovela,com.stary.amonovela,ios,STARY PTE. LTD.,Book,Books | Entertainment,689ed6e8507e92fe6f3decb2,https://apps.apple.com/us/app/sue%C3%B1ovela/id1539881762?uo=4
Summer Wheelie,com.big.summerwheelie,ios,TapNation,Games,Games | Casual | Sports,689ed367507e92fe6f3de4eb,https://apps.apple.com/us/app/summer-wheelie/id1252381815?uo=4
Sun Facts,com.vvse.SunFacts,ios,Volker Voecking Software Engineering,Weather,Weather | Education,689ed1a7507e92fe6f3de14c,https://apps.apple.com/us/app/sun-facts/id1011691256?uo=4
Sundial Solar & Lunar Time,com.tier9digital.sundial,ios,Tier 9 Digital,Weather,Weather | Utilities,689ed87c507e92fe6f3df033,https://apps.apple.com/us/app/sundial-solar-lunar-time/id976460540?uo=4
SunMed Go,healthcare.sunway.projectx,ios,Sunway Berhad,Medical,Medical | Health & Fitness,689ed283507e92fe6f3de2f2,https://apps.apple.com/us/app/sunmed-go/id1321341356?uo=4
Sunrise Sunset Time SolarWatch,com.fifteenjugglers.solarwatch,ios,Fifteen Jugglers Software UG,Photo & Video,Photo & Video | Utilities,689edf8e507e92fe6f3dff46,https://apps.apple.com/us/app/sunrise-sunset-time-solarwatch/id1191365122?uo=4
Super Slime Simulator,com.dramaton.slime,ios,Dramaton LTD,Lifestyle,Lifestyle | Simulation | Casual | Games,689ed1a3507e92fe6f3de136,https://apps.apple.com/us/app/super-slime-simulator/id1375330146?uo=4
Super Slots Rush Classic,net.whow.retrocasino,ios,Whow Games GmbH,Games,Games | Entertainment | Casino | Casual,689ed49b507e92fe6f3de79f,https://apps.apple.com/us/app/super-slots-rush-classic/id1540604111?uo=4
SuperCook Recipe By Ingredient,com.supercook.app,ios,AMR Systems LLC,Food & Drink,Food & Drink | Health & Fitness,689ede5e507e92fe6f3dfc8b,https://apps.apple.com/us/app/supercook-recipe-by-ingredient/id1477747816?uo=4
Superpedestrian LINK Scooters,com.superpedestrian.link,ios,Superpedestrian,Travel,Travel,689ed154507e92fe6f3de095,https://apps.apple.com/us/app/superpedestrian-link-scooters/id1487864428?uo=4
Superstar Family Dress Up Game,com.gamesforgirlsfree.superstarfamily,ios,ARPAplus,Games,Games | Family | Casual | Lifestyle,689ed3ca507e92fe6f3de5d1,https://apps.apple.com/us/app/superstar-family-dress-up-game/id1508887351?uo=4
SUPERSTAR SMTOWN,kr.co.dalcomsoft.superstar.i,ios,"Dalcomsoft, Inc.",Games,Games | Music | Casual | Music,689ed0ce507e92fe6f3ddf5e,https://apps.apple.com/us/app/superstar-smtown/id890937532?uo=4
Supreme,com.supremenewyork.ios,ios,Supreme New York,Shopping,Shopping | Lifestyle,689ed0be507e92fe6f3ddf3c,https://apps.apple.com/us/app/supreme/id664573705?uo=4
Supreme Golf: Book Tee Times,com.supremegolf.teetimes,ios,"Supreme Golf, Inc.",Sports,Sports | Lifestyle,689ed7f6507e92fe6f3def0f,https://apps.apple.com/us/app/supreme-golf-book-tee-times/id909762897?uo=4
Surfline: Wave & Surf Reports,com.surfline.surfapp,ios,Surfline/Wavetrak,Weather,Weather | Sports,689ed173507e92fe6f3de0d1,https://apps.apple.com/us/app/surfline-wave-surf-reports/id393782096?uo=4
Surplife,com.zennge.magichome2,ios,明长 周,Lifestyle,Lifestyle | Entertainment,689ed363507e92fe6f3de4d9,https://apps.apple.com/us/app/surplife/id1607260535?uo=4
SurveyMonkey,com.surveymonkey.SurveyMonkey,ios,SurveyMonkey,Productivity,Productivity | Business,689ed61f507e92fe6f3deb05,https://apps.apple.com/us/app/surveymonkey/id723867634?uo=4
Swamys App,com.swamypublishers.spapp,ios,Swamy Publishers Private Ltd,News,News | Books,689ed12f507e92fe6f3de031,https://apps.apple.com/us/app/swamys-app/id1357018423?uo=4
Swedish/English Dictionary,Dictswedish,ios,FB PUBLISHING LLC,Reference,Reference | Education,68a620c658c742477c1281d3,https://apps.apple.com/us/app/swedish-english-dictionary/id1332978756?uo=4
Sweepy: Home Cleaning Schedule,app.sweepy.sweepy,ios,Appsent US,Productivity,Productivity | Lifestyle,689eda1c507e92fe6f3df3cf,https://apps.apple.com/us/app/sweepy-home-cleaning-schedule/id1498897320?uo=4
Swimply - Rent Private Pools,com.swimply.ios,ios,Swimply Inc.,Lifestyle,Lifestyle | Travel,689ed530507e92fe6f3de8e7,https://apps.apple.com/us/app/swimply-rent-private-pools/id1472785554?uo=4
Swimsuits & Sports Magazine,com.1443792976.11461443792976,ios,AZA Creations Limited,Magazines & Newspapers,Magazines & Newspapers | Entertainment,689ed335507e92fe6f3de47a,https://apps.apple.com/us/app/swimsuits-sports-magazine/id1045975857?uo=4
SwingU: Golf GPS Range Finder,com.smallbusinessvictory.SwingBySwing,ios,"Swing by Swing Golf, Inc.",Sports,Sports | Education,689ed2b3507e92fe6f3de359,https://apps.apple.com/us/app/swingu-golf-gps-range-finder/id332116103?uo=4
Sworkit Fitness & Wellness App,AHorseCalledScarlet.Sworkit,ios,Nexercise,Health & Fitness,Health & Fitness | Travel,689ed2b2507e92fe6f3de354,https://apps.apple.com/us/app/sworkit-fitness-wellness-app/id527219710?uo=4
Sygic GPS Navigation & Maps,com.sygic.world,ios,Sygic a. s.,Navigation,Navigation | Travel,689ed11f507e92fe6f3de010,https://apps.apple.com/us/app/sygic-gps-navigation-maps/id585193266?uo=4
Symbol Infinity: Font Keyboard,com.coolgamapp.symbolinfinity,ios,Cool GamApp Limited,Lifestyle,Lifestyle | Utilities,689ed597507e92fe6f3de9d1,https://apps.apple.com/us/app/symbol-infinity-font-keyboard/id885792712?uo=4
Symbolab: Math Problem Solver,com.symbolab.symbolab,ios,Symbolab,Education,Education | Utilities,689ed344507e92fe6f3de499,https://apps.apple.com/us/app/symbolab-math-problem-solver/id876942533?uo=4
"System Utilities - Check System Information,Memory",com.fv.SystemUtilities,ios,Lam Vu,Utilities,Utilities | Productivity,689ed395507e92fe6f3de54a,https://apps.apple.com/us/app/system-utilities-check-system-information-memory/id1158818415?uo=4
t:simulator™ App,com.tandemdiabetes.slimjim,ios,Tandem Diabetes Care Inc.,Medical,Medical | Health & Fitness,689edb4f507e92fe6f3df62a,https://apps.apple.com/us/app/t-simulator-app/id955568377?uo=4
TableCheck - Reservations,jp.kkvesper.tablecheck,ios,TableCheck Inc.,Food & Drink,Food & Drink,689ed2d2507e92fe6f3de39a,https://apps.apple.com/us/app/tablecheck-reservations/id1183241149?uo=4
Tabs & Notes,de.olbu.Tabs---Notes,ios,Oliver Buecker,Music,Music,68a6205858c742477c1280ff,https://apps.apple.com/us/app/tabs-notes/id587927619?uo=4
Taculator Graphing Calculator,com.ticulator.calc,ios,Di Venisco UG (haftungsbeschrankt),Education,Education | Utilities,689ed88e507e92fe6f3df05f,https://apps.apple.com/us/app/taculator-graphing-calculator/id1457737367?uo=4
Tagg-maker,com.grupocampus.taggmaker,ios,Grupo Campus,Sports,Sports | Utilities,689ed1a9507e92fe6f3de150,https://apps.apple.com/us/app/tagg-maker/id1532895455?uo=4
Talk & Translate Translator,com.mobisystems.MSTranslator,ios,"MobiSystems, Inc.",Reference,Reference | Education,689ed283507e92fe6f3de2ee,https://apps.apple.com/us/app/talk-translate-translator/id1102728735?uo=4
Talking Emojis for Texting,com.yongtang.Talking-Emojis,ios,智敏 黎,Entertainment,Entertainment | Lifestyle,68a620a258c742477c128180,https://apps.apple.com/us/app/talking-emojis-for-texting/id1214388776?uo=4
Tao te Ching Lite,com.brianbrownewalker.TaoTeChingFree,ios,Brian Walker,Book,Books | Lifestyle,689ed5e9507e92fe6f3dea81,https://apps.apple.com/us/app/tao-te-ching-lite/id495870722?uo=4
TaoZen - Relax & Sleep Sounds,com.mwm.taozen,ios,MWM,Health & Fitness,Health & Fitness | Music,689ed792507e92fe6f3dee2f,https://apps.apple.com/us/app/taozen-relax-sleep-sounds/id1470585608?uo=4
Tapas – Comics and Novels,com.tapasmedia.Tapastic,ios,Radish Media,Book,Books | Entertainment,689ed50e507e92fe6f3de89d,https://apps.apple.com/us/app/tapas-comics-and-novels/id578836126?uo=4
Tappytoon Comics & Novels,com.tappytoon.tappytoon,ios,Contents First,Book,Books | Entertainment,689edc69507e92fe6f3df894,https://apps.apple.com/us/app/tappytoon-comics-novels/id985615352?uo=4
TapRead - Read Good Story,com.zongheng.tapread,ios,"ZONGHENG CULTURE, INC.",Book,Books | Utilities,689ed574507e92fe6f3de980,https://apps.apple.com/us/app/tapread-read-good-story/id1458083055?uo=4
Tattooist: AI Tattoo Generator,ai.tattoo.ink.generator,ios,Video editor & maker app,Graphics & Design,Graphics & Design | Photo & Video,689ede0c507e92fe6f3dfbd8,https://apps.apple.com/us/app/tattooist-ai-tattoo-generator/id6742195872?uo=4
Taxfyle: Taxes Done For You,com.taxfyle.TaxfyleMobile,ios,Taxfyle,Finance,Finance | Business,689ed5d9507e92fe6f3dea5a,https://apps.apple.com/us/app/taxfyle-taxes-done-for-you/id1058033104?uo=4
TC para todos,tomografia.czuluaga.app,ios,Carolina Zuluaga,Medical,Medical | Books,689edc7a507e92fe6f3df8b7,https://apps.apple.com/us/app/tc-para-todos/id1550869994?uo=4
TDEE,com.macrogoals.tdee,ios,Apperitif Limited,Health & Fitness,Health & Fitness | Medical,689ed38a507e92fe6f3de544,https://apps.apple.com/us/app/tdee/id1398051875?uo=4
TeamSnap,com.teamsnap.ios,ios,"TeamSnap, Inc.",Sports,Sports | Productivity,689ed08a507e92fe6f3ddeb8,https://apps.apple.com/us/app/teamsnap/id393048976?uo=4
TeamSTEPPS 3.0,gov.ahrq.TeamSTEPPS,ios,AHRQ,Medical,Medical | Reference,689edd5b507e92fe6f3dfaab,https://apps.apple.com/us/app/teamstepps-3-0/id1239893278?uo=4
TeamViewer Meeting,com.teamviewer.Blizz,ios,TeamViewer Germany GmbH,Productivity,Productivity | Utilities,689ed2d0507e92fe6f3de38e,https://apps.apple.com/us/app/teamviewer-meeting/id1144872364?uo=4
TeamViewer Remote Control,com.teamviewer.rc,ios,TeamViewer Germany GmbH,Productivity,Productivity | Utilities,689ed97e507e92fe6f3df267,https://apps.apple.com/us/app/teamviewer-remote-control/id692035811?uo=4
TED Talks: Watch and Learn.,com.ted.TED,ios,TED Conferences LLC,Education,Education | Entertainment,689ed379507e92fe6f3de51f,https://apps.apple.com/us/app/ted-talks-watch-and-learn/id376183339?uo=4
Telitravel: Global eSIM Data,com.teliTravel,ios,Telecel Global Limited,Travel,Travel | Utilities,689ed71b507e92fe6f3ded24,https://apps.apple.com/us/app/telitravel-global-esim-data/id6740319979?uo=4
TEM Modul Manager,si.positiva.modulmanager,ios,Positiva resitve d.o.o.,Utilities,Utilities | Productivity,689ed9d2507e92fe6f3df320,https://apps.apple.com/us/app/tem-modul-manager/id1355476415?uo=4
Temperature + Blood Oxygen app,com.mytemp.app,ios,Andrey Kiselev,Medical,Medical | Health & Fitness,689ed174507e92fe6f3de0d7,https://apps.apple.com/us/app/temperature-blood-oxygen-app/id1544929861?uo=4
Tempo - Music Video Maker,com.quvideo.VISO,ios,"Hangzhou Xiaoying Innovation Technology Co., Ltd.",Photo & Video,Photo & Video | Utilities,689ed22d507e92fe6f3de221,https://apps.apple.com/us/app/tempo-music-video-maker/id1312830469?uo=4
Temu: Shop Like a Billionaire,com.einnovation.temu,ios,Temu,Shopping,Shopping,68de31b6843464da0be7f7eb,https://apps.apple.com/us/app/temu-shop-like-a-billionaire/id1641486558?uo=4
Tennessee Valley Weather,com.baronservices.tnvalleyweather,ios,Ben Luna,Weather,Weather | News,689ed7a2507e92fe6f3dee4e,https://apps.apple.com/us/app/tennessee-valley-weather/id1517678416?uo=4
Terminal & SSH,com.mdgroup.terminalssh,ios,Pavlo Kravchenko,Developer Tools,Developer Tools | Utilities,689ed71c507e92fe6f3ded28,https://apps.apple.com/us/app/terminal-ssh/id1558156247?uo=4
Termius - Modern SSH Client,com.crystalnix.ServerAuditor,ios,Termius Corporation,Developer Tools,Developer Tools | Utilities,689ed501507e92fe6f3de889,https://apps.apple.com/us/app/termius-modern-ssh-client/id549039908?uo=4
Terraristix,com.ni.Terraristix,ios,Uwe Zapfel,Shopping,Shopping,689ed4e1507e92fe6f3de844,https://apps.apple.com/us/app/terraristix/id6741688904?uo=4
Tesla,com.teslamotors.TeslaApp,ios,"Tesla, Inc.",Lifestyle,Lifestyle | Utilities,689ed544507e92fe6f3de919,https://apps.apple.com/us/app/tesla/id582007913?uo=4
Testea,com.bogo.testea,ios,Testea Oposiciones S.L.,Education,Education | Productivity,689edf8d507e92fe6f3dff40,https://apps.apple.com/us/app/testea/id6451379804?uo=4
Teuida: Learn Languages,net.teuida.Teuida,ios,TEUIDA,Education,Education,689ed135507e92fe6f3de053,https://apps.apple.com/us/app/teuida-learn-languages/id1457532562?uo=4
Texas Hold'em Poker: Pokerist,com.iphonesoft3g.texaspoker,ios,KamaGames,Games,Games | Card | Entertainment | Casino,689ed05c507e92fe6f3dde54,https://apps.apple.com/us/app/texas-holdem-poker-pokerist/id370339723?uo=4
Text App: Wifi Calling+Texting,text.free.international.second.phone,ios,Smart Tool Studio,Social Networking,Social Networking | Utilities,689ed61c507e92fe6f3deaf5,https://apps.apple.com/us/app/text-app-wifi-calling-texting/id1507375125?uo=4
Text Art: Typography & Word,com.appostrophe.textart,ios,Appostrophe AB,Graphics & Design,Graphics & Design | Photo & Video,689ed0a1507e92fe6f3ddf01,https://apps.apple.com/us/app/text-art-typography-word/id1478737802?uo=4
Text Express: Word Adventure,com.gamehouse.textexpress.ios,ios,Kwalee Ltd,Games,Games | Casual | Education | Word,689ed2f5507e92fe6f3de3f0,https://apps.apple.com/us/app/text-express-word-adventure/id1507173665?uo=4
Text Reader - Text to Speech,com.speaktor,ios,"Transkriptor, Inc.",Productivity,Productivity | Utilities,689ed211507e92fe6f3de1ee,https://apps.apple.com/us/app/text-reader-text-to-speech/id1632901543?uo=4
Text Twist 3 Word Game,com.tugastudios.texttwist3,ios,Liana Silva,Education,Education | Family | Word | Games,689ed9e8507e92fe6f3df35a,https://apps.apple.com/us/app/text-twist-3-word-game/id6445801808?uo=4
TextingStory Chat Story Maker,yj.textstory,ios,Yvz Digital Lab,Entertainment,Entertainment | Photo & Video,689ed7bf507e92fe6f3dee83,https://apps.apple.com/us/app/textingstory-chat-story-maker/id1083676922?uo=4
The ARA Show,com.core-apps.followme.ara-show,ios,American Rental Association,Reference,Reference,68a6209858c742477c12817c,https://apps.apple.com/us/app/the-ara-show/id1442107490?uo=4
The Athletic: Sports News,com.theathletic.news,ios,The New York Times Company,Sports,Sports | News,689ed645507e92fe6f3deb59,https://apps.apple.com/us/app/the-athletic-sports-news/id1135216317?uo=4
The Atlantic Magazine,com.rarewire.TheAtlanticNewstand,ios,The Atlantic Monthly Group LLC,News,News | Magazines & Newspapers,689ed61c507e92fe6f3deaf9,https://apps.apple.com/us/app/the-atlantic-magazine/id397599894?uo=4
The Bible Memory App,com.bgolson.scripturetyper,ios,"Millennial Apps, LLC",Reference,Reference | Education,689ed8b3507e92fe6f3df0b3,https://apps.apple.com/us/app/the-bible-memory-app/id496790833?uo=4
The Crawfish App,com.TheCrawfishApp.TheCrawfishApp,ios,Ryan King,Food & Drink,Food & Drink | Navigation,689ed5c7507e92fe6f3dea2f,https://apps.apple.com/us/app/the-crawfish-app/id1135208680?uo=4
The Dyrt: RV & Free Camping,com.thedyrt.wayfinder,ios,The Dyrt,Travel,Travel | Lifestyle,689ed3d9507e92fe6f3de5ef,https://apps.apple.com/us/app/the-dyrt-rv-free-camping/id1187626329?uo=4
The Elser Hotel: Digital Guide,com.innspire.USMIATE,ios,The Elser Hotel,Travel,Travel | Food & Drink,689edec6507e92fe6f3dfd7f,https://apps.apple.com/us/app/the-elser-hotel-digital-guide/id6737407587?uo=4
The Funny Weather,com.theappninja.effingweather,ios,Weather App,Weather,Weather | Entertainment,689eddd7507e92fe6f3dfb5b,https://apps.apple.com/us/app/the-funny-weather/id585726025?uo=4
The Game of Snakes and Ladders,DunjeGame.SerpentEchelle,ios,Andre Castany,Games,Games | Entertainment | Family | Board,689ed0cc507e92fe6f3ddf54,https://apps.apple.com/us/app/the-game-of-snakes-and-ladders/id1056804355?uo=4
The Glow Paradise,com.weevi.theglowparadise,ios,The Glow Paradise,Food & Drink,Food & Drink | Shopping,689ede4d507e92fe6f3dfc65,https://apps.apple.com/us/app/the-glow-paradise/id1615520184?uo=4
The God Minute,com.cmwp.godmoments,ios,Congregation of the Mission Western Province,Lifestyle,Lifestyle | Reference,689ed220507e92fe6f3de20d,https://apps.apple.com/us/app/the-god-minute/id1385711396?uo=4
The Hill,com.thehill.thehill,ios,Nexstar Broadcasting,News,News,689ed0f0507e92fe6f3ddfab,https://apps.apple.com/us/app/the-hill/id360124019?uo=4
"The Holy Bible FREE: King James Version for Daily Bible Study, Readings and Inspirations!",com.mqdp.bible,ios,Michael Quach,Book,Books | Reference,689ed923507e92fe6f3df1a2,https://apps.apple.com/us/app/the-holy-bible-free-king-james-version-for-daily/id1069758789?uo=4
The Holy Quran - English,com.verypositive.iQuran,ios,Peace Through Understanding,Book,Books | Education,689ed141507e92fe6f3de05f,https://apps.apple.com/us/app/the-holy-quran-english/id452487020?uo=4
The Homework App,com.xxius.evode,ios,The Homework App: Classroom Calendar - Solver - Class Planner INC,Education,Education | Productivity,689ed378507e92fe6f3de517,https://apps.apple.com/us/app/the-homework-app/id561371952?uo=4
The Impossible Letter Game,com.dijayko.Letter,ios,GammaLateral LLC,Games,Games | Word | Entertainment | Puzzle,689ed2b1507e92fe6f3de34e,https://apps.apple.com/us/app/the-impossible-letter-game/id852152318?uo=4
The Infatuation,com.immaculateinfatuation.development,ios,The Infatuation Incorporated,Food & Drink,Food & Drink | Travel,689ede7e507e92fe6f3dfcce,https://apps.apple.com/us/app/the-infatuation/id465685575?uo=4
The Mining Race,com.mrace.app.ios,ios,Miningrid LLC,Finance,Finance | Utilities,689ede5f507e92fe6f3dfc8f,https://apps.apple.com/us/app/the-mining-race/id6451437219?uo=4
The Mirror,com.mirrornews.mirror,ios,Trinity Mirror Digital Media Limited,News,News | Entertainment,689ed368507e92fe6f3de4f4,https://apps.apple.com/us/app/the-mirror/id538338235?uo=4
The Moron Test: IQ Brain Games,X627XMV694.asdf.TheIdiotTest,ios,Kooapps,Games,Games | Entertainment | Puzzle | Trivia,689ed5aa507e92fe6f3de9fe,https://apps.apple.com/us/app/the-moron-test-iq-brain-games/id312343159?uo=4
The Nation Magazine,com.thenation.thenation,ios,The Nation,News,News | Magazines & Newspapers,689edc9c507e92fe6f3df902,https://apps.apple.com/us/app/the-nation-magazine/id563602692?uo=4
The Official MTA App,info.mta.mymta,ios,Metropolitan Transportation Authority,Travel,Travel | Navigation,689ed22e507e92fe6f3de227,https://apps.apple.com/us/app/the-official-mta-app/id1297605670?uo=4
The Open Group,GAKA65BR8H.mobapp.at.cff48c467d6c47ebb12016a2e4738fe5,ios,Association of Enterprise Architects,Reference,Reference | Business,689ed1ac507e92fe6f3de158,https://apps.apple.com/us/app/the-open-group/id885042846?uo=4
The Original Polo Que,com.the.original.polo.que.ios.app,ios,The Original Polo Que LLC,Shopping,Shopping | Food & Drink,689ed1a6507e92fe6f3de144,https://apps.apple.com/us/app/the-original-polo-que/id6463781402?uo=4
THE OUTNET: Luxury for less,com.theoutnet.StyleCred,ios,THE NET-A-PORTER GROUP LIMITED,Shopping,Shopping | Lifestyle,689ed240507e92fe6f3de250,https://apps.apple.com/us/app/the-outnet-luxury-for-less/id421387883?uo=4
The Real Juggle: Soccer 2024,com.SPSoftwareProductions.TheRealJuggle,ios,Lion Studios,Games,Games | Sports | Casual | Sports,689ed05e507e92fe6f3dde61,https://apps.apple.com/us/app/the-real-juggle-soccer-2024/id1454567241?uo=4
The Secret Super App,TSsuper,ios,Creste LLC,Lifestyle,Lifestyle | Health & Fitness,68a6211158c742477c128256,https://apps.apple.com/us/app/the-secret-super-app/id1486428772?uo=4
The Startup: Interactive Game,com.led.startup,ios,Wolf Gaming,Games,Games | Role Playing | Word | Books,689ed3d8507e92fe6f3de5eb,https://apps.apple.com/us/app/the-startup-interactive-game/id1507772627?uo=4
The Study Bible,com.gty.Macarthur,ios,Grace to You,Reference,Reference,689ed992507e92fe6f3df2a1,https://apps.apple.com/us/app/the-study-bible/id992237916?uo=4
The Table Mobile,org.branham.TheTable,ios,Voice Of God Recordings,Reference,Reference | Books,689ed7d3507e92fe6f3deeb9,https://apps.apple.com/us/app/the-table-mobile/id589296925?uo=4
The Telegram,com.ourhometown.thetelegramnews,ios,"Our Hometown, Inc",News,News | Magazines & Newspapers,689edc78507e92fe6f3df8b1,https://apps.apple.com/us/app/the-telegram/id6443883452?uo=4
The Toll Roads,com.thetollroads.tollroads,ios,The Toll Roads,Business,Business | Travel,689ed0bd507e92fe6f3ddf35,https://apps.apple.com/us/app/the-toll-roads/id518393133?uo=4
The Vatican News,va.news.thepopeapp,ios,Segreteria per la Comunicazione,News,News | Reference,689ed51e507e92fe6f3de8be,https://apps.apple.com/us/app/the-vatican-news/id593468235?uo=4
The Week - US Edition,com.theweek.ipad,ios,Future plc,News,News | Magazines & Newspapers,689edfaf507e92fe6f3dff92,https://apps.apple.com/us/app/the-week-us-edition/id498216307?uo=4
TheBodyShop SG,my.com.nineyi.shop.s200130,ios,THE BODY SHOP (SINGAPORE) PTE LTD,Shopping,Shopping,689ed76d507e92fe6f3dedd9,https://apps.apple.com/us/app/thebodyshop-sg/id6743997006?uo=4
TheGrint: Golf GPS & Scorecard,com.thegrint.grint,ios,GRINT LLC,Sports,Sports | Lifestyle,689eda9e507e92fe6f3df4eb,https://apps.apple.com/us/app/thegrint-golf-gps-scorecard/id532085262?uo=4
"Themes: Widget, Icons Packs 15",com.atlantapps.themestore,ios,"Cardiio, Inc.",Utilities,Utilities | Entertainment,689ed05f507e92fe6f3dde67,https://apps.apple.com/us/app/themes-widget-icons-packs-15/id1533047121?uo=4
thePhoneBook Yellow Pages,mobileapp.com.thelocalbook.kanab,ios,InformationPages,Business,Business | Reference,689edb89507e92fe6f3df6b8,https://apps.apple.com/us/app/thephonebook-yellow-pages/id440321925?uo=4
Therabody,com.theragun.consumer,ios,"Therabody, Inc.",Health & Fitness,Health & Fitness | Lifestyle,689ed2e1507e92fe6f3de3b7,https://apps.apple.com/us/app/therabody/id1445611295?uo=4
Therapeutic Guidelines,com.tgl.etg,ios,Therapeutic Guidelines Ltd,Medical,Medical,689edc9e507e92fe6f3df90e,https://apps.apple.com/us/app/therapeutic-guidelines/id1099087725?uo=4
Thermometer,com.presselite.athermometer,ios,Alexandre Morcos,Utilities,Utilities | Weather,689ed186507e92fe6f3de107,https://apps.apple.com/us/app/thermometer/id357949214?uo=4
Thermometer++ App,net.vtapps.Thermometer,ios,Viachaslau Tysianchuk,Weather,Weather | Utilities,689ed85c507e92fe6f3defef,https://apps.apple.com/us/app/thermometer-app/id704237014?uo=4
Think Dirty – Shop Clean,com.thinkdirty.thinkdirtyapp,ios,Think Dirty Inc.,Health & Fitness,Health & Fitness | Shopping,689edf09507e92fe6f3dfe13,https://apps.apple.com/us/app/think-dirty-shop-clean/id687176839?uo=4
Threads,com.burbn.barcelona,ios,"Instagram, Inc.",Social Networking,Social Networking | Entertainment,68b13f411524bd9570b987cd,https://apps.apple.com/us/app/threads/id6446901002?uo=4
ThriftBooks: New & Used Books,com.thriftbooks.mobileapp,ios,Thrift Books Global LLC.,Book,Books | Shopping,689ed04e507e92fe6f3dde3a,https://apps.apple.com/us/app/thriftbooks-new-used-books/id1201902601?uo=4
Thrill: Text Stories,com.huracan.chatstories,ios,Huracan Apps,Book,Books | Entertainment,689ed78f507e92fe6f3dee22,https://apps.apple.com/us/app/thrill-text-stories/id1380715950?uo=4
Through the Word,com.throughtheword.v2,ios,Through the Word Inc.,Book,Books | Reference,689ed3e8507e92fe6f3de60d,https://apps.apple.com/us/app/through-the-word/id1324825712?uo=4
Thumbnail Maker For YT Studio!,com.contentarcade.ThumbnailMaker,ios,CONTENT ARCADE (UK) LTD.,Photo & Video,Photo & Video | Graphics & Design,689ed0bf507e92fe6f3ddf3e,https://apps.apple.com/us/app/thumbnail-maker-for-yt-studio/id1418859047?uo=4
TickTick:To-Do List & Calendar,com.TickTick.task,ios,Appest Limited,Productivity,Productivity | Business,689eda17507e92fe6f3df3b1,https://apps.apple.com/us/app/ticktick-to-do-list-calendar/id626144601?uo=4
Tide Charts,com.7thg.Tides,ios,7th Gear,Weather,Weather | Navigation,690395faa457af17ff6135df,https://apps.apple.com/us/app/tide-charts/id957143504?uo=4
Tides Near Me,me.tidesnear.free,ios,"Shelter Island Mapping Company, LLC",Weather,Weather | Utilities,689ed1ed507e92fe6f3de18b,https://apps.apple.com/us/app/tides-near-me/id585223877?uo=4
Tidy Up! Organizing ocd Games,tidy.satisfying.girl.games,ios,ASMR AI Games,Games,Games | Entertainment | Simulation | Puzzle,689ed2c4507e92fe6f3de37e,https://apps.apple.com/us/app/tidy-up-organizing-ocd-games/id6742780455?uo=4
TikTok,com.zhiliaoapp.musically,android,TikTok Pte. Ltd.,Social,,670d42f887478f2c8b781fa6,
"TikTok - Videos, Shop & LIVE",com.zhiliaoapp.musically,ios,TikTok Ltd.,Entertainment,Entertainment | Photo & Video,68afbc5971aecd19f39ae30a,https://apps.apple.com/us/app/tiktok-videos-shop-live/id835599320?uo=4
Tiles Hop EDM Rush Music Game,com.amanotes.bh,ios,Amanotes Pte. Ltd.,Games,Games | Casual | Music | Music,689edeb2507e92fe6f3dfd49,https://apps.apple.com/us/app/tiles-hop-edm-rush-music-game/id1344702806?uo=4
"Timebomb Prank, Gun Simulator",com.funny.timebomb.prank.simulator,ios,Rofi Games,Entertainment,Entertainment | Simulation | Casual | Games,689ed316507e92fe6f3de43e,https://apps.apple.com/us/app/timebomb-prank-gun-simulator/id6502815970?uo=4
TimeflexApp,com.timeflex.timeflexapp,ios,Timeflex Systemer AS,Business,Business,689ed726507e92fe6f3ded2a,https://apps.apple.com/us/app/timeflexapp/id6673913388?uo=4
Timesheet tasks: Time Deposit,dev.xzebra.apps.TimeDeposit,ios,Jorge Romanos,Productivity,Productivity | Utilities,689ede0c507e92fe6f3dfbda,https://apps.apple.com/us/app/timesheet-tasks-time-deposit/id6445899149?uo=4
TimeTree: Shared Calendar,works.jubilee.timetree,ios,"TimeTree, Inc.",Productivity,Productivity | Social Networking,689ed0bd507e92fe6f3ddf37,https://apps.apple.com/us/app/timetree-shared-calendar/id952578473?uo=4
TinyTap: Kids' Learning Games,com.27dv.tinytap,ios,TinyTap Ltd.,Education,Education | Puzzle | Family | Games,689ed95c507e92fe6f3df217,https://apps.apple.com/us/app/tinytap-kids-learning-games/id493868874?uo=4
Tips,com.apple.tips,ios,Apple,Education,Education | Utilities,689ed3db507e92fe6f3de5fc,https://apps.apple.com/us/app/tips/id1069509450?uo=4
To Do List MinimaList & Widget,com.davetech.todo,ios,"Davetech Co., Ltd.",Productivity,Productivity | Utilities,689edbad507e92fe6f3df705,https://apps.apple.com/us/app/to-do-list-minimalist-widget/id993066159?uo=4
Toca Boca World,com.tocaboca.tocalifeworld,ios,Toca Boca AB,Education,Education | Entertainment,689ed04c507e92fe6f3dde30,https://apps.apple.com/us/app/toca-boca-world/id1208138685?uo=4
Toddler Games Baby Balloon Pop,com.idzdigital.popping.games.babies,ios,IDZ Digital Private Limited,Education,Education | Puzzle | Family | Games,689ed848507e92fe6f3defb3,https://apps.apple.com/us/app/toddler-games-baby-balloon-pop/id1448010566?uo=4
Toddler Learning Game-EduKitty,com.cubicfrogapps.edukittyfree,ios,Cubic Frog Apps,Games,Games | Family | Puzzle | Education,689ed10e507e92fe6f3ddfe6,https://apps.apple.com/us/app/toddler-learning-game-edukitty/id655192558?uo=4
ToDo List - Task manager list,com.sawadaru.todolist,ios,Komorebi Inc.,Productivity,Productivity | Utilities,689ed263507e92fe6f3de2ab,https://apps.apple.com/us/app/todo-list-task-manager-list/id1099664597?uo=4
Toilet Time: Crazy Poop Game,br.com.tapps.toilettime,ios,TPG TECNOLOGIA DA INFORMACAO LTDA,Games,Games | Family | Strategy | Entertainment,689ed3d9507e92fe6f3de5f1,https://apps.apple.com/us/app/toilet-time-crazy-poop-game/id736787261?uo=4
TokkingHeads AI Magic Avatars,com.rosebud.tokkingheads,ios,Rosebud AI,Photo & Video,Photo & Video | Entertainment,689ed3b7507e92fe6f3de59b,https://apps.apple.com/us/app/tokkingheads-ai-magic-avatars/id1536511845?uo=4
Toll & Gas Calculator TollGuru,com.tollguru.tollguruapp,ios,MapUp Inc.,Navigation,Navigation | Travel,689ed577507e92fe6f3de990,https://apps.apple.com/us/app/toll-gas-calculator-tollguru/id1188361104?uo=4
Tollsmart Toll Calculator,LeoTolls,ios,Tollsmart LLC,Navigation,Navigation | Travel,68a6217f58c742477c128331,https://apps.apple.com/us/app/tollsmart-toll-calculator/id909952082?uo=4
Tomorrow.io: Weather Forecast,co.climacell.climacell,ios,"The Tomorrow Companies, Inc",Weather,Weather | Lifestyle,689eda2b507e92fe6f3df3ee,https://apps.apple.com/us/app/tomorrow-io-weather-forecast/id1443325509?uo=4
Tone - Learn Perfect Pitch!,com.danielkuntz.perfectpitch,ios,Coda Labs Incorporated,Music,Music | Games | Music,689ed194507e92fe6f3de11c,https://apps.apple.com/us/app/tone-learn-perfect-pitch/id1139019670?uo=4
Tooth Fairy Horse: Pony Care,com.br.my.magic.horse.farm,ios,Lab Cave Gaming SL,Games,Games | Family | Adventure | Entertainment,689ed589507e92fe6f3de9bc,https://apps.apple.com/us/app/tooth-fairy-horse-pony-care/id1259742875?uo=4
Topeka Library,org.communico.tscpl,ios,TOPEKA SHAWNEE COUNTY PUBLIC LIBRARY,Book,Books | Education,689ed121507e92fe6f3de01c,https://apps.apple.com/us/app/topeka-library/id1496681484?uo=4
Topo Maps+,com.gacierpeakstudios.topomaps,ios,Glacier Peak Studios LLC,Navigation,Navigation | Travel,689edee8507e92fe6f3dfdcc,https://apps.apple.com/us/app/topo-maps/id672246353?uo=4
TopoRec - Map Viewer,com.toporec.mapviewer,ios,Enrico Hoffmann,Navigation,Navigation | Utilities,689ed2a0507e92fe6f3de324,https://apps.apple.com/us/app/toporec-map-viewer/id6499441232?uo=4
TorAlarm Live Scores,com.eisterhues-media.TorAlarm,ios,TorAlarm GmbH,Sports,Sports | News,68a6216258c742477c1282fc,https://apps.apple.com/us/app/toralarm-live-scores/id484990052?uo=4
Toronto Zoo,com.torontozoo.aio,ios,Board of Management of the Toronto Zoo,Entertainment,Entertainment | Travel,689ed1ae507e92fe6f3de15c,https://apps.apple.com/us/app/toronto-zoo/id6480134622?uo=4
TotalEnergies' Golden Rules,com.total.appstore.goldenrules,ios,TotalEnergies SE,Business,Business | Utilities,689ed04e507e92fe6f3dde40,https://apps.apple.com/us/app/totalenergies-golden-rules/id1209942379?uo=4
TOTEME,com.vennapps.Toteme,ios,Toteme AB,Shopping,Shopping | Lifestyle,689ed262507e92fe6f3de2a2,https://apps.apple.com/us/app/toteme/id1637464680?uo=4
Touch Surgery: Surgical Videos,co.uk.kinosis.tsurgery,ios,Digital Surgery Ltd,Medical,Medical | Education,689ede4c507e92fe6f3dfc61,https://apps.apple.com/us/app/touch-surgery-surgical-videos/id509740792?uo=4
Touchdown Glory: Sport Game 3D,com.rugby.rugbyswipe,ios,AI Games FZ,Games,Games | Sports | Casual,689ed1f2507e92fe6f3de1a9,https://apps.apple.com/us/app/touchdown-glory-sport-game-3d/id1508035005?uo=4
TouchTunes: Control Bar Music,com.touchtunes.mytouchtunesRD,ios,TouchTunes Interactive Network,Music,Music | Social Networking,689edd31507e92fe6f3dfa44,https://apps.apple.com/us/app/touchtunes-control-bar-music/id378351144?uo=4
Trabee Pocket - Travel Budget,mintwoobi.exnote-travel,ios,jhcho,Travel,Travel | Finance,68a6219f58c742477c128374,https://apps.apple.com/us/app/trabee-pocket-travel-budget/id673659438?uo=4
Tracing Projector,com.photility.tracingprojector,ios,Photility,Education,Education | Lifestyle,689edc88507e92fe6f3df8ce,https://apps.apple.com/us/app/tracing-projector/id1063062393?uo=4
Tracker For American Airlines,com.american-bsari,ios,fikret urgan,Travel,Travel | Navigation,68a6218f58c742477c12834d,https://apps.apple.com/us/app/tracker-for-american-airlines/id1107244812?uo=4
Tracker for Easyjet,com.easyjet-bsari,ios,fikret urgan,Travel,Travel | Navigation,68a621be58c742477c1283ac,https://apps.apple.com/us/app/tracker-for-easyjet/id1107527216?uo=4
Tracki GPS,com.trackimo.tracki.ios,ios,Tracki Inc,Navigation,Navigation,689ed250507e92fe6f3de276,https://apps.apple.com/us/app/tracki-gps/id1457181631?uo=4
Tradeinn,rodrigo.Tradeinn,ios,"Tradeinn Retail Services, S.L",Shopping,Shopping | Sports,689ed7a3507e92fe6f3dee58,https://apps.apple.com/us/app/tradeinn/id819275420?uo=4
Tradeline Stores,com.bit68.tradeline,ios,TRADELINE STORES,Shopping,Shopping,689ed657507e92fe6f3deb78,https://apps.apple.com/us/app/tradeline-stores/id1483055096?uo=4
TradingView: Track All Markets,com.tradingview.tradingviewapp,ios,TradingView,Finance,Finance | News,689ed94d507e92fe6f3df1ff,https://apps.apple.com/us/app/tradingview-track-all-markets/id1205990992?uo=4
Traeger,com.traeger.wifire,ios,Traeger Pellet Grills,Food & Drink,Food & Drink | Lifestyle,689ed7b2507e92fe6f3dee71,https://apps.apple.com/us/app/traeger/id1094569463?uo=4
Trailforks: Offline Bike Maps,com.pinkbike.trailforks,ios,Pinkbike.com,Navigation,Navigation | Health & Fitness,689ed050507e92fe6f3dde46,https://apps.apple.com/us/app/trailforks-offline-bike-maps/id987986743?uo=4
Transit Stop: CTA Tracker.,com.jasonkramer.ctastopfree,ios,"Kramer Concepts, LLC",Navigation,Navigation | Travel,689ed386507e92fe6f3de52f,https://apps.apple.com/us/app/transit-stop-cta-tracker/id414569920?uo=4
Translate,com.apple.Translate,ios,Apple,Utilities,Utilities,689e33b0ae2afa999d76bcd3,https://apps.apple.com/us/app/translate/id1514844618?uo=4
Translate King - Translator,com.translate.king,ios,植敏 白,Reference,Reference | Education,689ed839507e92fe6f3def95,https://apps.apple.com/us/app/translate-king-translator/id1448001032?uo=4
Translate Now - AI Translator,solutions.wzp.translator,ios,Air Apps Systems,Reference,Reference | Utilities,689ed476507e92fe6f3de73d,https://apps.apple.com/us/app/translate-now-ai-translator/id1348028646?uo=4
Translator Guru: Voice & Text,gen.universe.translator,ios,GM UniverseApps Limited,Productivity,Productivity | Business,689edb52507e92fe6f3df63a,https://apps.apple.com/us/app/translator-guru-voice-text/id1458104794?uo=4
Travel Altimeter & Elevation,com.patzerllc.travelaltimeterlite,ios,BranchenKing Ltd.,Navigation,Navigation | Travel,689ed1ed507e92fe6f3de189,https://apps.apple.com/us/app/travel-altimeter-elevation/id486556174?uo=4
Traversone Più - Card Games,it.spaghettiinteractive.traversonepiu,ios,Spaghetti Interactive,Games,Games | Casino | Card | Social Networking,689ed679507e92fe6f3debb0,https://apps.apple.com/us/app/traversone-pi%C3%B9-card-games/id1123585290?uo=4
TreatHF,org.acc.treathf,ios,American College of Cardiology,Medical,Medical,689edad1507e92fe6f3df553,https://apps.apple.com/us/app/treathf/id1321599852?uo=4
TrendTok Analytics & Tracker,com.forusapps.TikTrends,ios,"ForUsApps, LLC",Reference,Reference | Social Networking,689eda08507e92fe6f3df399,https://apps.apple.com/us/app/trendtok-analytics-tracker/id1550778062?uo=4
Tressette Più - Card Games,it.spaghettiinteractive.tressettepiu,ios,Spaghetti Interactive,Games,Games | Casino | Social Networking | Card,689ed8f4507e92fe6f3df142,https://apps.apple.com/us/app/tressette-pi%C3%B9-card-games/id1085489362?uo=4
Tri-Cities High School,com.sia.tricities,ios,"SchoolInfoApp, LLC",Education,Education | Reference,689ed2c6507e92fe6f3de38a,https://apps.apple.com/us/app/tri-cities-high-school/id1340927856?uo=4
Triller: Social Videos & Clips,com.triller.projectx,ios,Triller LLC,Photo & Video,Photo & Video | Music,689eda39507e92fe6f3df405,https://apps.apple.com/us/app/triller-social-videos-clips/id994905763?uo=4
"Trip.com: Book Flights, Hotels",com.ctrip.EBooking,ios,Trip.com Travel Singapore Pte. Ltd.,Travel,Travel | Lifestyle,689ed487507e92fe6f3de768,https://apps.apple.com/us/app/trip-com-book-flights-hotels/id681752345?uo=4
Tripadvisor: Plan & Book Trips,com.tripadvisor.LocalPicks,ios,Tripadvisor,Travel,Travel | Lifestyle,689ed655507e92fe6f3deb72,https://apps.apple.com/us/app/tripadvisor-plan-book-trips/id284876795?uo=4
TRIVIA 360: Quiz Game,com.smartowlapps.trivia-360,ios,OWL GAMES LTD,Games,Games | Puzzle | Trivia,68a6214158c742477c1282b9,https://apps.apple.com/us/app/trivia-360-quiz-game/id1131021462?uo=4
Trivia Planet!,com.ohmgames.geofinder,ios,Voodoo,Games,Games | Trivia | Casual,689ed1a5507e92fe6f3de142,https://apps.apple.com/us/app/trivia-planet/id1554825597?uo=4
Trivia Star: Trivia Games Quiz,com.trivia.star.ios,ios,Super Lucky Games LLC,Games,Games | Trivia | Education | Family,689ed53f507e92fe6f3de8fe,https://apps.apple.com/us/app/trivia-star-trivia-games-quiz/id1508418993?uo=4
Truck Navigation - Road Hunter,com.gmail.roadhunter,ios,Mikhail Dzarasov,Navigation,Navigation | Travel,689ed241507e92fe6f3de258,https://apps.apple.com/us/app/truck-navigation-road-hunter/id1069171213?uo=4
Trucker Path: Truck GPS & Map,com.Trucker-Path-Pro,ios,Trucker Path Inc.,Navigation,Navigation | Travel,68a621ad58c742477c128389,https://apps.apple.com/us/app/trucker-path-truck-gps-map/id782746890?uo=4
TruckMap - Truck GPS Routes,com.truckmap.truckmap,ios,Tenstreet,Navigation,Navigation | Travel,689ed567507e92fe6f3de96e,https://apps.apple.com/us/app/truckmap-truck-gps-routes/id1198422047?uo=4
Trulia Real Estate & Rentals,com.trulia.Trulia,ios,"Trulia, Inc",Lifestyle,Lifestyle | Finance,689ed4bf507e92fe6f3de7f6,https://apps.apple.com/us/app/trulia-real-estate-rentals/id288487321?uo=4
Trump Tracker: News & Politics,com.sunfuture.trumptracker,ios,SunFuture Inc.,News,News | Magazines & Newspapers,689ed27f507e92fe6f3de2d8,https://apps.apple.com/us/app/trump-tracker-news-politics/id1252432015?uo=4
Truth or Dare?,com.mobilith.TruthOrDare,ios,Appcano LLC,Entertainment,Entertainment | Social Networking,689edd12507e92fe6f3dfa0c,https://apps.apple.com/us/app/truth-or-dare/id1191681864?uo=4
Tu Tiempo - Wapa,com.wapa.Wapa-Tiempo,ios,WapaTV,Weather,Weather | News,68a6213258c742477c12829b,https://apps.apple.com/us/app/tu-tiempo-wapa/id1346121627?uo=4
Tube Map - London Underground,uk.co.mxdata.TubeMap,ios,Mapway Limited,Navigation,Navigation | Travel,689edfb0507e92fe6f3dff94,https://apps.apple.com/us/app/tube-map-london-underground/id320969612?uo=4
TuneIn Radio: Music & Sports,com.tunein.TuneInRadio,ios,TuneIn,Music,Music | Entertainment,689ed24f507e92fe6f3de270,https://apps.apple.com/us/app/tunein-radio-music-sports/id418987775?uo=4
Tuner Pro: Tuning Guitar Tune,com.mwm.guitartuner,ios,MWM,Music,Music | Utilities,689eda0b507e92fe6f3df3a5,https://apps.apple.com/us/app/tuner-pro-tuning-guitar-tune/id1438248122?uo=4
Turbo VPN Private Browser,com.allconnected.turbovpn,ios,INNOVATIVE CONNECTING PTE.LIMITED,Productivity,Productivity | Utilities,689ed280507e92fe6f3de2df,https://apps.apple.com/us/app/turbo-vpn-private-browser/id1365309175?uo=4
Turkey Hunting Calls!,com.ahmad.TurkeyHuntingCalls,ios,Izaz Hassan,Sports,Sports,689ed154507e92fe6f3de091,https://apps.apple.com/us/app/turkey-hunting-calls/id1103210488?uo=4
Turkish Airlines: Book Flights,com.turkishairlines.mobile,ios,Turkish Airlines,Travel,Travel | Lifestyle,689ed0f0507e92fe6f3ddfb1,https://apps.apple.com/us/app/turkish-airlines-book-flights/id1283414961?uo=4
TV Cast & Screen Mirroring App,co.msl.tvcast,ios,UNIVERSAL REMOTE LABS COMPANY LIMITED,Utilities,Utilities | Reference,689ed0ed507e92fe6f3ddf9b,https://apps.apple.com/us/app/tv-cast-screen-mirroring-app/id1470813786?uo=4
TV Guide & TV Schedule TV.de,de.tv.TV-Zeitung,ios,Couchfunk GmbH,News,News | Magazines & Newspapers,68a621a058c742477c128376,https://apps.apple.com/us/app/tv-guide-tv-schedule-tv-de/id1164108386?uo=4
TVA Lake Info,com.tva.lakeinfo,ios,Tennessee Valley Authority,Reference,Reference,689ed5fb507e92fe6f3deaab,https://apps.apple.com/us/app/tva-lake-info/id440331543?uo=4
Twitch: Live Streaming,tv.twitch,ios,"Twitch Interactive, Inc.",Photo & Video,Photo & Video | Social Networking,689ed317507e92fe6f3de440,https://apps.apple.com/us/app/twitch-live-streaming/id460177396?uo=4
TWRA On the Go,gov.tn.twra.onthego,ios,Go Outdoors Tennessee,Sports,Sports | Lifestyle,689ed4b9507e92fe6f3de7d7,https://apps.apple.com/us/app/twra-on-the-go/id757097014?uo=4
TypeLoop - Add Text to Photo,com.MikeHobizal.Loop,ios,Instasize Inc.,Photo & Video,Photo & Video | Graphics & Design,689ede6d507e92fe6f3dfca8,https://apps.apple.com/us/app/typeloop-add-text-to-photo/id1466721611?uo=4
Typing Speed Check,com.hagensmedia.typingspeed,ios,"Hagens Media, LLC.",Utilities,Utilities | Entertainment,689ed61c507e92fe6f3deaf7,https://apps.apple.com/us/app/typing-speed-check/id1490997344?uo=4
Uber - Request a ride,com.ubercab.UberClient,ios,"Uber Technologies, Inc.",Travel,Travel | Lifestyle,68bf68ba32c5d2de84e4659a,https://apps.apple.com/us/app/uber-request-a-ride/id368677368?uo=4
Uber Eats: Food & Groceries,com.ubercab.UberEats,ios,"Uber Technologies, Inc.",Food & Drink,Food & Drink | Lifestyle,689ed9f7507e92fe6f3df375,https://apps.apple.com/us/app/uber-eats-food-groceries/id1058959277?uo=4
UCLA Mindful,org.uclahealth.marc,ios,UCLA Health,Health & Fitness,Health & Fitness | Lifestyle,689edbde507e92fe6f3df766,https://apps.apple.com/us/app/ucla-mindful/id1459128935?uo=4
UDisc Disc Golf,com.regasoftware.udiscfree,ios,UDisc LLC,Sports,Sports | Entertainment,689edc1e507e92fe6f3df7f2,https://apps.apple.com/us/app/udisc-disc-golf/id1072228953?uo=4
UH Go,edu.uhmobile,ios,University of Houston,Education,Education,689ed94c507e92fe6f3df1fa,https://apps.apple.com/us/app/uh-go/id1350490089?uo=4
UkuTabs,ukutabs.app,ios,Jonas von der Crone,Music,Music | Education,689ed1bb507e92fe6f3de15e,https://apps.apple.com/us/app/ukutabs/id1629092815?uo=4
Ultimate Hold'em by Pokerist,com.iphonesoft3g.ultimpoker,ios,KamaGames,Games,Games | Casino | Card,689ed718507e92fe6f3ded0f,https://apps.apple.com/us/app/ultimate-holdem-by-pokerist/id6738390321?uo=4
Ultimate Pro Basketball GM,com.gmzturk.ubgm1,ios,Games2rk,Games,Games | Simulation | Sports | Sports,689ed72b507e92fe6f3ded43,https://apps.apple.com/us/app/ultimate-pro-basketball-gm/id1552760865?uo=4
UN Buddy First Aid,com.jellevanhaaster.UNBFAC,ios,United Nations,Medical,Medical | Reference,689ed3c8507e92fe6f3de5c7,https://apps.apple.com/us/app/un-buddy-first-aid/id1476827970?uo=4
Uncake,com.mythicowl.uncake,ios,MYTHICOWL SP Z O O,Games,Games | Casual | Lifestyle | Family,689ed273507e92fe6f3de2cc,https://apps.apple.com/us/app/uncake/id1455715205?uo=4
Under Armour,com.underarmour.shop,ios,"Under Armour, Inc.",Shopping,Shopping,689ed195507e92fe6f3de123,https://apps.apple.com/us/app/under-armour/id1092704571?uo=4
UNIQLO: Clothes Shopping,com.uniqlo.main.us,ios,"UNIQLO CO., LTD.",Shopping,Shopping,68bfc632db5dfb9dc70cda7a,https://apps.apple.com/us/app/uniqlo-clothes-shopping/id1284609872?uo=4
Unit Converter - Best Unit App,com.bluelight.unitspluslite,ios,Alan Mrvica,Productivity,Productivity | Utilities,689ed620507e92fe6f3deb0f,https://apps.apple.com/us/app/unit-converter-best-unit-app/id623691968?uo=4
UnitedMasters: Release Music,com.translationunited.unitedmasters,ios,UnitedMasters,Music,Music | Productivity,689edbef507e92fe6f3df78c,https://apps.apple.com/us/app/unitedmasters-release-music/id1442118788?uo=4
Universal Control & Codes,com.EcApps.UniversalCode,ios,Eyermin Colon Sanchez,Reference,Reference,689ed926507e92fe6f3df1ac,https://apps.apple.com/us/app/universal-control-codes/id1145020358?uo=4
Uno Calculator,uno.platform.calculator,ios,Uno Platform Inc.,Productivity,Productivity,689ed479507e92fe6f3de751,https://apps.apple.com/us/app/uno-calculator/id1464736591?uo=4
"Unzip - zip,rar,7z file opener",com.cuilingshi.fileextract,ios,书勇 贾,Productivity,Productivity | Utilities,689ed07f507e92fe6f3ddeb1,https://apps.apple.com/us/app/unzip-zip-rar-7z-file-opener/id1281374098?uo=4
UP Business,com.upay.best,ios,UPay Technology LTD.,Finance,Finance | Lifestyle,689ed0b0507e92fe6f3ddf22,https://apps.apple.com/us/app/up-business/id6476168274?uo=4
UptimeRobot: Monitor anything!,com.uptimerobot.iphoneapp,ios,itrinity,Utilities,Utilities | Developer Tools,689ed2e1507e92fe6f3de3b5,https://apps.apple.com/us/app/uptimerobot-monitor-anything/id1104878581?uo=4
Upwork,com.upwork.ios.apps.bolt,ios,Upwork Global Inc.,Business,Business | Productivity,68ad69ba907725693654cbc7,https://apps.apple.com/us/app/upwork/id1446736499?uo=4
US Citizenship Test 2025 Plus,com.creatorfactory.citizen.us.audio,ios,Creator Factory LLC,Education,Education | Utilities,689eda1b507e92fe6f3df3cb,https://apps.apple.com/us/app/us-citizenship-test-2025-plus/id1103037173?uo=4
"US Metro - Washington, NYC, LA",com.webcitric.ussubway,ios,AR Code Pte. Ltd.,Navigation,Navigation | Travel,689ed263507e92fe6f3de2a9,https://apps.apple.com/us/app/us-metro-washington-nyc-la/id642100673?uo=4
UserTesting,com.usertesting.george,ios,UserTesting,Finance,Finance | Business,689ed83c507e92fe6f3defa7,https://apps.apple.com/us/app/usertesting/id1485452102?uo=4
USPA SIM,com.uspa.sim,ios,United States Parachute Association,Sports,Sports | Education,689ed1d3507e92fe6f3de166,https://apps.apple.com/us/app/uspa-sim/id419235415?uo=4
Utah Hunting and Fishing,com.nicusa.utdwrmobile,ios,State of Utah Department of Technology Services,Sports,Sports | Lifestyle,689ed7e4507e92fe6f3deee4,https://apps.apple.com/us/app/utah-hunting-and-fishing/id917790424?uo=4
V Shred: Nutrition & Fitness,com.vshred.VShred,ios,V Shred LLC,Health & Fitness,Health & Fitness,689ed412507e92fe6f3de670,https://apps.apple.com/us/app/v-shred-nutrition-fitness/id1442111093?uo=4
V1 Restaurant and Takeaway,com.mobileappformyrestaurant.takeawayapp,ios,V1 Technologies Limited,Food & Drink,Food & Drink | Productivity,689edd95507e92fe6f3dfad0,https://apps.apple.com/us/app/v1-restaurant-and-takeaway/id1265598164?uo=4
V380,com.macrovideo.a380,ios,"Guangzhou Hongshi Information Technology Co., Ltd",Utilities,Utilities | Lifestyle,689ed303507e92fe6f3de407,https://apps.apple.com/us/app/v380/id989049956?uo=4
V380 Lite,com.macrovideo.v380lite,ios,"Guangzhou Hongshi Information Technology Co., Ltd",Utilities,Utilities,689ede9f507e92fe6f3dfd1a,https://apps.apple.com/us/app/v380-lite/id1576142206?uo=4
VanGolf,com.gallusgolf.c307.ios.vancouver,ios,Gallus Golf,Sports,Sports | Games,689ed3ff507e92fe6f3de644,https://apps.apple.com/us/app/vangolf/id688434843?uo=4
Variety,com.polarmobile.appstore.variety,ios,PMC,News,News | Magazines & Newspapers,689ed5c9507e92fe6f3dea3a,https://apps.apple.com/us/app/variety/id416179538?uo=4
Vegas Casino & Slots: Slottist,com.iphonesoft3g.slottist,ios,KamaGames,Games,Games | Casino,689ed566507e92fe6f3de968,https://apps.apple.com/us/app/vegas-casino-slots-slottist/id1449261139?uo=4
Verbum Catholic Bible Study,com.logos.verbum,ios,Faithlife Corporation,Reference,Reference | Books,689ed3ac507e92fe6f3de593,https://apps.apple.com/us/app/verbum-catholic-bible-study/id571019685?uo=4
VeSync,com.etekcity.vesyncPlatform,ios,Vesync Technology Corporation,Lifestyle,Lifestyle | Productivity,689eda3c507e92fe6f3df414,https://apps.apple.com/us/app/vesync/id1289575311?uo=4
VGZ,nl.vgz.zorg,ios,VGZ Zorgverzekeraar N.V,Medical,Medical | Finance,689ed6b5507e92fe6f3dec3b,https://apps.apple.com/us/app/vgz/id1112075089?uo=4
ViaTherapy,org.viatherapy.app,ios,Pivot Design Group Inc.,Medical,Medical | Health & Fitness,689edbbe507e92fe6f3df72b,https://apps.apple.com/us/app/viatherapy/id1108116302?uo=4
Viator Tours & Attractions,com.viator,ios,Viator,Travel,Travel | Lifestyle,689ed522507e92fe6f3de8d2,https://apps.apple.com/us/app/viator-tours-attractions/id434832826?uo=4
Vibrator - Massage & Breath,com.vibrate.vibratingapp,ios,HyperHype,Health & Fitness,Health & Fitness | Utilities,689ed48b507e92fe6f3de77b,https://apps.apple.com/us/app/vibrator-massage-breath/id1494686565?uo=4
Vibrator •,com.vietphaptravelvn.vibrator,ios,"VP TRAVEL ., JSC",Lifestyle,Lifestyle | Health & Fitness,689edfae507e92fe6f3dff8e,https://apps.apple.com/us/app/vibrator/id1524741239?uo=4
"VideoCopy: downloader, offline",com.softnoesis.videocopy,ios,Softnoesis,Music,Music | Photo & Video,689eddb8507e92fe6f3dfb1c,https://apps.apple.com/us/app/videocopy-downloader-offline/id1472976157?uo=4
Videoleap: AI Video Editor,com.lightricks.Enlight-Video,ios,Lightricks Ltd.,Photo & Video,Photo & Video | Graphics & Design,68a620f258c742477c12821f,https://apps.apple.com/us/app/videoleap-ai-video-editor/id1255135442?uo=4
VideoShow AI Video Editor,com.enjoy.VideoShow,ios,VIDEOSHOW PTE. LTD.,Photo & Video,Photo & Video | Utilities,689eda59507e92fe6f3df448,https://apps.apple.com/us/app/videoshow-ai-video-editor/id930380089?uo=4
Vilnius University translator,com.tilde.vutranslator,ios,Tilde.com,Reference,Reference,689ed231507e92fe6f3de235,https://apps.apple.com/us/app/vilnius-university-translator/id925258590?uo=4
Vio Period Tracker Cycle Diary,com.vio.femaletracker,ios,Kiril Zhyla,Health & Fitness,Health & Fitness | Medical,689eda49507e92fe6f3df426,https://apps.apple.com/us/app/vio-period-tracker-cycle-diary/id1484327267?uo=4
VIP Access for iPhone,com.verisign.mvip.iphone,ios,"Symantec Enterprise Division, Broadcom Inc.",Business,Business | Utilities,689ede39507e92fe6f3dfc2f,https://apps.apple.com/us/app/vip-access-for-iphone/id307658513?uo=4
Virtual Guide MM,at.whi.mauthausenaudioguide,ios,WH Digital Services GmbH,Education,Education | Reference,689ed2f2507e92fe6f3de3e2,https://apps.apple.com/us/app/virtual-guide-mm/id1131182870?uo=4
Visalia Times Delta,com.gannett.news.local.visaliatimesdelta,ios,Gannett,News,News | Magazines & Newspapers,689ed145507e92fe6f3de074,https://apps.apple.com/us/app/visalia-times-delta/id566363893?uo=4
Visit NC Farms,com.oakcityapps.agritourism,ios,Eric Majewicz,Travel,Travel | Lifestyle,689ed739507e92fe6f3ded5a,https://apps.apple.com/us/app/visit-nc-farms/id1266452248?uo=4
Visual Anatomy Lite,com.HSSN.VisAnatomyLite,ios,Education Mobile,Medical,Medical | Education,689ed448507e92fe6f3de6ea,https://apps.apple.com/us/app/visual-anatomy-lite/id523422151?uo=4
Vita Color Sort for Seniors,com.vitastudio.colorsort,ios,Vita Studio,Games,Games | Board | Puzzle,689edc8b507e92fe6f3df8e0,https://apps.apple.com/us/app/vita-color-sort-for-seniors/id6468921590?uo=4
Vita Crossword - Word Games,com.vitastudio.papercrossword,ios,Vita Studio,Games,Games | Casual | Word,689ee009507e92fe6f3e0008,https://apps.apple.com/us/app/vita-crossword-word-games/id6463851493?uo=4
Vita FreeCell for Seniors,com.vitastudio.freecell,ios,Vita Studio,Games,Games | Puzzle | Card,689ed86f507e92fe6f3df023,https://apps.apple.com/us/app/vita-freecell-for-seniors/id6450493164?uo=4
Vita Mahjong,com.vitastudio.mahjong,ios,Vita Studio,Games,Games | Card | Board | Entertainment,689ed101507e92fe6f3ddfd4,https://apps.apple.com/us/app/vita-mahjong/id6468921495?uo=4
Vita Math Puzzle for Seniors,com.vitastudio.mathpuzzle,ios,Vita Studio,Games,Games | Board | Puzzle,689ed7d5507e92fe6f3deec4,https://apps.apple.com/us/app/vita-math-puzzle-for-seniors/id6474990513?uo=4
Vita Solitaire for Seniors,com.vitastudio.solitaire,ios,Vita Studio,Games,Games | Card | Puzzle,689ed5a6507e92fe6f3de9e9,https://apps.apple.com/us/app/vita-solitaire-for-seniors/id6446669987?uo=4
Vita Spider for Seniors,com.vitastudio.spider,ios,Vita Studio,Games,Games | Card | Puzzle,689ed705507e92fe6f3dece1,https://apps.apple.com/us/app/vita-spider-for-seniors/id6449570140?uo=4
Vita Word Search for Seniors,com.vitastudio.wordsearch,ios,Vita Studio,Games,Games | Casual | Word,689ee029507e92fe6f3e004d,https://apps.apple.com/us/app/vita-word-search-for-seniors/id6451130237?uo=4
VITAS Healthcare,com.vitas.herg,ios,Vitas Healthcare Corporation,Medical,Medical | Health & Fitness,689eda4d507e92fe6f3df43e,https://apps.apple.com/us/app/vitas-healthcare/id587426132?uo=4
VitusVet Pet Medical Records,com.vitusvet.app,ios,VitusVet,Lifestyle,Lifestyle | Health & Fitness,689ed98e507e92fe6f3df289,https://apps.apple.com/us/app/vitusvet-pet-medical-records/id955252538?uo=4
Vivid Seats | Buy Tickets,com.vividseats.VividSeatsMobile,ios,Vivid Seats LLC,Entertainment,Entertainment | Sports,689ed123507e92fe6f3de026,https://apps.apple.com/us/app/vivid-seats-buy-tickets/id963355757?uo=4
Vivino: Drink The Right Wine,com.vivino,ios,Vivino ApS,Food & Drink,Food & Drink | Shopping,689ed05d507e92fe6f3dde5d,https://apps.apple.com/us/app/vivino-drink-the-right-wine/id414461255?uo=4
VIZ Manga,com.viz.iphone-manga,ios,"VIZ Media, LLC",Book,Books | Entertainment,68a621ae58c742477c12838b,https://apps.apple.com/us/app/viz-manga/id421486286?uo=4
Vocabulary - Learn words daily,com.MonkeyTaps.Vocabulary,ios,Monkey Taps,Education,Education | Reference,689edf9e507e92fe6f3dff69,https://apps.apple.com/us/app/vocabulary-learn-words-daily/id1084540807?uo=4
Vocabulary.com,com.vocabulary.app,ios,Curiosity Media,Education,Education | Reference,689ed24d507e92fe6f3de265,https://apps.apple.com/us/app/vocabulary-com/id815218412?uo=4
Voice Changer AI Song Maker,celebrityvoice.com,ios,Women Kegel,Entertainment,Entertainment | Utilities,689ed23f507e92fe6f3de24c,https://apps.apple.com/us/app/voice-changer-ai-song-maker/id6447188729?uo=4
Voice Changer for Calls＋,com.lylavie.VoiceChangerFreeFx,ios,"Lylavie, LLC",Entertainment,Entertainment | Music,689ed69c507e92fe6f3debf9,https://apps.apple.com/us/app/voice-changer-for-calls/id680063805?uo=4
Voice Memos,com.apple.VoiceMemos,ios,Apple,Utilities,Utilities,68aff690f40f3ef93b11c8a7,https://apps.apple.com/us/app/voice-memos/id1069512134?uo=4
Voice recorder - Voz,com.dh.audio.voicerecorder.VoiceRecorderV3,ios,Hieu Nguyen,Utilities,Utilities | Productivity,689ed704507e92fe6f3decdb,https://apps.apple.com/us/app/voice-recorder-voz/id1336782987?uo=4
Voice Translator: AI Translate,vt.free,ios,BPMobile,Reference,Reference | Productivity,689ed192507e92fe6f3de110,https://apps.apple.com/us/app/voice-translator-ai-translate/id1036725690?uo=4
VoiceNotes: Audio Recordings,com.thomas.call.recorder,ios,MobileTech OU,Business,Business | Utilities,689ed152507e92fe6f3de08a,https://apps.apple.com/us/app/voicenotes-audio-recordings/id1485257715?uo=4
VoiceThread,com.voicethread.app,ios,VoiceThread Inc.,Education,Education | Business,689eda6f507e92fe6f3df48d,https://apps.apple.com/us/app/voicethread/id465159110?uo=4
"VolcanoEbook-Novel,Story＆Read",com.weteent.volcanoebook,ios,Wang XiaoYi,Book,Books | Education,689ed7b1507e92fe6f3dee6b,https://apps.apple.com/us/app/volcanoebook-novel-story-read/id1440712535?uo=4
"Volcanoes: Map, Alerts & Ash",com.briteapps.volcanoes,ios,Slava Barouline,Weather,Weather | Education,689ed859507e92fe6f3defe0,https://apps.apple.com/us/app/volcanoes-map-alerts-ash/id713812885?uo=4
Voloco: Vocal Recording Studio,com.resonantcavity.Voloco,ios,"Resonant Cavity, LLC",Music,Music | Entertainment,689ed88d507e92fe6f3df05b,https://apps.apple.com/us/app/voloco-vocal-recording-studio/id1052970183?uo=4
Volume Boost – Sound Amplifier,com.pervushina.soundAmplifier,ios,Evgenia Pervushina,Medical,Medical | Health & Fitness,689ed5fb507e92fe6f3deaad,https://apps.apple.com/us/app/volume-boost-sound-amplifier/id1500458684?uo=4
Vont - Text on Videos,com.youthhr.Vont,ios,youthhr,Photo & Video,Photo & Video,689ed520507e92fe6f3de8ca,https://apps.apple.com/us/app/vont-text-on-videos/id857842841?uo=4
Voyent Alert!,com.icesoft.voyent.vras.ios,ios,ICEsoft Technologies Inc.,News,News,689ed06d507e92fe6f3dde7c,https://apps.apple.com/us/app/voyent-alert/id1301602902?uo=4
VPN - Fast VPN Potato,com.potatovpn,ios,FREE VPN POTATO PTE. LTD.,Utilities,Utilities | Productivity,689ed51f507e92fe6f3de8c2,https://apps.apple.com/us/app/vpn-fast-vpn-potato/id1473774730?uo=4
VPN - Fast VPN Proxy,mobi.mobilejump.vpn,ios,Mobile Jump Pte Ltd,Productivity,Productivity | Utilities,689edf07507e92fe6f3dfe09,https://apps.apple.com/us/app/vpn-fast-vpn-proxy/id1282216562?uo=4
VPN - Super Unlimited Proxy,mobi.mobilejump.freevpn,ios,Mobile Jump Pte Ltd,Productivity,Productivity | Utilities,689eda3b507e92fe6f3df410,https://apps.apple.com/us/app/vpn-super-unlimited-proxy/id1370293473?uo=4
VPN 360: Super Fast VPN Proxy,co.infinitysoft.vpn360,ios,Pango GmbH,Productivity,Productivity | Utilities,689ed77b507e92fe6f3dedee,https://apps.apple.com/us/app/vpn-360-super-fast-vpn-proxy/id1193154948?uo=4
VPN 7,com.thinktorise.vpn,ios,Mary srl,Productivity,Productivity | Utilities,689edd26507e92fe6f3dfa3d,https://apps.apple.com/us/app/vpn-7/id1486830704?uo=4
VSee Messenger,com.vsee.VSee.iPhone,ios,VSee,Medical,Medical | Health & Fitness,689ed828507e92fe6f3def6f,https://apps.apple.com/us/app/vsee-messenger/id722630830?uo=4
WAFB First Alert Weather,com.raycommedia.wafb.wsi,ios,"Gray Television Group, Inc.",Weather,Weather | News,689eda6c507e92fe6f3df47b,https://apps.apple.com/us/app/wafb-first-alert-weather/id413112585?uo=4
Waffle: Daily Word Game,game.waffle.waffle,ios,Wafflegame Limited,Games,Games | Puzzle | Word,689edfb0507e92fe6f3dff96,https://apps.apple.com/us/app/waffle-daily-word-game/id6443867972?uo=4
WAI Events,com.core-apps.followme.waic2017,ios,Women in Aviation Intl,Reference,Reference,68a6214258c742477c1282bf,https://apps.apple.com/us/app/wai-events/id1190618314?uo=4
WaiterOne Remote,waiteroneremote,ios,WaiterOne SL,Business,Business | Productivity,68a621ab58c742477c12837c,https://apps.apple.com/us/app/waiterone-remote/id547936989?uo=4
WAKA Weather,com.waka.ANN-Weather,ios,Alabama News Network,Weather,Weather | News,68a6219158c742477c12835a,https://apps.apple.com/us/app/waka-weather/id1289751249?uo=4
Wales Online,com.mirror.walesonline,ios,Trinity Mirror Digital Media Limited,News,News | Entertainment,689ed312507e92fe6f3de427,https://apps.apple.com/us/app/wales-online/id683284483?uo=4
Walking Tracker by GetFit,com.getfit.walking,ios,Appyfurious,Health & Fitness,Health & Fitness | Lifestyle,689ed804507e92fe6f3def21,https://apps.apple.com/us/app/walking-tracker-by-getfit/id1436607687?uo=4
"Wallcraft – Wallpapers, live",com.wallpaperscraft.wallpapers,ios,VOLKRAFT,Entertainment,Entertainment | Photo & Video,689eddf8507e92fe6f3dfb9e,https://apps.apple.com/us/app/wallcraft-wallpapers-live/id1348676585?uo=4
Wallpapers for Star Wars HD,com.minixlabs.wallpaper.sw,ios,馨敏 王,Reference,Reference,689ed6c1507e92fe6f3dec43,https://apps.apple.com/us/app/wallpapers-for-star-wars-hd/id1182800434?uo=4
Wallpapers HD for iPhone!,com.skollabs.wallpaper,ios,Skol Games LLC,Lifestyle,Lifestyle | Photo & Video,689ed315507e92fe6f3de434,https://apps.apple.com/us/app/wallpapers-hd-for-iphone/id593213843?uo=4
Walmart: Shopping & Savings,com.walmart.electronics,ios,Walmart,Shopping,Shopping | Lifestyle,689ed664507e92fe6f3deb87,https://apps.apple.com/us/app/walmart-shopping-savings/id338137227?uo=4
Wama Shop,com.splendapp.wamashop,ios,Splendapp,Shopping,Shopping | Lifestyle,689ed4aa507e92fe6f3de7b7,https://apps.apple.com/us/app/wama-shop/id6566191370?uo=4
Wanna Kicks: AR shoes try on,by.wanna.apps.wsneakersprod,ios,Wannaby Inc.,Shopping,Shopping | Lifestyle,689eda6b507e92fe6f3df477,https://apps.apple.com/us/app/wanna-kicks-ar-shoes-try-on/id1444049305?uo=4
Ward Round Companion,com.wardroundcompanion.com,ios,Westfield Black Ltd,Medical,Medical | Productivity,689ed7a0507e92fe6f3dee44,https://apps.apple.com/us/app/ward-round-companion/id1496867892?uo=4
Washington County Sheriff (AR),com.mobile10-8.wcso,ios,Washington County Sheriff's Office AR,News,News | Reference,68a6219f58c742477c128370,https://apps.apple.com/us/app/washington-county-sheriff-ar/id1413328097?uo=4
Washington Post,com.pointabout.washingtonpost,ios,The Washington Post,News,News | Magazines & Newspapers,689edf9f507e92fe6f3dff71,https://apps.apple.com/us/app/washington-post/id352509417?uo=4
Watch,com.apple.Bridge,ios,Apple,Utilities,Utilities,689ed61b507e92fe6f3deaef,https://apps.apple.com/us/app/watch/id1069511734?uo=4
Watch Pet: Widget & Watch Pets,com.kooapps.watchxpet,ios,Kooapps,Games,Games | Family | Lifestyle | Adventure,689ed459507e92fe6f3de70b,https://apps.apple.com/us/app/watch-pet-widget-watch-pets/id1548674329?uo=4
Watchmen Earth & Space Connect,app1.watchmenearthandspaceconnection.org,ios,Nicholas Langley,News,News | Reference,689ed586507e92fe6f3de9ac,https://apps.apple.com/us/app/watchmen-earth-space-connect/id1658213227?uo=4
Watchsmith,com.crossforward.projectgeneva,ios,"Cross Forward Consulting, LLC",Productivity,Productivity | Utilities,689ed06f507e92fe6f3dde89,https://apps.apple.com/us/app/watchsmith/id1483088503?uo=4
Watchtower Library 2024,com.ruben.watchtower,ios,Rubo Manukyan,Book,Books | Reference,689ed6b6507e92fe6f3dec3d,https://apps.apple.com/us/app/watchtower-library-2024/id1436849154?uo=4
WAVY Weather,com.wavy.WAVY-Weather,ios,LIN Television Corporation,Weather,Weather | News,68a6205658c742477c1280f1,https://apps.apple.com/us/app/wavy-weather/id935429132?uo=4
Wayfair – Shop All Things Home,com.wayfair.WayfairApp,ios,Wayfair LLC,Shopping,Shopping | Lifestyle,689ed0f0507e92fe6f3ddfad,https://apps.apple.com/us/app/wayfair-shop-all-things-home/id836767708?uo=4
WayWayNay,com.mysporttv.live.boycottMilitary,ios,Sai Ko,Lifestyle,Lifestyle,689ed50d507e92fe6f3de895,https://apps.apple.com/us/app/waywaynay/id1554987051?uo=4
WBBJ Weather,com.bahakel.wbbj.WBBJ-Weather,ios,Bahakel Communication Ltd,Weather,Weather | News,68a6217e58c742477c128328,https://apps.apple.com/us/app/wbbj-weather/id1530653761?uo=4
WBKO First Alert Weather,com.gray.wbko.WBKO-Weather,ios,"Gray Television Group, Inc.",Weather,Weather | News,68a6214258c742477c1282bd,https://apps.apple.com/us/app/wbko-first-alert-weather/id1358866154?uo=4
WCIA 3 Weather,com.newssynergy.wciaweather,ios,Nexstar Broadcasting,Weather,Weather | News,689ed584507e92fe6f3de9a0,https://apps.apple.com/us/app/wcia-3-weather/id890012218?uo=4
WDAF Fox 4 Kansas City Weather,com.wdtinc.WDAFWX,ios,Tribune Broadcasting Company,Weather,Weather | News,689ed6c6507e92fe6f3dec5d,https://apps.apple.com/us/app/wdaf-fox-4-kansas-city-weather/id368684456?uo=4
WDHN Wiregrass Weather,com.newssynergy.dothanfirstweather,ios,Nexstar Broadcasting,Weather,Weather | News,689ed08d507e92fe6f3ddecb,https://apps.apple.com/us/app/wdhn-wiregrass-weather/id885165754?uo=4
WDSU News - New Orleans,com.hearst.wdsuiphone,ios,Hearst Television,News,News | Weather,689ed04b507e92fe6f3dde27,https://apps.apple.com/us/app/wdsu-news-new-orleans/id506060763?uo=4
We together: love calculator,com.perpetuumlab.reltimer,ios,OLEG CHEBULAEV,Lifestyle,Lifestyle | Productivity,689ed780507e92fe6f3dee09,https://apps.apple.com/us/app/we-together-love-calculator/id1084972303?uo=4
"We Vote Ballot Guide,  @WeVote",org.wevote.cordova,ios,We Vote USA,Social Networking,Social Networking | Education,689ed891507e92fe6f3df06f,https://apps.apple.com/us/app/we-vote-ballot-guide-wevote/id1347335726?uo=4
We-Vibe App,com.standardinnovation.SICRemote,ios,We-Vibe,Health & Fitness,Health & Fitness | Lifestyle,689ed05f507e92fe6f3dde69,https://apps.apple.com/us/app/we-vibe-app/id890526071?uo=4
Weapon Prank Simulator,com.weapon.prank.shocktaser,ios,ANH TUAN PHAM,Games,Games | Casual | Simulation | Entertainment,689ed336507e92fe6f3de482,https://apps.apple.com/us/app/weapon-prank-simulator/id6475376314?uo=4
WEAR WX,com.wear.WEAR-WX,ios,"Sinclair Broadcast Group, Inc",Weather,Weather | News,68a6219058c742477c128352,https://apps.apple.com/us/app/wear-wx/id632650437?uo=4
Weather,com.apple.weather,ios,Apple,Weather,Weather,6892afbd90d4e7bc94698ea4,https://apps.apple.com/us/app/weather/id1069513131?uo=4
Weatherٞ,App.Dark.Weather,ios,嘉妮 赖,Weather,Weather,689ed5aa507e92fe6f3dea00,https://apps.apple.com/us/app/weather/id1478583777?uo=4
Weather #1 Interactive Widgets,mobi.byss.temperature,ios,byss mobile,Weather,Weather,689edd56507e92fe6f3dfa9d,https://apps.apple.com/us/app/weather-1-interactive-widgets/id500182129?uo=4
Weather Alert Map PUSH,com.elecont.EWeatherAlertMap,ios,Elecont LLC,Weather,Weather | News,689ed7c5507e92fe6f3deea3,https://apps.apple.com/us/app/weather-alert-map-push/id574802033?uo=4
Weather Authority,com.pnsdigital.weather.wplg,ios,"WPLG, Inc",Weather,Weather | News,689ed240507e92fe6f3de252,https://apps.apple.com/us/app/weather-authority/id706187032?uo=4
Weather Crave,com.lachainemeteo.appli,ios,METEO CONSULT,Weather,Weather,689ed9fa507e92fe6f3df37d,https://apps.apple.com/us/app/weather-crave/id324565014?uo=4
Weather Hi-Def Radar Forecast,com.geoterrestrial.noaaradar,ios,"Maple Media Apps, LLC",Weather,Weather | Travel,689ede29507e92fe6f3dfc0b,https://apps.apple.com/us/app/weather-hi-def-radar-forecast/id458225159?uo=4
Weather Kitty: Weather + Radar,creativeshark.weatherkitty,ios,Weather Creative Inc.,Weather,Weather | Lifestyle,689ee017507e92fe6f3e001f,https://apps.apple.com/us/app/weather-kitty-weather-radar/id617045654?uo=4
Weather Live° - Local Forecast,com.apalonapps.wlf,ios,Mosaic S.r.l.,Weather,Weather | Travel,689ed327507e92fe6f3de463,https://apps.apple.com/us/app/weather-live-local-forecast/id749083919?uo=4
Weather Mate - NOAA Radar Maps,net.WeatherMate.WeatherMateFREE,ios,DylogicApps Pvt Ltd,Weather,Weather | Utilities,689ed07d507e92fe6f3ddea2,https://apps.apple.com/us/app/weather-mate-noaa-radar-maps/id711410889?uo=4
Weather Radar - NOAA + Channel,com.itwcalculator.worldradarfree,ios,Impala Studios,Weather,Weather | Travel,689ed04d507e92fe6f3dde38,https://apps.apple.com/us/app/weather-radar-noaa-channel/id649264704?uo=4
Weather Radar - Weather Sky,com.lifeoverflow.app.Weather,ios,LifeOverflow Inc.,Weather,Weather | Health & Fitness,689edc77507e92fe6f3df8ab,https://apps.apple.com/us/app/weather-radar-weather-sky/id1462255869?uo=4
Weather Underground: Local Map,com.wunderground.weatherunderground,ios,"Weather Underground, LLC",Weather,Weather | Travel,689ed524507e92fe6f3de8da,https://apps.apple.com/us/app/weather-underground-local-map/id486154808?uo=4
WeatherBug – Weather Forecast,com.aws.weatherbug.pro,ios,WeatherBug,Weather,Weather | Lifestyle,689ede5d507e92fe6f3dfc83,https://apps.apple.com/us/app/weatherbug-weather-forecast/id281940292?uo=4
WeatherLink,com.davisinstruments.weatherlink,ios,Davis Instruments Corp.,Weather,Weather | Utilities,689ed4f1507e92fe6f3de86b,https://apps.apple.com/us/app/weatherlink/id1304504954?uo=4
Weatherology: Weather Together,com.weatherology.ios,ios,"Weatherology Mobile, LLC",Weather,Weather | Photo & Video,689ed561507e92fe6f3de94d,https://apps.apple.com/us/app/weatherology-weather-together/id557268375?uo=4
"WebComics - Webtoon, Manga",com.manga.webcomics,ios,WEBCOMICS HOLDINGS,Book,Books | Magazines & Newspapers,689eda0c507e92fe6f3df3ad,https://apps.apple.com/us/app/webcomics-webtoon-manga/id1337550955?uo=4
Webex,com.cisco.squared,ios,Cisco,Business,Business | Productivity,689ed8b4507e92fe6f3df0b7,https://apps.apple.com/us/app/webex/id833967564?uo=4
Webfic-Make Reading Fantastic,com.ywwebfic.webficnovel,ios,DIANZHONG TECHNOLOGY SINGAPORE PTE. LTD.,Book,Books,689ed84b507e92fe6f3defc8,https://apps.apple.com/us/app/webfic-make-reading-fantastic/id1517946671?uo=4
WebMD: Symptom Checker,com.webmd.mobile,ios,WebMD,Medical,Medical | Health & Fitness,689edf8b507e92fe6f3dff36,https://apps.apple.com/us/app/webmd-symptom-checker/id295076329?uo=4
WebNovel - Read Novels & Manga,com.webnovel.reader,ios,Cloudary Holdings Limited,Book,Books | Magazines & Newspapers,689ed09c507e92fe6f3ddee6,https://apps.apple.com/us/app/webnovel-read-novels-manga/id1234939196?uo=4
"WEBTOON: Manga, Comics, Manhwa",com.naver.linewebtoon,ios,NAVER WEBTOON Ltd.,Entertainment,Entertainment,689edb4e507e92fe6f3df626,https://apps.apple.com/us/app/webtoon-manga-comics-manhwa/id894546091?uo=4
Webull: Investing & Trading,com.webull.trade,ios,Webull Technologies Pte. Ltd.,Finance,Finance | Business,689edcbc507e92fe6f3df946,https://apps.apple.com/us/app/webull-investing-trading/id1179213067?uo=4
WECT 6 First Alert Weather,com.raycommedia.wect.wsi,ios,"Gray Television Group, Inc.",Weather,Weather | News,689ed523507e92fe6f3de8d8,https://apps.apple.com/us/app/wect-6-first-alert-weather/id413536573?uo=4
WEEK 25 First Alert Weather,com.week.25-First-Alert,ios,"Gray Television Group, Inc.",Weather,Weather | News,68a6207458c742477c12812d,https://apps.apple.com/us/app/week-25-first-alert-weather/id1186297062?uo=4
Weight Loss Bet by HealthyWage,com.healthywage.ios.HealthyWage,ios,HealthyWage,Health & Fitness,Health & Fitness,689edd74507e92fe6f3dfabe,https://apps.apple.com/us/app/weight-loss-bet-by-healthywage/id1001285466?uo=4
Well - Feel Better,hypnosis.app,ios,Luni,Health & Fitness,Health & Fitness | Medical,689edb67507e92fe6f3df66d,https://apps.apple.com/us/app/well-feel-better/id1495844237?uo=4
Western Philosophers,com.bradgayman.philosophers,ios,Brad Gayman,Education,Education | Reference,689ed532507e92fe6f3de8f1,https://apps.apple.com/us/app/western-philosophers/id962077332?uo=4
Western Union: Send Money,com.westernunion.mtapp,ios,"Western Union Holdings, Inc.",Finance,Finance | Productivity,689eda18507e92fe6f3df3b5,https://apps.apple.com/us/app/western-union-send-money/id424716908?uo=4
Weverse: Connect with Artists,co.benx.weverse,ios,WEVERSE COMPANY Inc.,Social Networking,Social Networking,689ed3c7507e92fe6f3de5bf,https://apps.apple.com/us/app/weverse-connect-with-artists/id1456559188?uo=4
WGT Golf,com.wgt.golf,ios,WGT,Games,Games | Simulation | Sports | Sports,689ed662507e92fe6f3deb80,https://apps.apple.com/us/app/wgt-golf/id672828590?uo=4
Whataburger,com.Whataburger.Production,ios,Whataburger,Food & Drink,Food & Drink | Lifestyle,689ede83507e92fe6f3dfced,https://apps.apple.com/us/app/whataburger/id1141643627?uo=4
WhatsApp Messenger,net.whatsapp.WhatsApp,ios,WhatsApp Inc.,Social Networking,Social Networking | Utilities,68b85cc89f481d640b649dbc,https://apps.apple.com/us/app/whatsapp-messenger/id310633997?uo=4
When I Work Staff Scheduling,com.thisclicks.wheniwork,ios,"When I Work, Inc.",Business,Business | Productivity,689edc0c507e92fe6f3df7c3,https://apps.apple.com/us/app/when-i-work-staff-scheduling/id383126470?uo=4
where2fly paragliding,ch.ionesoft.where2fly,ios,ionesoft GmbH,Navigation,Navigation | Sports,689ed4bd507e92fe6f3de7ed,https://apps.apple.com/us/app/where2fly-paragliding/id378914940?uo=4
WHExperience,com.whha.app,ios,White House Historical Association,Education,Education | Travel,689ed445507e92fe6f3de6d9,https://apps.apple.com/us/app/whexperience/id1356596797?uo=4
WHIO Weather,com.cmgdigital.whioweatheripad,ios,Cox Media Group,Weather,Weather | News,689ed284507e92fe6f3de2f4,https://apps.apple.com/us/app/whio-weather/id586377264?uo=4
White Noise Ambience Lite,com.logicworks.whitenoiselite,ios,logicworks,Health & Fitness,Health & Fitness | Utilities,689ed0de507e92fe6f3ddf81,https://apps.apple.com/us/app/white-noise-ambience-lite/id428075504?uo=4
White Noise Baby Lite,com.tmsoft.WhiteNoiseBabyFree,ios,TMSOFT,Lifestyle,Lifestyle | Health & Fitness,689edad6507e92fe6f3df563,https://apps.apple.com/us/app/white-noise-baby-lite/id947968120?uo=4
White Noise Lite,com.tmsoft.WhiteNoiseLite,ios,TMSOFT,Health & Fitness,Health & Fitness | Productivity,689ed94a507e92fe6f3df1f0,https://apps.apple.com/us/app/white-noise-lite/id292987597?uo=4
Whizzky Whisky Scanner,za.co.whiskylive.whiskyscan,ios,DEEP BLUE SOLUTIONS (PTY) LTD,Food & Drink,Food & Drink,689edc58507e92fe6f3df86f,https://apps.apple.com/us/app/whizzky-whisky-scanner/id1052587715?uo=4
Who is? Brain Teaser & Riddles,com.unicostudio.whois,ios,UNICO STUDIO,Games,Games | Trivia | Casual,689ed2e4507e92fe6f3de3c9,https://apps.apple.com/us/app/who-is-brain-teaser-riddles/id1531582123?uo=4
Whova - Event & Conference App,com.whova.event,ios,Whova Inc.,Business,Business | Social Networking,689ed318507e92fe6f3de446,https://apps.apple.com/us/app/whova-event-conference-app/id716979741?uo=4
Widget - Add to Home Screen,com.waydc.Widget,ios,WayDC,Productivity,Productivity | Utilities,689eded2507e92fe6f3dfd8a,https://apps.apple.com/us/app/widget-add-to-home-screen/id906958479?uo=4
WidgetCal-Calendar Widget,com.yunatechnology.WidgetCal,ios,YunaSoft Inc.,Productivity,Productivity | Utilities,689ed4d0507e92fe6f3de81c,https://apps.apple.com/us/app/widgetcal-calendar-widget/id919048459?uo=4
Widgetsmith,com.crossforward.WidgetSmith,ios,"Cross Forward Consulting, LLC",Productivity,Productivity | Utilities,689ed95c507e92fe6f3df219,https://apps.apple.com/us/app/widgetsmith/id1523682319?uo=4
Widgy Widgets: Home/Lock/Watch,com.woodsign.Widgy,ios,Woodsign,Graphics & Design,Graphics & Design | Utilities,689edb51507e92fe6f3df632,https://apps.apple.com/us/app/widgy-widgets-home-lock-watch/id1524540481?uo=4
WiFi QR Code Generator,com.mls.wifiqrmaker,ios,Grima Hdez,Utilities,Utilities | Developer Tools,689ed272507e92fe6f3de2c8,https://apps.apple.com/us/app/wifi-qr-code-generator/id1528594929?uo=4
WIFI QR Maker & Scanner,com.mls.wifiqr,ios,Grima Hdez,Utilities,Utilities | Developer Tools,689eda18507e92fe6f3df3b7,https://apps.apple.com/us/app/wifi-qr-maker-scanner/id1528500477?uo=4
Wifi Signal Strength Meter,com.tapp.wifi.meter,ios,Dat Viet Ltd.,Reference,Reference | Productivity,689edba6507e92fe6f3df6e8,https://apps.apple.com/us/app/wifi-signal-strength-meter/id1460122995?uo=4
WIFR Weather,com.wsi.WSIWeatherWIFR-Weather,ios,"Gray Television Group, Inc.",Weather,Weather | News,68a6213058c742477c12828d,https://apps.apple.com/us/app/wifr-weather/id386966014?uo=4
Wiki Search,com.AKsys.WikiSearch,ios,KAZUYUKI TAJIMA,Reference,Reference | Education,689edd24507e92fe6f3dfa35,https://apps.apple.com/us/app/wiki-search/id986812321?uo=4
Wikiloc - Trails of the World,com.wikiloc.wikiloc,ios,Wikiloc Outdoor SL,Navigation,Navigation | Sports,689ede29507e92fe6f3dfc09,https://apps.apple.com/us/app/wikiloc-trails-of-the-world/id432102730?uo=4
WikisMap,com.Aksys.WikiMaps,ios,KAZUYUKI TAJIMA,Navigation,Navigation | Travel,689edef6507e92fe6f3dfddf,https://apps.apple.com/us/app/wikismap/id1051245641?uo=4
Wiktionary Reader,com.AKsys.Wiktionary,ios,KAZUYUKI TAJIMA,Reference,Reference | Education,689ed8d4507e92fe6f3df0fe,https://apps.apple.com/us/app/wiktionary-reader/id984975341?uo=4
Wildjoy Map,com.wildjoy.map,ios,Wildjoy,Navigation,Navigation | Travel,689ed49d507e92fe6f3de7a7,https://apps.apple.com/us/app/wildjoy-map/id1525639411?uo=4
Windfinder: Wind & Weather map,net.windfinder.windfinderapp,ios,Windfinder,Weather,Weather | Sports,689eddb3507e92fe6f3dfafc,https://apps.apple.com/us/app/windfinder-wind-weather-map/id336829635?uo=4
"Windy.app — Wind, Tides, Radar",co.windyapp.Windy,ios,Windy Weather World Inc,Weather,Weather | Navigation,689ed3e9507e92fe6f3de60f,https://apps.apple.com/us/app/windy-app-wind-tides-radar/id997079492?uo=4
Wings for Life World Run,com.redbull.WingsForLifeWorldRun,ios,Red Bull,Health & Fitness,Health & Fitness | Sports,689ed79d507e92fe6f3dee35,https://apps.apple.com/us/app/wings-for-life-world-run/id956816207?uo=4
Winter & Christmas Free ( New Wallpaper & Backgrounds Themes ),com.younggam.NWWCLite,ios,Younggam Communication,Shopping,Shopping | Lifestyle,689ed718507e92fe6f3ded15,https://apps.apple.com/us/app/winter-christmas-free-new-wallpaper-backgrounds-themes/id1066408945?uo=4
Witchcraft & Wicca,com.goodbarber.wicca,ios,Thinkabout,Book,Books | Reference,689ed09e507e92fe6f3ddef5,https://apps.apple.com/us/app/witchcraft-wicca/id1072773871?uo=4
Withings,com.withings.wiScaleNG,ios,Withings,Health & Fitness,Health & Fitness | Medical,689ed5b5507e92fe6f3dea07,https://apps.apple.com/us/app/withings/id542701020?uo=4
WKRC WX,com.wkrc.WKRC-WX,ios,"Sinclair Broadcast Group, Inc",Weather,Weather | News,68a6219e58c742477c12836c,https://apps.apple.com/us/app/wkrc-wx/id675268363?uo=4
WKRG Weather,com.WKRG.wsi,ios,LIN Television Corporation,Weather,Weather | News,689ed4ca507e92fe6f3de7fa,https://apps.apple.com/us/app/wkrg-weather/id442770406?uo=4
WKTV - StormTracker 2 Weather,com.heartlandtv.wktv.WKTV-Weather,ios,"Heartland Media, LLC",Weather,Weather | News,68a6209558c742477c12816f,https://apps.apple.com/us/app/wktv-stormtracker-2-weather/id1214483688?uo=4
WKYT FirstAlert Weather,com.wsi.WSIWeatherWKYT-Radar,ios,"Gray Television Group, Inc.",Weather,Weather | News,68a620f358c742477c128221,https://apps.apple.com/us/app/wkyt-firstalert-weather/id380337429?uo=4
WLOX Weather,com.raycommedia.wlox.WLOXweather,ios,"Gray Television Group, Inc.",Weather,Weather | News,689ed4ff507e92fe6f3de881,https://apps.apple.com/us/app/wlox-weather/id471325171?uo=4
WLUK FOX 11,com.cbcnm.iapp.now.wlukipad,ios,"Sinclair Broadcast Group, Inc",News,News | Weather,689edb50507e92fe6f3df62c,https://apps.apple.com/us/app/wluk-fox-11/id488521733?uo=4
"WLWT News 5 - Cincinnati, Ohio",com.hearst.wlwtiphone,ios,Hearst Television,News,News | Weather,689edb64507e92fe6f3df661,https://apps.apple.com/us/app/wlwt-news-5-cincinnati-ohio/id505481301?uo=4
WMTV15 First Alert Weather,com.gray.wmtv.NBC15-Weather,ios,"Gray Television Group, Inc.",Weather,Weather | News,68a6215e58c742477c1282eb,https://apps.apple.com/us/app/wmtv15-first-alert-weather/id1362759451?uo=4
WNDU First Alert Weather,com.gray.wndu.Stormteam-16,ios,"Gray Television Group, Inc.",Weather,Weather | News,68a620e458c742477c128207,https://apps.apple.com/us/app/wndu-first-alert-weather/id1379109215?uo=4
WNEP The News Station,tegna.wnep.news,ios,Tegna Inc.,News,News | Weather,689eda59507e92fe6f3df446,https://apps.apple.com/us/app/wnep-the-news-station/id1491063102?uo=4
WOAI 4 Zone Weather,com.woai.WOAI-WX,ios,"Sinclair Broadcast Group, Inc",Weather,Weather | News,68a6206758c742477c12811c,https://apps.apple.com/us/app/woai-4-zone-weather/id1094817252?uo=4
WolframAlpha,com.wolframalpha.wolframalphaviewer,ios,Wolfram Group LLC,Education,Education | Reference,689edd93507e92fe6f3dfacc,https://apps.apple.com/us/app/wolframalpha/id548861535?uo=4
WonderBird Co.,ie.flipdish.fd27463,ios,WonderBird Co.,Food & Drink,Food & Drink | Lifestyle,689ed2af507e92fe6f3de346,https://apps.apple.com/us/app/wonderbird-co/id6474563552?uo=4
Wood Nuts & Bolts Puzzle,com.wood.nut.and.bolts.puzzle,ios,ABI GLOBAL LTD.,Games,Games | Casual | Puzzle,689ed398507e92fe6f3de55c,https://apps.apple.com/us/app/wood-nuts-bolts-puzzle/id6472426288?uo=4
Woody Cross: Word Connect Game,athena.studio.game.word.puzzle.woody.cross.anagram.scramble.connect.link.free.offline,ios,Athena Studio,Games,Games | Word | Board | Entertainment,689edef6507e92fe6f3dfde3,https://apps.apple.com/us/app/woody-cross-word-connect-game/id1517375267?uo=4
Woody Puzzle: Slide Out,com.wood.slide.block.puzzle,ios,Rofi Games,Games,Games | Puzzle | Board,689ed5dd507e92fe6f3dea76,https://apps.apple.com/us/app/woody-puzzle-slide-out/id6743438381?uo=4
Word Among Us Mass Edition,org.wau.universal,ios,The Word Among Us,Magazines & Newspapers,Magazines & Newspapers | Reference,689ed0ee507e92fe6f3ddf9f,https://apps.apple.com/us/app/word-among-us-mass-edition/id548665259?uo=4
Word Bliss - from PlaySimple,in.WordSearch.WordBliss,ios,PlaySimple Games Pte Ltd,Games,Games | Word | Puzzle | Entertainment,689edfac507e92fe6f3dff80,https://apps.apple.com/us/app/word-bliss-from-playsimple/id1465591510?uo=4
Word Blitz - Real Cash Money,com.wordblitz.crazyskillz,ios,Free Addicting Games,Games,Games | Trivia | Word,689ede0d507e92fe6f3dfbdc,https://apps.apple.com/us/app/word-blitz-real-cash-money/id1198470440?uo=4
Word Blitz ･,com.lotum.wordblitz,ios,LOTUM one GmbH,Games,Games | Board | Entertainment | Word,689ed188507e92fe6f3de10e,https://apps.apple.com/us/app/word-blitz/id1489340645?uo=4
Word Building Game: Word Maker,com.vgcentral.wordbuildinggame,ios,Vinat Gautam,Games,Games | Puzzle | Word,689ee025507e92fe6f3e0037,https://apps.apple.com/us/app/word-building-game-word-maker/id6444216003?uo=4
Word Connect - Words of Nature,com.appgeneration.wordconnect,ios,Appgeneration Software,Games,Games | Puzzle | Word,689ed7ae507e92fe6f3dee5c,https://apps.apple.com/us/app/word-connect-words-of-nature/id1548971672?uo=4
Word Cookies!®,com.bitmango.ap.wordcookies,ios,"BitMango, Inc.",Games,Games | Word | Entertainment | Board,689ed8e1507e92fe6f3df110,https://apps.apple.com/us/app/word-cookies/id1153883316?uo=4
Word Craze - Trivia crosswords,com.wordgame.newcross.ios.en,ios,Joy Vendor Limited,Games,Games | Word | Trivia,689ed86c507e92fe6f3df011,https://apps.apple.com/us/app/word-craze-trivia-crosswords/id1473573813?uo=4
Word Crush - Fun Puzzle Game,com.tangramgames.wordcrush.ios,ios,YEW TECHNOLOGY LIMITED,Games,Games | Word | Puzzle,689ed252507e92fe6f3de27e,https://apps.apple.com/us/app/word-crush-fun-puzzle-game/id1446728841?uo=4
Word Domination,se.maginteractive.worddomination,ios,MAG Interactive,Games,Games | Word | Board,689edf25507e92fe6f3dfe43,https://apps.apple.com/us/app/word-domination/id1237172656?uo=4
Word Forest: Word Games Puzzle,com.word.forest.ios,ios,Super Lucky Games LLC,Games,Games | Travel | Puzzle | Word,689ed0ef507e92fe6f3ddfa9,https://apps.apple.com/us/app/word-forest-word-games-puzzle/id1518863353?uo=4
Word Garden : Crosswords,com.iscoolentertainment.snc,ios,IsCool Entertainment,Games,Games | Word | Puzzle,689eddfd507e92fe6f3dfbb8,https://apps.apple.com/us/app/word-garden-crosswords/id1291854522?uo=4
Word Holiday: Crossword&Design,com.gillar.word.magicalletters,ios,Gillar Limited,Games,Games | Word | Puzzle | Entertainment,689edb76507e92fe6f3df68a,https://apps.apple.com/us/app/word-holiday-crossword-design/id1508275839?uo=4
Word of the Day・Vocabulary,com.wordwordapp.en,ios,Vocabulous US Inc.,Education,Education | Reference,689eddd7507e92fe6f3dfb5d,https://apps.apple.com/us/app/word-of-the-day-vocabulary/id987136347?uo=4
Word Search - Fun Word Puzzle,com.mobilegame.wordsearch,ios,Doodle Mobile Limited,Games,Games | Puzzle | Word | Entertainment,689ed924507e92fe6f3df1a8,https://apps.apple.com/us/app/word-search-fun-word-puzzle/id1533569824?uo=4
Word Search Quest Puzzles,com.blackout.word,ios,Blackout Lab SL,Games,Games | Word | Trivia,689edcae507e92fe6f3df92c,https://apps.apple.com/us/app/word-search-quest-puzzles/id1479305181?uo=4
Word Serenity: Fun Brain Game,com.histudiogames.wordserenity,ios,Hi Studio Limited,Games,Games | Trivia | Word,689ed090507e92fe6f3ddedb,https://apps.apple.com/us/app/word-serenity-fun-brain-game/id1487585438?uo=4
Word Stacks,com.peoplefun.wordstacks,ios,"PeopleFun, Inc.",Games,Games | Puzzle | Entertainment | Word,689ed8e5507e92fe6f3df122,https://apps.apple.com/us/app/word-stacks/id1413942319?uo=4
Word Swag - Cool Fonts,com.oringe.wordswag,ios,Oringe Inc.,Graphics & Design,Graphics & Design | Photo & Video,689ed165507e92fe6f3de0bd,https://apps.apple.com/us/app/word-swag-cool-fonts/id645746786?uo=4
Word Trip - Word Puzzles Games,com.littleengine.wordtreat,ios,PlaySimple Games Pte Ltd,Games,Games | Word | Entertainment | Puzzle,689edcab507e92fe6f3df922,https://apps.apple.com/us/app/word-trip-word-puzzles-games/id1214223596?uo=4
Wordalot – Picture Crossword,se.maginteractive.wordalot,ios,MAG Interactive,Games,Games | Puzzle | Word,689edc99507e92fe6f3df8f4,https://apps.apple.com/us/app/wordalot-picture-crossword/id1118406919?uo=4
WordBrain 2: Fun word search!,se.maginteractive.wordbrain2,ios,MAG Interactive,Games,Games | Puzzle | Word,689ed2d6507e92fe6f3de3af,https://apps.apple.com/us/app/wordbrain-2-fun-word-search/id1076615810?uo=4
WordBrain: classic word puzzle,com.tailworks.wordbrain,ios,MAG Interactive,Games,Games | Puzzle | Word,689edb06507e92fe6f3df5c3,https://apps.apple.com/us/app/wordbrain-classic-word-puzzle/id708600202?uo=4
WordDive: Learn a new language,com.worddive.wdmobile,ios,WordDive Oy,Education,Education,689ede72507e92fe6f3dfcc6,https://apps.apple.com/us/app/worddive-learn-a-new-language/id811129591?uo=4
WordFind by Brucomis,com.aurumlinux.sopiletras,ios,Endika Moreno,Games,Games | Puzzle | Entertainment | Word,689edf38507e92fe6f3dfe74,https://apps.apple.com/us/app/wordfind-by-brucomis/id6547833164?uo=4
WordPress – Website Builder,org.wordpress,ios,Automattic,Productivity,Productivity | Social Networking,689ed324507e92fe6f3de454,https://apps.apple.com/us/app/wordpress-website-builder/id335703880?uo=4
Words to Win: Real Money Games,com.wordgame.words.towin.cash.rewardify,ios,Rewardify Inc.,Games,Games | Casino | Word,689edcef507e92fe6f3df9b8,https://apps.apple.com/us/app/words-to-win-real-money-games/id1510024219?uo=4
Wordscapes,com.peoplefun.wordcross,ios,"PeopleFun, Inc.",Games,Games | Education | Word | Puzzle,689ed838507e92fe6f3def93,https://apps.apple.com/us/app/wordscapes/id1207472156?uo=4
Wordscapes Search,com.peoplefun.wordsearch,ios,"PeopleFun, Inc.",Games,Games | Word | Puzzle,689ed9c5507e92fe6f3df30e,https://apps.apple.com/us/app/wordscapes-search/id1420294918?uo=4
Wordzee! - Puzzle Word Game,se.maginteractive.wordzee,ios,MAG Interactive,Games,Games | Word | Casual,689ed3ea507e92fe6f3de615,https://apps.apple.com/us/app/wordzee-puzzle-word-game/id1482382774?uo=4
Working Copy - Git client,com.appliedphasor.working-copy,ios,Anders Borum,Developer Tools,Developer Tools | Productivity,68a6214f58c742477c1282ce,https://apps.apple.com/us/app/working-copy-git-client/id896694807?uo=4
Workout for Women: Fit at Home,com.abishkking.womenworkout,ios,Leap Health,Health & Fitness,Health & Fitness | Sports,689ed0de507e92fe6f3ddf7d,https://apps.apple.com/us/app/workout-for-women-fit-at-home/id1357527742?uo=4
Workout for Women: Home Fit,com.oneothergame.7min-fitness,ios,Fast Builder Limited,Health & Fitness,Health & Fitness | Lifestyle,68a620f258c742477c12821d,https://apps.apple.com/us/app/workout-for-women-home-fit/id839285684?uo=4
Workouts For Men: Gym & Home,com.betterme.bettermen,ios,BetterMe Trading Limited,Health & Fitness,Health & Fitness | Lifestyle,689ed92c507e92fe6f3df1bd,https://apps.apple.com/us/app/workouts-for-men-gym-home/id1424128078?uo=4
World Flights: See Live flight,com.asgaz.worldflights,ios,Fikret Urgan,Travel,Travel | Navigation,689ed21e507e92fe6f3de201,https://apps.apple.com/us/app/world-flights-see-live-flight/id1012102375?uo=4
World Football King,com.touchtao.soccerkingios,ios,MOBIRIX,Games,Games | Sports | Entertainment | Casual,689ed354507e92fe6f3de4bb,https://apps.apple.com/us/app/world-football-king/id1095262467?uo=4
World Heritage - UNESCO List,com.floriangerus.world-heritage,ios,Florian Gerus,Reference,Reference | Travel,68a6205458c742477c1280e9,https://apps.apple.com/us/app/world-heritage-unesco-list/id1056312221?uo=4
WoWo Comics - Local Reader,com.comics.wowomanga,ios,顺 冯,Book,Books | Utilities,689eddd5507e92fe6f3dfb53,https://apps.apple.com/us/app/wowo-comics-local-reader/id6446871528?uo=4
WRDW Weather,com.gray.wrdw.WRDW-Weather,ios,"Gray Television Group, Inc.",Weather,Weather | News,68a6219058c742477c128356,https://apps.apple.com/us/app/wrdw-weather/id1356247299?uo=4
WREG Memphis Weather,com.wdtinc.WREGXW,ios,Tribune Broadcasting Company,Weather,Weather | News,689edf28507e92fe6f3dfe51,https://apps.apple.com/us/app/wreg-memphis-weather/id379085746?uo=4
WSFA First Alert Weather,com.raycommedia.wsfa.wsi,ios,"Gray Television Group, Inc.",Weather,Weather | News,689eda8b507e92fe6f3df4bc,https://apps.apple.com/us/app/wsfa-first-alert-weather/id415720975?uo=4
WTNH News 8,com.cbcnm.iapp.now.wtnhipad,ios,LIN Television Corporation,News,News | Weather,689ed05c507e92fe6f3dde56,https://apps.apple.com/us/app/wtnh-news-8/id488522642?uo=4
WTOK Weather,com.gray.wtok.WTOK-Weather,ios,"Gray Television Group, Inc.",Weather,Weather | News,68a6207358c742477c128125,https://apps.apple.com/us/app/wtok-weather/id1360322135?uo=4
WTVM Storm Team Weather,com.raycommedia.wtvm.WTVMweather,ios,"Gray Television Group, Inc.",Weather,Weather | News,689ed8c4507e92fe6f3df0db,https://apps.apple.com/us/app/wtvm-storm-team-weather/id471335696?uo=4
WVLT Weather,com.gray.wvlt.WVLT-Weather,ios,"Gray Television Group, Inc.",Weather,Weather | News,68a621ac58c742477c128382,https://apps.apple.com/us/app/wvlt-weather/id1364073403?uo=4
WWAY TV3 StormTrack 3 Weather,com.wway.StormTrack3,ios,"WWAY-TV, LLC",Weather,Weather | News,689eda2a507e92fe6f3df3e8,https://apps.apple.com/us/app/wway-tv3-stormtrack-3-weather/id496233538?uo=4
WWBT First Alert Weather,com.raycommedia.wwbt.wsi,ios,"Gray Television Group, Inc.",Weather,Weather | News,689edb64507e92fe6f3df65f,https://apps.apple.com/us/app/wwbt-first-alert-weather/id418398949?uo=4
WWD: Women's Wear Daily,com.condenet.wwd,ios,PMC,Magazines & Newspapers,Magazines & Newspapers | Business,689ed2a1507e92fe6f3de32a,https://apps.apple.com/us/app/wwd-womens-wear-daily/id485772087?uo=4
WWMT Weather Alert Network,com.wwmt.WWMT-WX,ios,"Sinclair Broadcast Group, Inc",Weather,Weather | News,68a6207658c742477c128135,https://apps.apple.com/us/app/wwmt-weather-alert-network/id976652049?uo=4
Wyoming 511,info.wyoroad.mobile.ios,ios,Wyoming Department of Transportation,Navigation,Navigation | Weather,689ed113507e92fe6f3de007,https://apps.apple.com/us/app/wyoming-511/id1077881610?uo=4
Wyze - Make Your Home Smarter,com.hualai.WyzeCam,ios,Wyze Labs,Lifestyle,Lifestyle | Photo & Video,689ed456507e92fe6f3de6fa,https://apps.apple.com/us/app/wyze-make-your-home-smarter/id1288415553?uo=4
WZZM 13 Weather,com.wsi.com.wsi.WSIWeatherWZZM-13-WX,ios,Tegna Inc.,Weather,Weather | News,68a621ad58c742477c128387,https://apps.apple.com/us/app/wzzm-13-weather/id391785222?uo=4
X,com.atebits.Tweetie2,ios,X Corp.,News,News | Social Networking,689ed2c0507e92fe6f3de36b,https://apps.apple.com/us/app/x/id333903271?uo=4
X for Telegram Messenger,com.oliver.TelegramSticker,ios,BEST SOCIAL APPS DEVELOPMENT LTD,Social Networking,Social Networking | Utilities,689ed07a507e92fe6f3dde92,https://apps.apple.com/us/app/x-for-telegram-messenger/id1621317550?uo=4
X-VPN: VPN Free Connected ™,com.xvpn,ios,Free Connected Limited,Productivity,Productivity | Utilities,689ed3cd507e92fe6f3de5df,https://apps.apple.com/us/app/x-vpn-vpn-free-connected/id1250312807?uo=4
XB Deals,com.valeriichernov.XBDeals,ios,IRONPAW,News,News | Entertainment,689ed86f507e92fe6f3df01f,https://apps.apple.com/us/app/xb-deals/id1210752819?uo=4
"Xender: Transfer, Share Files",cn.shanchuan.shanchuan,ios,Xender Team,Utilities,Utilities | Productivity,689ed76e507e92fe6f3deddd,https://apps.apple.com/us/app/xender-transfer-share-files/id898129576?uo=4
Xfinity,com.xfinity.digitalhome,ios,Comcast,Utilities,Utilities | Productivity,689ed68e507e92fe6f3debe1,https://apps.apple.com/us/app/xfinity/id1178765645?uo=4
xTerm256 Terminal & SSH Client,pplan.top.iterminal,ios,李宏 朱,Developer Tools,Developer Tools | Utilities,689ed6af507e92fe6f3dec20,https://apps.apple.com/us/app/xterm256-terminal-ssh-client/id1544449135?uo=4
XXL Mag,com.tsm.xxl,ios,"Townsquare Media, LLC",Music,Music | Lifestyle,689ee03c507e92fe6f3e0080,https://apps.apple.com/us/app/xxl-mag/id1103913111?uo=4
Yandex Maps & Navigator,ru.yandex.traffic,ios,Direct Cursus Computer Systems Trading,Navigation,Navigation | Travel,689ed8e4507e92fe6f3df120,https://apps.apple.com/us/app/yandex-maps-navigator/id313877526?uo=4
Yandex Translate,ru.yandex.mobile.translate,ios,Direct Cursus Computer Systems Trading,Reference,Reference | Education,689ed4aa507e92fe6f3de7b5,https://apps.apple.com/us/app/yandex-translate/id584291439?uo=4
Yapp,us.yapp.YappBox,ios,"Yapp, Inc.",Business,Business | Social Networking,689ed10e507e92fe6f3ddfe8,https://apps.apple.com/us/app/yapp/id482926558?uo=4
Yard Mastery Lawn Care App,com.yardmastery.lawnjournal,ios,Yard Mastery,Lifestyle,Lifestyle | Productivity,689ed455507e92fe6f3de6f6,https://apps.apple.com/us/app/yard-mastery-lawn-care-app/id1502311686?uo=4
YAZIO: AI Calorie Tracker,com.yazio.ios.YAZIO,ios,YAZIO,Health & Fitness,Health & Fitness,689edbaa507e92fe6f3df6f9,https://apps.apple.com/us/app/yazio-ai-calorie-tracker/id946099227?uo=4
Yeastken Bakery Puzzle,jp.co.artsplanet.yeastkenmatch3,ios,ArtsPlanet,Games,Games | Casual | Entertainment | Puzzle,689edd32507e92fe6f3dfa46,https://apps.apple.com/us/app/yeastken-bakery-puzzle/id6448973298?uo=4
"Yelp: Food, Services & Reviews",com.yelp.yelpiphone,ios,Yelp,Food & Drink,Food & Drink | Travel,689ed198507e92fe6f3de132,https://apps.apple.com/us/app/yelp-food-services-reviews/id284910350?uo=4
Yes Calculator,cn.MichaelMa.iOS.YesCalculator,ios,Chengzhao Ma,Productivity,Productivity | Utilities,689ed100507e92fe6f3ddfd0,https://apps.apple.com/us/app/yes-calculator/id1489910389?uo=4
Yoga for Beginners | YogaFit,com.oneothergame.yoga.fitness.workouts.beginners,ios,Fast Builder Limited,Health & Fitness,Health & Fitness | Lifestyle,689edd46507e92fe6f3dfa80,https://apps.apple.com/us/app/yoga-for-beginners-yogafit/id1382141225?uo=4
Yoga Studio: Stretch on the Go,com.cluelesspenguin.YogaDatabase,ios,Fit For Life LLC,Health & Fitness,Health & Fitness | Lifestyle,689ed5a9507e92fe6f3de9fc,https://apps.apple.com/us/app/yoga-studio-stretch-on-the-go/id567767430?uo=4
Yokee Karaoke – Start Singing,tv.yokee.karaoke,ios,Yokee Music,Music,Music | Entertainment,689edf58507e92fe6f3dfebf,https://apps.apple.com/us/app/yokee-karaoke-start-singing/id547109049?uo=4
YouGov,com.yougov.mobile.online,ios,YouGov plc,Lifestyle,Lifestyle,689ed07e507e92fe6f3ddea8,https://apps.apple.com/us/app/yougov/id1154082222?uo=4
"YouNow: Go Live, Make Friends",com.younow.YouNowMobile,ios,"YouNow, Inc.",Social Networking,Social Networking | Photo & Video,689ed0c1507e92fe6f3ddf49,https://apps.apple.com/us/app/younow-go-live-make-friends/id471347413?uo=4
Yousician: Learn & Play Guitar,com.yousician.yousician,ios,Yousician Ltd,Education,Education | Music,689ed599507e92fe6f3de9db,https://apps.apple.com/us/app/yousician-learn-play-guitar/id959883039?uo=4
YouTube,com.google.ios.youtube,ios,Google,Photo & Video,Photo & Video | Entertainment,689da1c59d4bc78c5bfb2f72,https://apps.apple.com/us/app/youtube/id544007664?uo=4
YouTube Kids,com.google.ios.youtubekids,ios,Google,Entertainment,Entertainment | Education,689ed6e6507e92fe6f3deca6,https://apps.apple.com/us/app/youtube-kids/id936971630?uo=4
YouTube Music,com.google.ios.youtubemusic,ios,Google,Music,Music | Entertainment,68e4abe657e568c60f5b692b,https://apps.apple.com/us/app/youtube-music/id1017492454?uo=4
YouTube Studio,com.google.ios.ytcreator,ios,Google,Photo & Video,Photo & Video | Utilities,689ed161507e92fe6f3de0a5,https://apps.apple.com/us/app/youtube-studio/id888530356?uo=4
z - make friends for instagram,world.animet.Bae,ios,"Animet, Inc.",Social Networking,Social Networking | Lifestyle,689ed06d507e92fe6f3dde7e,https://apps.apple.com/us/app/z-make-friends-for-instagram/id1470702389?uo=4
ZAFUL - My Fashion Story,com.zaful.Zaful,ios,SOUTHSTAR(HONG KONG)LIMITED,Shopping,Shopping | Lifestyle,689ed0af507e92fe6f3ddf1c,https://apps.apple.com/us/app/zaful-my-fashion-story/id1078789949?uo=4
Zappos: Shop shoes & clothes,com.zappos.ipad,ios,"Zappos IP, Inc.",Shopping,Shopping | Lifestyle,689ed24f507e92fe6f3de26e,https://apps.apple.com/us/app/zappos-shop-shoes-clothes/id392988420?uo=4
ZARA,com.inditex.zara.iphone,ios,"Industria de Diseno Textil, S.A.",Shopping,Shopping | Lifestyle,689ed05a507e92fe6f3dde4c,https://apps.apple.com/us/app/zara/id547951480?uo=4
Zara Home,com.inditex.ecommerce.zarahome,ios,"Industria de Diseno Textil, S.A.",Shopping,Shopping | Lifestyle,689ed143507e92fe6f3de069,https://apps.apple.com/us/app/zara-home/id474175190?uo=4
Zehnder's Rewards,com.developer.zehnder,ios,Zehnders,Food & Drink,Food & Drink | Business,689ed364507e92fe6f3de4df,https://apps.apple.com/us/app/zehnders-rewards/id6743497729?uo=4
ZEISS Hunting,de.zeiss.spo.hunting,ios,Carl Zeiss AG,Sports,Sports | Utilities,689edce1507e92fe6f3df9a2,https://apps.apple.com/us/app/zeiss-hunting/id1160163704?uo=4
Zen Word® - Relax Puzzle Game,kidultlovin.word.zen,ios,Oakever Games,Games,Games | Word,689edb54507e92fe6f3df644,https://apps.apple.com/us/app/zen-word-relax-puzzle-game/id1660171117?uo=4
ZephAir,gov.state.public.apps.DOSAIR,ios,US Department of State,Weather,Weather,689edcfe507e92fe6f3df9d1,https://apps.apple.com/us/app/zephair/id1518837988?uo=4
Zepp,com.huami.watch,ios,Zepp Inc.,Health & Fitness,Health & Fitness | Sports,689edf6d507e92fe6f3dfeff,https://apps.apple.com/us/app/zepp/id1127269366?uo=4
Zero: Fasting & Health Tracker,com.courtneycircle.Radiant,ios,"Zero Longevity Science, Inc.",Health & Fitness,Health & Fitness | Lifestyle,689ed95f507e92fe6f3df229,https://apps.apple.com/us/app/zero-fasting-health-tracker/id1168348542?uo=4
Zestyplan Food & Meal Planner,com.zestyplan.zestyplan,ios,Zestyplan,Food & Drink,Food & Drink | Productivity,689ed103507e92fe6f3ddfe2,https://apps.apple.com/us/app/zestyplan-food-meal-planner/id6456224158?uo=4
Zillow Real Estate & Rentals,com.zillow.ZillowMap,ios,Zillow.com,Lifestyle,Lifestyle | Reference,689ed7a4507e92fe6f3dee5a,https://apps.apple.com/us/app/zillow-real-estate-rentals/id310738695?uo=4
Zillow Rentals,com.zillow.rentals,ios,Zillow.com,Lifestyle,Lifestyle | Productivity,689ed76f507e92fe6f3dede6,https://apps.apple.com/us/app/zillow-rentals/id538946076?uo=4
Zodi: Horoscope & Astrology,com.rassaman.horoscopes,ios,Adomin LTD,Lifestyle,Lifestyle,689ed425507e92fe6f3de69a,https://apps.apple.com/us/app/zodi-horoscope-astrology/id1434219392?uo=4
Zola - Wedding Planner,com.zola.zolaiphone,ios,"Zola, Inc.",Lifestyle,Lifestyle | Shopping,689ed424507e92fe6f3de695,https://apps.apple.com/us/app/zola-wedding-planner/id852691916?uo=4
Zoom Workplace,us.zoom.videomeetings,ios,"Zoom Communications, Inc.",Business,Business | Productivity,689ed182507e92fe6f3de0f0,https://apps.apple.com/us/app/zoom-workplace/id546505307?uo=4
Zoom Workplace for Intune,us.zoom.videomeetings4intune,ios,"Zoom Communications, Inc.",Business,Business | Productivity,689ed3fe507e92fe6f3de63a,https://apps.apple.com/us/app/zoom-workplace-for-intune/id1462818858?uo=4
Zoomerang - Ai Video Maker,com.yantech.zoomerang,ios,"Zoomerang, Inc.",Photo & Video,Photo & Video | Entertainment,689ed3dc507e92fe6f3de5ff,https://apps.apple.com/us/app/zoomerang-ai-video-maker/id1361030006?uo=4
ZUS - Save Car Expenses,us.nonda.Zus,ios,No NDA Inc,Utilities,Utilities | Navigation,689edaac507e92fe6f3df4fe,https://apps.apple.com/us/app/zus-save-car-expenses/id1038723291?uo=4
フリマアプリの売上管理-セラーブック,com.sellerbook.production,ios,Daisuke Yamashita,Shopping,Shopping | Finance,689ed99d507e92fe6f3df2a7,https://apps.apple.com/us/app/%E3%83%95%E3%83%AA%E3%83%9E%E3%82%A2%E3%83%97%E3%83%AA%E3%81%AE%E5%A3%B2%E4%B8%8A%E7%AE%A1%E7%90%86-%E3%82%BB%E3%83%A9%E3%83%BC%E3%83%96%E3%83%83%E3%82%AF/id1155107559?uo=4
行動郵局,tw.gov.post.mpost,ios,"Chunghwa Post Co., Ltd.",Finance,Finance | Business,689ed4ee507e92fe6f3de855,https://apps.apple.com/us/app/%E8%A1%8C%E5%8B%95%E9%83%B5%E5%B1%80/id1598092335?uo=4